LC,Grade,itemkey,Source,questionkey,correctanswervalue,mostcommonwronganswer,total_students,pct_A,pct_B,pct_C,pct_D,pct_E,pct_F,reportingquestiontypename,pct_G,Question Text,Image Summary,choice_A,DR A,choice_B,DR B,choice_C,DR C,choice_D,DR D,choice_E,DR E,choice_F,DR F,choice_G,DR G,Image Summary (if present),MostCommonDR,Learning_Component_Text
MATH-00003,2,i185678,Compass,q188716,A,C,125.0,87.2,5.6,7.2,,,,MULTICHOICE,,Which shape is a quadrilateral?,Three shapes are shown as answer choices. Choice A appears to be a quadrilateral (4-sided shape). Choice B appears to be a pentagon (5-sided shape). Choice C appears to be a hexagon (6-sided shape).,[Shape A - quadrilateral],Correct.,[Shape B - pentagon],"Student identified a pentagon as a quadrilateral, possibly because it looks like a square with a missing corner.",[Shape C - hexagon],"Student identified a hexagon as a quadrilateral, possibly because it looks like two rectangles combined.",,,,,,,,,,"Student identified a hexagon as a quadrilateral, possibly because it looks like two rectangles combined.",Identify quadrilaterals
MATH-00003,2,i112675,Interim_eedi,q100257,A,B,9289.0,69.253956292388,17.515340725589,13.52136936161,,,,MULTICHOICE,,Which shape is a quadrilateral?,"Three shapes shown: A) A concave arrow/chevron shape with 4 sides pointing downward (quadrilateral). B) A rectangle with one corner cut off diagonally, creating a pentagon (5 sides). C) An L-shaped figure made of two rectangles combined, creating a hexagon (6 sides).",[Concave chevron/arrow shape],Correct.,[Rectangle with cut corner - pentagon],"Student chose a pentagon, possibly because it looks like a square with a missing corner.",[L-shaped hexagon],"Student chose a hexagon, possibly because it looks like two rectangles combined.",,,,,,,,,,"Student chose a pentagon, possibly because it looks like a square with a missing corner.",Identify quadrilaterals
MATH-00005,2,i185677,Compass,q188715,A,B,248.0,87.09677419354838,8.46774193548387,4.435483870967742,,,,MULTICHOICE,,Which of these shapes has 6 sides?,,Hexagon,Correct.,Pentagon,Student confused the names or concepts of pentagons and hexagons.,Quadrilateral,Student confused a shape with 4 sides with a shape with 6 sides.,,,,,,,,,,Student confused the names or concepts of pentagons and hexagons.,Identify hexagons
MATH-00005,2,i112430,Interim_eedi,q100695,A,B,9347.0,81.502086230876,11.971755643521,6.740130523162,,,,MULTICHOICE,,Which of these shapes has 6 sides?,,Hexagon,Correct.,Pentagon,Student confused the names or concepts of pentagons and hexagons.,Quadrilateral,Student confused a shape with 4 sides with a shape with 6 sides.,,,,,,,,,,Student confused the names or concepts of pentagons and hexagons.,Identify hexagons
MATH-00008,2,i112284,Interim_eedi,q102785,C,A,12661.0,26.340731379827,16.657452018008,58.170760603427,,,,MULTICHOICE,,Jaylen started dividing a rectangle into squares that are all the same size. His rectangle is below. How many squares will there be when Jaylen finishes?,"A partially divided rectangle is shown. The top row is fully divided into 5 equal columns. The left column has 3 additional rows partially drawn, creating a 5-column by 4-row grid that is incomplete — only the top row and the left column's bottom 3 cells are outlined, suggesting a 5x4=20 total grid.",12,Student excluded the squares already drawn in their final count.,14,Student found the number of squares that would form the border of the rectangle; did not finish partitioning the rectangle.,20,Correct.,,,,,,,,,,Student excluded the squares already drawn in their final count.,Count to find the total number of same-size squares in a partitioned rectangle
MATH-00011,2,i185679,Compass,q188717,B,A,127.0,25.984251968503937,70.86614173228347,3.1496062992125986,,,,MULTICHOICE,,Which circle is cut into thirds?,Three circles are shown as answer choices. Choice A shows a circle divided into 3 unequal pieces. Choice B shows a circle divided into 3 equal pieces (thirds). Choice C shows a circle with three partitioning lines creating four unequal parts.,[Circle A - 3 unequal pieces],Student thought that a shape with 3 unequal pieces was partitioned into thirds.,[Circle B - 3 equal pieces],Correct.,"[Circle C - 3 lines, 4 unequal parts]",Student thought that a shape with three partitioning lines but four unequal parts could be described as thirds.,,,,,,,,,,Student thought that a shape with 3 unequal pieces was partitioned into thirds.,"Partition objects, including circles and rectangles, into three equal shares and describe the shares using ""thirds"""
MATH-00011,2,i111880,Interim_eedi,q100293,B,A,11163.0,26.444504165546,68.359759921168,5.392815551375,,,,MULTICHOICE,,Which circle is cut into thirds?,"Three circles shown: A) A circle divided by two horizontal lines into 3 unequal horizontal sections (the top and bottom sections are smaller than the middle). B) A circle divided into 3 equal sections by lines meeting at the center at approximately 120-degree angles (like a peace sign without the outer arc divisions). C) A circle divided by three vertical lines into 4 sections (three lines drawn, creating 4 parts, not 3).",[Circle with 2 horizontal lines - 3 unequal pieces],"Student chose a shape cut into 3 pieces, but not equal pieces.",[Circle with 3 equal sections from center],Correct.,[Circle with 3 vertical lines - 4 unequal pieces],"Student chose a shape cut into 4 unequal pieces; thought that thirds meant drawing three partitioning lines, rather than creating three parts, and didn't understand that each part should be equal.",,,,,,,,,,"Student chose a shape cut into 3 pieces, but not equal pieces.","Partition objects, including circles and rectangles, into three equal shares and describe the shares using ""thirds"""
MATH-00013,2,i185680,Compass,q188718,C,A,244.0,40.16393442622951,22.131147540983605,37.704918032786885,,,,MULTICHOICE,,Which amount describes 1 whole?,,1 half,Student focused on the number of parts rather than the size of the parts when identifying one whole; may have confused one part with one whole.,2 thirds,Student misunderstood how many equal parts make a whole and confused thirds with halves OR thought that two parts were enough to represent one whole regardless of the size of the part.,4 fourths,Correct.,,,,,,,,,,Student focused on the number of parts rather than the size of the parts when identifying one whole; may have confused one part with one whole.,"Describe a whole based on its number of parts, including two halves, three thirds, and four fourths"
MATH-00013,2,i112258,Interim_eedi,q100294,C,A,11459.0,41.49576751898,13.901736626232,44.838118509468,,,,MULTICHOICE,,Which amount describes 1 whole?,,1 half,"Student chose an answer with 1, not realizing this was 1 piece out of 2.",2 thirds,Student possibly thought thirds were 2 equal pieces; confused halves and thirds.,4 fourths,Correct.,,,,,,,,,,"Student chose an answer with 1, not realizing this was 1 piece out of 2.","Describe a whole based on its number of parts, including two halves, three thirds, and four fourths"
MATH-00015,2,i184953,Compass,q187725,C,B,235.0,16.595744680851062,36.170212765957444,47.234042553191486,,,,MULTICHOICE,,Which unit would be the best unit for measuring the length of a book?,,yards,"Student chose a unit that is too large for the object's length, perhaps thought it was a smaller unit of measurement.",meters,"Student chose a unit that is too large for the object's length, perhaps thought it was a similar unit with a smaller scale.",centimeters,Correct.,,,,,,,,,,"Student chose a unit that is too large for the object's length, perhaps thought it was a similar unit with a smaller scale.","Select an appropriate tool to measure the length, in standard units, of an object"
MATH-00015,2,i129696,Interim_eedi,q125245,C,B,7982.0,11.237785016286,25.31946880481,63.555499874718,,,,MULTICHOICE,,Which unit would be the best unit for measuring the length of a book?,,yards,Student chose a unit that is too large; possibly confused yards with inches.,meters,Student chose a unit that is too large; possibly confused meters with centimeters.,centimeters,Correct.,,,,,,,,,,Student chose a unit that is too large; possibly confused meters with centimeters.,"Select an appropriate tool to measure the length, in standard units, of an object"
MATH-00015,2,i129698,Interim_eedi,q125249,B,A,13710.0,25.433989788475,53.705324580598,21.283734500364,,,,MULTICHOICE,,Which object would be best measured in meters?,,key,Student chose the smallest object; possibly confused meters with centimeters.,boat,Correct.,shoe,Student chose an object smaller than a meter; possibly confused meters with centimeters.,,,,,,,,,,Student chose the smallest object; possibly confused meters with centimeters.,"Select an appropriate tool to measure the length, in standard units, of an object"
MATH-00016,2,i184954,Compass,q187726,A,C,226.0,17.699115044247787,11.061946902654867,71.23893805309734,,,,MULTICHOICE,,"Sam is measuring a toy house. What is the length of the toy house, in centimeters?","Image shows a toy house being measured with a ruler. The toy house is aligned to the ruler, with its left edge at 4 cm and its right edge at 24 cm, giving a total measured length of 20 cm.",20,Correct.,21,Student counted the number of marked intervals instead of measuring the total length based on unit divisions.,24,Student chose the number on the ruler aligned to the end of the object being measured and did not account for the measurement not starting at zero.,,,,,,,,,,Student chose the number on the ruler aligned to the end of the object being measured and did not account for the measurement not starting at zero.,"Use an appropriate tool to measure the length, in standard units, of an object"
MATH-00016,2,i162717,Interim_eedi,q169182,A,C,15265.0,27.088110055682,14.660989190959,58.526039960694,,,,MULTICHOICE,,"Sam is measuring a toy house. What is the length of the toy house, in centimeters?","A detailed illustration of a two-story toy dollhouse is shown positioned above a centimeter ruler (0–30 cm). The left edge of the toy house aligns with the 4 cm mark, and the right edge aligns with the 24 cm mark, indicating a length of 20 cm.",20,Correct.,21,"Student counted the number of whole number hash marks, rather than the number of centimeters, along the part of the ruler the toy house covers.",24,Student chose the number aligned to the end of the toy house; did not subtract to account for the measurement not starting at zero.,,,,,,,,,,Student chose the number aligned to the end of the toy house; did not subtract to account for the measurement not starting at zero.,"Use an appropriate tool to measure the length, in standard units, of an object"
MATH-00017,2,i184955,Compass,q187727,C,B,123.0,25.203252032520325,42.27642276422764,32.520325203252035,,,,MULTICHOICE,,"Donna measures the length of a straw using centimeters and inches. Based on her measurements, which statement is true?","Image shows a straw being measured twice: once with a centimeter ruler and once with an inch ruler, illustrating that the straw measures more centimeters than inches because centimeters are a smaller unit.",It takes fewer centimeters to measure the length of the straw because centimeters are smaller than inches.,Student correctly identified that the unit is smaller but mistakenly thought that a smaller unit would result in a smaller measurement instead of requiring more units.,It takes more centimeters to measure the length of the straw because centimeters are larger than inches.,Student correctly identified that more of one unit is needed but mistakenly thought that the unit was larger rather than smaller.,It takes more centimeters to measure the length of the straw because centimeters are smaller than inches.,Correct.,,,,,,,,,,Student correctly identified that more of one unit is needed but mistakenly thought that the unit was larger rather than smaller.,Describe how two measurements for the same object relate to the size of the units chosen
MATH-00017,2,i185612,Compass,q188638,A,C,113.0,43.36283185840708,27.43362831858407,29.20353982300885,,,,MULTICHOICE,,Maizie measures the length of the same piece of string using pencils and paperclips. Which statement is true?,An image shows a piece of string being measured. Two measuring tools are depicted: pencils (larger units) and paperclips (smaller units) laid end-to-end along the string to measure its length.,It takes fewer pencils to measure the piece of string because the pencils are larger than the paperclips.,Correct.,It takes more pencils to measure the piece of string because the pencils are larger than the paperclips.,"Student correctly identified the smaller of the two given units, but confused the connection between size and number of units needed.",It takes the same number of pencils and paperclips to measure the piece of string because she is measuring the same object.,Student did not understand how the size of the measuring unit impacts the number of units needed to make the measurement.,,,,,,,,,,Student did not understand how the size of the measuring unit impacts the number of units needed to make the measurement.,Describe how two measurements for the same object relate to the size of the units chosen
MATH-00017,2,i110238,Interim_eedi,q110230,C,A,7441.0,30.38570084666,25.991130224432,43.824754737266,,,,MULTICHOICE,,"Donna measures the length of a straw using centimeters and inches. Based on her measurements, which statement is true?","Two rulers are shown stacked vertically, both measuring the same straw. The top ruler shows inches (0–3), and the straw spans approximately 3 inches. The bottom ruler shows centimeters (0–8), and the same straw spans approximately 8 centimeters. The straw object (an oval/ellipse shape) is shown between the two rulers.",It takes fewer centimeters to measure the length of the straw because centimeters are smaller than inches.,"Student correctly identified centimeters as smaller units than inches, but confused the connection between size and number of units needed.",It takes more centimeters to measure the length of the straw because centimeters are larger than inches.,"Student correctly identified that it would take more centimeters than inches to measure the straw, but confused the relative sizes of inches and centimeters.",It takes more centimeters to measure the length of the straw because centimeters are smaller than inches.,Correct.,,,,,,,,,,"Student correctly identified centimeters as smaller units than inches, but confused the connection between size and number of units needed.",Describe how two measurements for the same object relate to the size of the units chosen
MATH-00018,2,i113079,Interim_eedi,q103246,A,B,4300.0,48.023255813953,26.720930232558,25.441860465116,,,,MULTICHOICE,,Marcelo measured a piece of string two times using different units. One measurement was 1 unit long and the other measurement was 3 units long. Which could have been Marcelo's measurements?,,1 yard; 3 feet,Correct.,1 foot; 3 yards,Student reversed the relative sizes of yards and feet.,1 inch; 3 yards,"Student thought yards were smaller than inches, and therefore thought the measurement in yards would be greater.",,,,,,,,,,Student reversed the relative sizes of yards and feet.,"Measure the length of an object twice, using different length units for the two measurements"
MATH-00018,2,i155098,Interim_eedi,q161757,C,B,182.0,7.692307692307,14.835164835164,77.472527472527,,,,MULTICHOICE,,Kandace uses small paperclips and large paperclips to measure the length of a toy train. Which is true about the length of the toy train?,A toy train (subway/metro style) is shown in the center. Above the train is a row of 6 large paperclips laid end-to-end spanning the train's length. Below the train is a row of 3 small paperclips laid end-to-end spanning the same length. The image demonstrates that 6 small paperclips equal 3 large paperclips in measuring the same object.,The length of the toy train is 9 paperclips.,Student added the number of small paperclips and large paperclips used to measure the toy train.,The length of the toy train is 3 small paperclips or 6 large paperclips.,"Student used the paperclips to measure correctly, but swapped the lengths as measured by the two different paper clips.",The length of the toy train is 6 small paperclips or 3 large paperclips.,Correct.,,,,,,,,,,"Student used the paperclips to measure correctly, but swapped the lengths as measured by the two different paper clips.","Measure the length of an object twice, using different length units for the two measurements"
MATH-00018,2,i175686,Interim_eedi,q178153,A,B,3051.0,50.049164208456,25.434283841363,24.582104228121,,,,MULTICHOICE,,Marcelo has joined a knitting club. He measured a piece of yarn two times using different units. One measurement was 1 unit long and the other measurement was 3 units long. Which could have been Marcelo's measurements?,"An illustration shows three people sitting in chairs in a circle, all engaged in knitting. Balls of yarn are on the floor near each person's feet.",1 yard; 3 feet,Correct.,1 foot; 3 yards,Student reversed the relative sizes of yards and feet.,1 inch; 3 yards,"Student thought yards were smaller than inches, and therefore thought the measurement in yards would be greater.",,,,,,,,,,Student reversed the relative sizes of yards and feet.,"Measure the length of an object twice, using different length units for the two measurements"
MATH-00020,2,i184959,Compass,q187732,A,B,235.0,31.48936170212766,60.851063829787236,7.659574468085107,,,,MULTICHOICE,,Use the ruler in the picture to answer the question below. How many centimeters longer is the paintbrush than the tube of paint?,"Image shows a ruler with a paintbrush and a tube of paint placed beneath it. The paintbrush measures 16 cm and the tube of paint measures 9 cm, for a difference of 7 cm.",7,Correct.,16,Student identified the length of one object but did not compare it to the other measurement.,25,Student added the lengths of the two objects instead of subtracting.,,,,,,,,,,Student identified the length of one object but did not compare it to the other measurement.,Measure to determine how much longer one object is than another
MATH-00020,2,i112047,Interim_eedi,q102220,A,C,4345.0,62.23245109321,13.509781357882,24.533947065592,,,,MULTICHOICE,,Use the picture to answer the question below. How many inches taller is the taller plant than the shorter plant?,"A vertical ruler (labeled ""Inches"") from 0 to 8 is shown on the left. Two sunflower plants are placed next to it. A shorter plant reaches up to the 4-inch mark (dashed line), and a taller plant reaches up to the 7-inch mark (dashed line). The difference between the two heights is 3 inches.",3,Correct.,4,"Student used the ruler to count the distance between the heights of the two plants, but included the 4 when counting up OR student measured the height of the shorter plant, but did not compare the measurement to the height of the taller plant.",7,"Student measured the height of the taller plant, but did not compare the measurement to the height of the shorter plant.",,,,,,,,,,"Student measured the height of the taller plant, but did not compare the measurement to the height of the shorter plant.",Measure to determine how much longer one object is than another
MATH-00020,2,i130921,Interim_eedi,q126761,A,B,15553.0,44.673053430206,46.048993763261,9.573715681862,,,,MULTICHOICE,,Use the ruler in the picture to answer the question below. How many centimeters longer is the paintbrush than the tube of paint?,"A horizontal centimeter ruler (1–18 cm) is shown. Above the ruler is a rectangular tube of paint labeled ""paint"" that spans from 1 cm to approximately 9 cm (length ~9 cm). Below/overlapping is a long paintbrush that spans from 1 cm to approximately 16 cm (length ~16 cm). The paintbrush is 7 cm longer than the paint tube.",7,Correct.,16,Student found the length of the paintbrush without comparing the two measurements.,25,Student added the lengths of the two objects.,,,,,,,,,,Student found the length of the paintbrush without comparing the two measurements.,Measure to determine how much longer one object is than another
MATH-00022,2,i138103,Interim_eedi,q142517,A,B,4576.0,63.789335664335,29.676573426573,6.687062937062,,,,MULTICHOICE,,"Katelyn has blue and yellow string. She has 20 inches of blue string. She has 55 inches of string in all. Which number sentence can Katelyn solve to find ♦, the number of inches of yellow string she has?",,20 + ♦ = 55,Correct.,20 + 55 = ♦,Student chose a number sentence that added the two values.,55 + ♦ = 20,Student chose a number sentence that switched the sum with an addend.,,,,,,,,,,Student chose a number sentence that added the two values.,"Use equations, with a symbol for the unknown number, to represent addition within 100 in word problems involving length"
MATH-00022,2,i171392,Interim_eedi,q175542,A,B,3045.0,60.853858784893,31.395730706075,7.816091954022,,,,MULTICHOICE,,"Angel is the owner of a craft store. Angel sold a customer some blue and yellow string that will be used on a sign for an anti-war protest. 20 inches of the string sold was blue. 55 inches of string in all was sold. Which number sentence can Angel solve to find ♦, the number of inches of yellow string that was sold?","An illustration of a craft store interior: a store clerk stands behind a counter, a customer stands on the other side. Behind the clerk are shelves with various craft supplies. Near the customer is a sign leaning against the counter that reads ""END WAR"" (shown in reverse/mirror image). The store name ""CRAFTS"" is visible in the background (also reversed).",20 + ♦ = 55,Correct.,20 + 55 = ♦,Student chose a number sentence that added the two values.,55 + ♦ = 20,Student chose a number sentence that switched the sum with an addend.,,,,,,,,,,Student chose a number sentence that added the two values.,"Use equations, with a symbol for the unknown number, to represent addition within 100 in word problems involving length"
MATH-00026,2,i110184,Interim_eedi,q110215,A,C,12616.0,42.319277108433,22.693405199746,35.779961953075,,,,MULTICHOICE,,"In Janet's front yard, the pine tree is 24 meters tall and the maple tree is 33 meters tall. How many meters taller is the maple tree than the pine tree?",,9,Correct.,11,Student miscalculated the difference between 33 and 24; subtracted 3 from 4 in the ones place instead of regrouping.,57,Student misinterpreted the context as one requiring addition rather than subtraction.,,,,,,,,,,Student misinterpreted the context as one requiring addition rather than subtraction.,Use subtraction within 100 to solve word problems involving lengths that are given in the same units
MATH-00028,2,i138650,Interim_eedi,q143448,C,B,12196.0,11.962938668415,13.561823548704,74.754017710724,,,,MULTICHOICE,,Which number line has a box where the number 31 should be?,"Three number lines are shown: A) A number line from 15 to 25, with a box/blank positioned at what appears to be the 21 mark. B) A number line from 25 to 35, with a box/blank positioned just to the left of the 30 mark (around 29). C) A number line from 25 to 35, with a box/blank positioned just to the right of the 30 mark (at 31) — the correct answer.","[Number line 15–25, box at ~21]",Student confused 21 for 31.,"[Number line 25–35, box left of 30 at ~29]",Student confused 29 for 31; perhaps thought 31 would be one hash mark to the left of 30 rather than one hash mark to the right of 30.,"[Number line 25–35, box right of 30 at 31]",Correct.,,,,,,,,,,Student confused 29 for 31; perhaps thought 31 would be one hash mark to the left of 30 rather than one hash mark to the right of 30.,Represent whole numbers as lengths on a number line diagram
MATH-00029,2,i115333,Interim_eedi,q100491,A,C,1872.0,67.948717948717,15.384615384615,16.826923076923,,,,MULTICHOICE,,Which number line shows 9 − 3?,"Three number lines are shown, each spanning 0 to 20. A) A curved arc starts at 9 and jumps left (back) 3 units to land on 6 — correct representation of 9−3. B) A curved arc starts at 9 and jumps right 3 units to land on 12 — represents 9+3. C) A curved arc starts at 3 and jumps right to 9 — covers the space between 3 and 9 but does not start at 9.",[Number line: jump left from 9 to 6],Correct.,[Number line: jump right from 9 to 12],Student chose an option representing 9 + 3; may have been confused about directionality when mapping operations onto a number line.,[Number line: jump from 3 to 9],Student attempted to represent the difference between 9 and 3 but counted the hash marks between the starting point and the end point.,,,,,,,,,,Student attempted to represent the difference between 9 and 3 but counted the hash marks between the starting point and the end point.,Represent whole-number differences on a number line diagram
MATH-00029,2,i138647,Interim_eedi,q143444,B,A,11173.0,32.542736955159,50.004475073838,17.721292401324,,,,MULTICHOICE,,Which expression is represented on the number line below?,A number line from 30 to 50+ is shown. A curved arc starts at approximately 49 and jumps left (decreasing direction) 7 units to land at approximately 42. This represents subtracting 7 from 49.,42 − 7,Student chose the correct operation but subtracted the distance between the points from the ending value.,49 − 7,Correct.,49 + 7,Student added the distance between the points to the starting value rather than subtracting it.,,,,,,,,,,Student chose the correct operation but subtracted the distance between the points from the ending value.,Represent whole-number differences on a number line diagram
MATH-00030,2,i112487,Interim_eedi,q102224,C,B,7013.0,21.260516184229,35.020675887637,44.003992585198,,,,MULTICHOICE,,Which point on the number line represents 10 more than 47?,"A number line from 30 to 60+ is shown with three labeled points: Point A is at approximately 37, Point B is at approximately 48, and Point C is at approximately 57. The number line has tick marks at each integer.",A,Student chose the point that is ten less instead of ten more.,B,Student chose the point that is one more instead of ten more.,C,Correct.,,,,,,,,,,Student chose the point that is one more instead of ten more.,Represent whole-number sums on a number line diagram
MATH-00030,2,i113134,Interim_eedi,q100339,C,A,421.0,38.479809976247,23.75296912114,38.004750593824,,,,MULTICHOICE,,Charlotte had 14 apples in her basket. Then she picked 4 more apples and put them in her basket. Which number line can Charlotte use to find the total number of apples in her basket?,"Three number lines are shown, each spanning 0 to 20 with tick marks. A) A curved arc/jump spans from approximately 4 to 18 (a jump of 14 units starting at 4). B) A curved arc/jump spans from approximately 10 to 14 (a jump of 4 units starting at 10). C) A curved arc/jump spans from 14 to 18 (a jump of 4 units starting at 14) — this is the correct representation of starting at 14 and adding 4.",[Number line: jump from ~4 to ~18],"Student confused the initial value, increase value, and ending value; possibly interpreted the problem as finding the difference between 4 and 14.",[Number line: jump from ~10 to ~14],Student correctly represented an increase of 4 but incorrectly subtracted the two values in the problem to determine the initial value instead of using 14; possibly thought 14 was the final sum.,[Number line: jump from 14 to 18],Correct.,,,,,,,,,,"Student confused the initial value, increase value, and ending value; possibly interpreted the problem as finding the difference between 4 and 14.",Represent whole-number sums on a number line diagram
MATH-00030,2,i138652,Interim_eedi,q143452,C,A,4292.0,20.503261882572,18.825722273998,61.160298229263,,,,MULTICHOICE,,Karly has 23 crayons. Anna has 10 more crayons than Karly. Which point shows the number of crayons Anna has?,"A number line from 10 to 40 is shown with three labeled points: Point A is at approximately 13 (10 less than 23), Point B is at approximately 24 (1 more than 23), and Point C is at approximately 33 (10 more than 23).",Point A,Student chose 10 fewer than 23; confused about how the relationship between the given values and the missing value maps to directionality on the number line.,Point B,Student chose 1 more than 23 instead of 10 more than 23.,Point C,Correct.,,,,,,,,,,Student chose 10 fewer than 23; confused about how the relationship between the given values and the missing value maps to directionality on the number line.,Represent whole-number sums on a number line diagram
MATH-00030,2,i175681,Interim_eedi,q178148,C,A,2207.0,19.438151336656,19.302220208427,61.350249207068,,,,MULTICHOICE,,Karly and Anna are helping their teachers make posters to raise money for the second grade trip to the science museum. They are using crayons to make the posters. Karly has 23 crayons. Anna has 10 more crayons than Karly. Which point shows the number of crayons Anna has?,"A number line from 10 to 40 is shown with three labeled points: Point A is at approximately 13 (10 less than 23), Point B is at approximately 24 (1 more than 23), and Point C is at approximately 33 (10 more than 23).",Point A,"Student chose 10 fewer than 23; perhaps confused directionality when determining how to represent 10 ""more"" on the number line.",Point B,Student chose 1 more than 23 instead of 10 more than 23.,Point C,Correct.,,,,,,,,,,"Student chose 10 fewer than 23; perhaps confused directionality when determining how to represent 10 ""more"" on the number line.",Represent whole-number sums on a number line diagram
MATH-00035,2,i112538,Compass,q100690,C,B,11191.0,20.918595299794,28.317397909034,51.01420784559,,,,MULTICHOICE,,Which clock shows 5 minutes after 7 at night?,Three digital alarm clock images are shown as answer choices. Answer A shows a digital clock displaying 7:05 AM. Answer B shows a digital clock displaying 5:07 PM. Answer C shows a digital clock displaying 7:05 PM.,7:05 AM (digital clock),"Student used AM instead of PM for ""night.""",5:07 PM (digital clock),Student confused hours and minutes.,7:05 PM (digital clock),Correct.,,,,,,,,,,Student confused hours and minutes.,"Tell time from a digital clock, using a.m. and p.m. when appropriate"
MATH-00037,2,i111648,Compass,q102381,A,C,465.0,46.236559139784,16.559139784946,37.204301075268,,,,MULTICHOICE,,Ashwin has the coins shown in the picture. He buys a pen for 55¢. How much money does he have left over after buying the pen?,Two rows of coins are shown. The top row contains 5 coins: 1 quarter and 4 nickels (larger coins with portrait faces visible). The bottom row contains 4 smaller coins that appear to be pennies (Lincoln memorial cents). Together the coins total 64¢ (25¢ + 20¢ + 4¢ + some combination consistent with a starting value of 64¢ to yield 9¢ change after spending 55¢).,9¢,Correct.,14¢,"Student confused the value of a nickel and a dime; determined the starting amount was 69 cents, and subtracted 55 from 69.",34¢,Student took away the quarter and 1 nickel instead of taking away 55 cents; possibly thought 1 quarter was worth 50 cents.,,,,,,,,,,Student took away the quarter and 1 nickel instead of taking away 55 cents; possibly thought 1 quarter was worth 50 cents.,Solve word problems involving subtracting amounts of money given in coins and/or dollars
MATH-00037,2,i138999,Interim_eedi,q144186,B,A,8107.0,26.298260762304,54.878500061675,19.045269520167,,,,MULTICHOICE,,Mariel has 47¢. She needs $1 to buy a popsicle. How much more money does Mariel need to be able to buy the popsicle?,,46¢,Student subtracted 1 cent from 47 cents.,53¢,Correct.,147¢,Student added the two values.,,,,,,,,,,Student subtracted 1 cent from 47 cents.,Solve word problems involving subtracting amounts of money given in coins and/or dollars
MATH-00038,2,i111931,Compass,q100691,C,B,1.0,,100.0,,,,,MULTICHOICE,,Rex has 2 quarters and 3 dimes. How much money does Rex have?,,5¢,Student counted the number of coins (5) instead of the total value of the coins.,35¢,Student found the value of one of each type of coin.,80¢,Correct.,,,,,,,,,,Student found the value of one of each type of coin.,Solve word problems involving adding amounts of money given in coins and/or dollars
MATH-00038,2,i112099,Compass,q100828,A,C,461.0,31.887201735357,22.34273318872,45.770065075921,,,,MULTICHOICE,,"Sofia has 6 quarters, 3 dimes, and 4 nickels. How much money does Sofia have?",,$2,Correct.,13¢,Student found the number of coins.,$2 and 5¢,Student confused the values of nickels and dimes.,,,,,,,,,,Student confused the values of nickels and dimes.,Solve word problems involving adding amounts of money given in coins and/or dollars
MATH-00038,2,i138998,Interim_eedi,q144185,C,A,8225.0,20.401215805471,13.386018237082,66.382978723404,,,,MULTICHOICE,,Cintia has 3 dimes and 4 nickels. How much money does Cintia have?,,7¢,Student counted the number of coins (7) instead of the total value of the coins.,15¢,Student found the value of one of each type of coin.,50¢,Correct.,,,,,,,,,,Student counted the number of coins (7) instead of the total value of the coins.,Solve word problems involving adding amounts of money given in coins and/or dollars
MATH-00042,2,i112467,Interim_eedi,q110913,B,C,9858.0,15.53053357679,60.133901399878,24.6195982958,,,,MULTICHOICE,,Katrina asked students in her class how they get to school. She created the picture graph below based on their answers. How many students take a bus or car to school?,"A picture graph titled ""How Students Get to School"" is shown. Each person icon = 1 student. Walk row: 2 icons. Bus row: 9 icons. Car row: 5 icons. Key shows 1 icon = 1 student.",4,Student found how many more students take a bus than a car.,14,Correct.,16,Student found the total number of students using all three transportation methods.,,,,,,,,,,Student found the total number of students using all three transportation methods.,"Solve one-step, put-together problems using information presented in a bar graph"
MATH-00044,2,i112899,Interim_eedi,q103360,B,C,9799.0,18.899887743647,50.433717726298,30.992958465149,,,,MULTICHOICE,,The bar graph below shows the number of boxes of food each teacher's class collected for the food drive. How many more boxes of food did Mr. Rodriguez's class collect than Mr. Jones's class?,"A vertical bar graph titled ""Food Drive"" is shown with the y-axis labeled ""Boxes of Food"" (scale 0–10) and the x-axis labeled ""Classes."" Four bars are shown: Mr. Rodriguez's class = 9 boxes, Mr. Patel's class = 5 boxes, Mrs. White's class = 7 boxes, Mr. Jones's class = 4 boxes.",4,"Student counted how many numbers fall between 4 and 9 instead of finding the difference between 4 and 9, OR found the difference between Mr. Rodriguez's class and Mr. Patel's class.",5,Correct.,13,"Student added the number of boxes in Mr. Rodriguez's class and Mr. Jones's class; possibly interpreted ""more"" as meaning addition.",,,,,,,,,,"Student added the number of boxes in Mr. Rodriguez's class and Mr. Jones's class; possibly interpreted ""more"" as meaning addition.","Solve one-step, compare problems using information presented in a bar graph"
MATH-00048,2,i185048,Compass,q187860,B,C,184.0,7.065217391304348,58.15217391304348,34.78260869565217,,,,MULTICHOICE,,"Which number represents the same amount as 7 tens, 4 ones, and 6 hundreds?",,476,"Student reversed the place values of the largest and smallest units, treating the smallest unit as the leftmost digit and the largest unit as the rightmost digit.",674,Correct.,746,Student listed the digits in the given order instead of ordering the digits according to their place value.,,,,,,,,,,Student listed the digits in the given order instead of ordering the digits according to their place value.,"Given the number of hundreds, tens, and/or ones, write a three- digit number"
MATH-00048,2,i129694,Interim_eedi,q125243,B,C,19281.0,8.578393236865,66.220631709973,26.357554068772,,,,MULTICHOICE,,"Which number represents the same amount as 7 tens, 4 ones, and 6 hundreds?",,476,Student switched the hundreds and the ones places; used the ones place as the place farthest left and the hundreds place as the place farthest right.,674,Correct.,746,"Student wrote the numbers in the order they appear in the problem, ignoring place value.",,,,,,,,,,"Student wrote the numbers in the order they appear in the problem, ignoring place value.","Given the number of hundreds, tens, and/or ones, write a three- digit number"
MATH-00048,2,i151609,Interim_eedi,q156862,A,C,549.0,94.535519125683,2.367941712204,3.096539162112,,,,MULTICHOICE,,What amount is represented by the picture below?,"Base-10 blocks are shown: 2 large flat hundred-squares (each representing 100), 5 vertical ten-rods (each representing 10), and 8 small unit cubes (each representing 1), totaling 258.",258,Correct.,303,Student counted the total number of tens and ones in the image (13) and thought it was necessary to bundle that amount into a hundred.,852,"Student identified the digit in each place value, but reversed the order of the place values, transposing ones and hundreds.",,,,,,,,,,"Student identified the digit in each place value, but reversed the order of the place values, transposing ones and hundreds.","Given the number of hundreds, tens, and/or ones, write a three- digit number"
MATH-00049,2,i185049,Compass,q187861,B,C,187.0,17.112299465240643,51.8716577540107,31.016042780748663,,,,MULTICHOICE,,Which amount is equal to 40?,,4 ones,"Student misinterpreted the place values in the number, treating the larger place value as the smaller place value.",40 ones,Correct.,40 tens,Student misinterpreted the given number as the number of units of the largest place value.,,,,,,,,,,Student misinterpreted the given number as the number of units of the largest place value.,Decompose a two-digit number into its tens and ones
MATH-00049,2,i129036,Interim_eedi,q124447,C,A,4996.0,8.626901521216,7.586068855084,84.107285828662,,,,MULTICHOICE,,Which amount is equal to 82?,,82 tens,Student confused the value of ones and tens.,8 ones + 2 tens,Student confused ones and tens.,8 tens + 2 ones,Correct.,,,,,,,,,,Student confused the value of ones and tens.,Decompose a two-digit number into its tens and ones
MATH-00049,2,i129693,Interim_eedi,q125242,B,C,19472.0,9.454601479046,59.372432210353,32.056285949055,,,,MULTICHOICE,,Which amount is equal to 40?,,4 ones,Student confused the values of tens and ones.,40 ones,Correct.,40 tens,"Student confused the values of ones and tens, OR chose tens because 4 is in the tens place.",,,,,,,,,,"Student confused the values of ones and tens, OR chose tens because 4 is in the tens place.",Decompose a two-digit number into its tens and ones
MATH-00050,2,i185050,Compass,q187862,B,A,183.0,20.218579234972676,60.10928961748634,19.672131147540984,,,,MULTICHOICE,,Which of the following is equal to 307?,,3 hundreds + 7 tens,"Student represented the non-zero digits of the original number, assigning them descending place values.",3 hundreds + 7 ones,Correct.,30 hundreds + 7 ones,"Student attributed the first two digits of the given number to the highest place value of the number rather than separating them, likely because the second digit is a zero.",,,,,,,,,,"Student represented the non-zero digits of the original number, assigning them descending place values.","Decompose a three-digit number into its hundreds, tens, and ones"
MATH-00050,2,i129695,Interim_eedi,q125244,B,C,18611.0,12.900972543119,71.500725377464,16.108752888076,,,,MULTICHOICE,,Which of the following is equal to 307?,,3 hundreds + 7 tens,Student misrepresented ones as tens.,3 hundreds + 7 ones,Correct.,30 hundreds + 7 ones,Student used the digits in the order they appear in the question and misrepresented 3 hundreds as 30 hundreds.,,,,,,,,,,Student used the digits in the order they appear in the question and misrepresented 3 hundreds as 30 hundreds.,"Decompose a three-digit number into its hundreds, tens, and ones"
MATH-00050,2,i132080,Interim_eedi,q129696,C,B,8044.0,13.538040775733,18.523122824465,68.299353555445,,,,MULTICHOICE,,Which of the following has the same value as 907?,,9 tens + 7 ones,"Student ignored the zero placeholder in the tens place, OR confused the value of the hundreds place with the value of the tens place.",9 hundreds + 7 tens,Student confused the value of the ones place with the value of the tens place.,9 hundreds + 7 ones,Correct.,,,,,,,,,,Student confused the value of the ones place with the value of the tens place.,"Decompose a three-digit number into its hundreds, tens, and ones"
MATH-00050,2,i151672,Interim_eedi,q156979,B,A,546.0,10.62271062271,85.897435897435,3.479853479853,,,,MULTICHOICE,,Which is equal to 674?,,6 ones 7 tens and 4 hundreds,Student switched the hundreds and the ones places; used the ones place as the place farthest left and the hundreds place as the place farthest right.,6 hundreds 7 tens and 4 ones,Correct.,6 hundreds 7 ones and 4 tens,"Student wrote the numbers in the order they appear in the problem, and swapped the ones and tens places.",,,,,,,,,,Student switched the hundreds and the ones places; used the ones place as the place farthest left and the hundreds place as the place farthest right.,"Decompose a three-digit number into its hundreds, tens, and ones"
MATH-00056,2,i185051,Compass,q187863,B,A,181.0,18.784530386740332,74.03314917127072,7.18232044198895,,,,MULTICHOICE,,Which shows the number 403 in expanded form?,,40 + 3,"Student misinterpreted how to decompose a number, combining two place values into a single value based on the digits rather than their place value.",400 + 3,Correct.,400 + 30,Student misinterpreted a non-zero digit with an adjacent zero digit as the value of the place value of the non-zero digit.,,,,,,,,,,"Student misinterpreted how to decompose a number, combining two place values into a single value based on the digits rather than their place value.","Read and write numbers to 1,000 by moving between base-ten numerals (standard form) and expanded form"
MATH-00056,2,i112434,Interim_eedi,q100277,C,A,4981.0,11.905239911664,7.709295322224,80.807066854045,,,,MULTICHOICE,,Which number is equal to the expression below? 3 + 500 + 70,,357,"Student took the first digit from each value as it appears in the question, ignoring place value.",537,Student confused the ones and the tens.,573,Correct.,,,,,,,,,,"Student took the first digit from each value as it appears in the question, ignoring place value.","Read and write numbers to 1,000 by moving between base-ten numerals (standard form) and expanded form"
MATH-00056,2,i112545,Interim_eedi,q110923,B,A,6994.0,16.414069202173,68.71604232199,15.184443808979,,,,MULTICHOICE,,Which number sentence is true?,,Five hundred sixty = 506,Student confused sixty and six; represented tens as ones.,7 ones 6 hundreds 2 tens = 627,Correct.,10 + 700 + 9 = 179,Student wrote the first digit of each number in the order they were given; did not recognize the value of each place.,,,,,,,,,,Student confused sixty and six; represented tens as ones.,"Read and write numbers to 1,000 by moving between base-ten numerals (standard form) and expanded form"
MATH-00056,2,i138099,Interim_eedi,q142511,B,A,18656.0,14.338550600343,75.075042881646,10.977701543739,,,,MULTICHOICE,,Which shows the number 403 in expanded form?,,40 + 3,"Student represented 4 hundreds and 0 tens with the number ""40"" because it has a 4 followed by a 0.",400 + 3,Correct.,400 + 30,Student represented the 3 ones as 3 tens; confused the tens place and ones place.,,,,,,,,,,"Student represented 4 hundreds and 0 tens with the number ""40"" because it has a 4 followed by a 0.","Read and write numbers to 1,000 by moving between base-ten numerals (standard form) and expanded form"
MATH-00057,2,i185053,Compass,q187865,C,B,186.0,13.440860215053764,15.591397849462366,70.96774193548387,,,,MULTICHOICE,,What is another way to write the expression below? 20 + 7 + 600,,Two hundred sixty-seven,Student confused the tens place with the hundreds place.,Two hundred seventy-six,Student ignored place value and put the first digit of each addend in order from left to right.,Six hundred twenty-seven,Correct.,,,,,,,,,,Student ignored place value and put the first digit of each addend in order from left to right.,"Read and write numbers to 1,000 by moving between number names (word form) and expanded form"
MATH-00057,2,i112353,Interim_eedi,q110890,C,A,6969.0,24.738125986511,10.761945759793,64.90170756206,,,,MULTICHOICE,,Which choice shows two correct ways to write 59?,,Fifteen-nine / 50 + 9,"Student thought the word ""fifteen"" and the numerals ""50"" referred to the same number.",Fifty-nine / 5 + 9,Student did not take the place value of each digit into account.,Fifty-nine / 50 + 9,Correct.,,,,,,,,,,"Student thought the word ""fifteen"" and the numerals ""50"" referred to the same number.","Read and write numbers to 1,000 by moving between number names (word form) and expanded form"
MATH-00057,2,i113165,Interim_eedi,q111013,B,A,85.0,71.764705882352,15.294117647058,12.941176470588,,,,MULTICHOICE,,Which is another way to show 18 tens?,,10 + 8,"Student wrote 18, rather than 18 tens, in expanded form, ignoring place value.",One hundred eighty,Correct.,108,"Student recognized that 10 tens is equivalent to 100, but represented 8 ones instead of 8 tens.",,,,,,,,,,"Student wrote 18, rather than 18 tens, in expanded form, ignoring place value.","Read and write numbers to 1,000 by moving between number names (word form) and expanded form"
MATH-00057,2,i138097,Interim_eedi,q142508,C,B,16448.0,15.430447470817,18.683122568093,66.488326848249,,,,MULTICHOICE,,What is another way to write the expression below? 20 + 7 + 600,,Two hundred sixty-seven,Student confused the tens place with the hundreds place.,Two hundred seventy-six,Student ignored place value and put the first digit of each addend in order from left to right to make 276.,Six hundred twenty-seven,Correct.,,,,,,,,,,Student ignored place value and put the first digit of each addend in order from left to right to make 276.,"Read and write numbers to 1,000 by moving between number names (word form) and expanded form"
MATH-00057,2,i138098,Interim_eedi,q142510,B,C,18930.0,13.127311146328,65.594294770206,22.313787638668,,,,MULTICHOICE,,Which is another way to write twenty-four?,,2 ones and 4 tens,Student wrote the numbers in the order they appear in the number 24 and confused the ones and tens place.,2 tens and 4 ones,Correct.,20 tens and 4 ones,Student confused 20 tens for 2 tens in an attempt to decompose 24.,,,,,,,,,,Student confused 20 tens for 2 tens in an attempt to decompose 24.,"Read and write numbers to 1,000 by moving between number names (word form) and expanded form"
MATH-00058,2,i185055,Compass,q187868,A,B,183.0,52.459016393442624,24.043715846994534,23.497267759562842,,,,MULTICHOICE,,Which symbol can be used in the blank to make a true sentence? 5 ones + 3 hundreds + 4 tens ___ 4 hundreds + 8 ones,,<,Correct.,>,"Student compared the numbers as if they were single values rather than considering their place values, OR misinterpreted the meaning of the comparison symbol.",=,Student added the digits on each side of the comparison without accounting for the place value of the digits.,,,,,,,,,,"Student compared the numbers as if they were single values rather than considering their place values, OR misinterpreted the meaning of the comparison symbol.",Compare two three-digit numbers by comparing the digits in each place value
MATH-00058,2,i112148,Interim_eedi,q110840,B,C,7158.0,20.04749930148,53.78597373568,26.61357921207,,,,MULTICHOICE,,Which number sentence is true?,,6 ones + 3 hundreds > 3 hundreds + 6 tens,"Student compared the ones place, OR compared the first numerals that appear for each number without accounting for place value.",3 hundreds + 4 ones > 6 tens + 9 ones,Correct.,4 hundreds + 2 tens < 7 tens + 9 ones + 2 hundreds,"Student thought the first value contained only 2 digits, making it less than the second value with 3 digits, OR compared digits in ones and/or tens place.",,,,,,,,,,"Student thought the first value contained only 2 digits, making it less than the second value with 3 digits, OR compared digits in ones and/or tens place.",Compare two three-digit numbers by comparing the digits in each place value
MATH-00058,2,i138315,Interim_eedi,q142777,A,B,18507.0,59.096558059112,28.545955584373,12.703301453504,,,,MULTICHOICE,,Which symbol can be used in the blank to make a true sentence? 5 ones + 3 hundreds + 4 tens ___ 4 hundreds + 8 ones,,<,Correct.,>,"Student compared 534 and 48 without using the given place values, OR student confused the meanings of the greater than and less than symbols.",=,"Student added the values on each side to get 12 = 12, ignoring the given place values.",,,,,,,,,,"Student compared 534 and 48 without using the given place values, OR student confused the meanings of the greater than and less than symbols.",Compare two three-digit numbers by comparing the digits in each place value
MATH-00061,2,i185058,Compass,q187871,B,A,107.0,15.88785046728972,79.4392523364486,4.672897196261682,,,,MULTICHOICE,,Solve. 48 + 36 = ?,,74,Student found the sum of the ones but did not compose a ten and instead used the value of the units and left out the ten when finding the total.,84,Correct.,88,Student rounded up to add with an easier number but then added the amount they rounded to the sum instead of subtracting.,,,,,,,,,,Student found the sum of the ones but did not compose a ten and instead used the value of the units and left out the ten when finding the total.,"Fluently add within 100 using strategies based on place value, properties of operations, and/or the relationship between addition and subtraction"
MATH-00061,2,i185373,Compass,q188300,A,C,105.0,59.04761904761905,15.238095238095237,25.714285714285715,,,,MULTICHOICE,,Which expression below has the same answer as 64 + 29?,,63 + 30,Correct.,65 + 30,"Student attempted to use compensation, but misapplied a subtraction strategy to an addition problem.",6 + 4 + 2 + 9,"Student added each individual digit from the original addition problem, ignoring place value.",,,,,,,,,,"Student added each individual digit from the original addition problem, ignoring place value.","Fluently add within 100 using strategies based on place value, properties of operations, and/or the relationship between addition and subtraction"
MATH-00061,2,i111899,Interim_eedi,q100402,B,A,6205.0,20.741337630942,70.185334407735,9.234488315874,,,,MULTICHOICE,,Add. 25 + 18 = ?,,33,Student added tens and ones separately and did not regroup 13 ones to 1 ten and 3 ones.,43,Correct.,47,"Student possibly added 2 to 18 to enable adding with an easier number (20), added 25, but then added 2 more instead of subtracting 2 at the end.",,,,,,,,,,Student added tens and ones separately and did not regroup 13 ones to 1 ten and 3 ones.,"Fluently add within 100 using strategies based on place value, properties of operations, and/or the relationship between addition and subtraction"
MATH-00061,2,i112349,Interim_eedi,q100429,B,A,621.0,15.61996779388,79.549114331723,4.991948470209,,,,MULTICHOICE,,Solve. 48 + 36 = ?,,74,Student did not compose a ten from 14 ones and instead added 40 + 30 + 4.,84,Correct.,88,"Student possibly rounded 48 up to 50, added 36, but then added 2 more instead of subtracting 2.",,,,,,,,,,Student did not compose a ten from 14 ones and instead added 40 + 30 + 4.,"Fluently add within 100 using strategies based on place value, properties of operations, and/or the relationship between addition and subtraction"
MATH-00061,2,i113263,Interim_eedi,q100297,A,C,4597.0,49.902110071785,18.490319773765,31.672830106591,,,,MULTICHOICE,,Which expression below has the same answer as 64 + 29?,,63 + 30,Correct.,65 + 30,"Student attempted to use compensation, but misapplied a subtraction strategy (adding 1 to each number) to an addition problem.",6 + 4 + 2 + 9,"Student added each individual digit from the original addition problem, ignoring place value.",,,,,,,,,,"Student added each individual digit from the original addition problem, ignoring place value.","Fluently add within 100 using strategies based on place value, properties of operations, and/or the relationship between addition and subtraction"
MATH-00061,2,i138355,Interim_eedi,q142821,B,A,17242.0,24.666512005567,67.550168193945,8.229903723465,,,,MULTICHOICE,,Solve. 65 + 28 = ?,,83,Student did not compose a ten from 13 ones and instead added 60 + 20 + 3.,93,Correct.,97,"Student possibly rounded 28 up to 30, added 65, but then added 2 more instead of subtracting 2.",,,,,,,,,,Student did not compose a ten from 13 ones and instead added 60 + 20 + 3.,"Fluently add within 100 using strategies based on place value, properties of operations, and/or the relationship between addition and subtraction"
MATH-00061,2,i158766,Interim_eedi,q165763,B,A,3018.0,23.293571901921,64.280980781974,12.524850894632,,,,MULTICHOICE,,Solve. 56 + 27 = ?,,73,Student did not compose a ten from 13 ones and instead added 50 + 20 + 3.,83,Correct.,89,"Student possibly rounded 27 up to 30, added 56, but then added 3 more instead of subtracting 3.",,,,,,,,,,Student did not compose a ten from 13 ones and instead added 50 + 20 + 3.,"Fluently add within 100 using strategies based on place value, properties of operations, and/or the relationship between addition and subtraction"
MATH-00061,2,i180635,Interim_eedi,q181932,B,A,5423.0,17.241379310344,73.741471510234,9.183108980269,,,,MULTICHOICE,,Add. 24 + 17 = ?,,31,Student added tens and ones separately and did not regroup 11 ones to 1 ten and 1 one.,41,Correct.,47,"Student possibly added 3 to 17 to enable adding with an easier number (20), added 24, but then added 3 more instead of subtracting 3 at the end.",,,,,,,,,,Student added tens and ones separately and did not regroup 11 ones to 1 ten and 1 one.,"Fluently add within 100 using strategies based on place value, properties of operations, and/or the relationship between addition and subtraction"
MATH-00062,2,i185056,Compass,q187869,A,C,115.0,63.47826086956522,17.391304347826086,19.130434782608695,,,,MULTICHOICE,,Subtract. 80 - 37 = ?,,43,Correct.,53,Student did not adjust the tens place after borrowing OR incorrectly accounted for borrowing from the tens place by reducing the tens value of both the minuend and subtrahend.,57,Student subtracted the smaller digit from the larger digit in each place value rather than regrouping.,,,,,,,,,,Student subtracted the smaller digit from the larger digit in each place value rather than regrouping.,"Fluently subtract within 100 using strategies based on place value, properties of operations, and/or the relationship between addition and subtraction"
MATH-00062,2,i185479,Compass,q188445,C,A,119.0,40.33613445378151,16.80672268907563,42.857142857142854,,,,MULTICHOICE,,Which number sentence could be used to solve the problem below? 47 - 9 = ?,,9 - 47 = ?,Student misapplied the commutative property of addition to subtraction.,47 - 11 = ?,Student confused the relationship between addition and subtraction when compensating.,48 - 10 = ?,Correct.,,,,,,,,,,Student misapplied the commutative property of addition to subtraction.,"Fluently subtract within 100 using strategies based on place value, properties of operations, and/or the relationship between addition and subtraction"
MATH-00062,2,i112417,Interim_eedi,q102518,A,B,8239.0,84.439859206214,9.382206578468,6.384269935671,,,,MULTICHOICE,,Find the difference. 35 - 9 =,,26,Correct.,34,Student possibly subtracted ones and tens separately but subtracted 9 - 5 instead of decomposing a ten.,36,Student attempted to regroup a 10 into 10 ones but did not subtract the 10 from 35.,,,,,,,,,,Student possibly subtracted ones and tens separately but subtracted 9 - 5 instead of decomposing a ten.,"Fluently subtract within 100 using strategies based on place value, properties of operations, and/or the relationship between addition and subtraction"
MATH-00062,2,i113175,Interim_eedi,q100689,A,B,1993.0,63.421976919217,22.227797290516,14.400401404917,,,,MULTICHOICE,,Solve. 55 - 39 = ?,,16,Correct.,24,Student subtracted 5 from 9 instead of decomposing a ten into 10 ones to make 15 ones - 9 ones.,26,"Student added 10 ones to 5 without decomposing a ten from 50, OR student possibly only subtracted 2 tens instead of 3 tens since they already ""subtracted 1 ten"" when decomposing it into ones.",,,,,,,,,,Student subtracted 5 from 9 instead of decomposing a ten into 10 ones to make 15 ones - 9 ones.,"Fluently subtract within 100 using strategies based on place value, properties of operations, and/or the relationship between addition and subtraction"
MATH-00062,2,i138319,Interim_eedi,q142781,A,B,19458.0,62.858464384828,25.804296433343,11.738102579915,,,,MULTICHOICE,,What number can go in the box to make the number sentence true? 16 + ___ = 35,,19,Correct.,21,"Student subtracted 5 from 6 in the ones place instead of decomposing a ten, OR tried to count up by 10s from 16 to 36 and instead of subtracting the extra 1, they added 1.",51,Student added 16 + 35.,,,,,,,,,,"Student subtracted 5 from 6 in the ones place instead of decomposing a ten, OR tried to count up by 10s from 16 to 36 and instead of subtracting the extra 1, they added 1.","Fluently subtract within 100 using strategies based on place value, properties of operations, and/or the relationship between addition and subtraction"
MATH-00062,2,i138354,Interim_eedi,q142820,A,C,19558.0,53.481951119746,19.444728499846,27.451682176091,,,,MULTICHOICE,,Subtract. 80 - 37 = ?,,43,Correct.,53,"Student did not subtract a ten from 80 when adding 10 ones to 0 to subtract the ones, OR possibly only subtracted 2 tens instead of 3 tens since they already ""subtracted 1 ten"" when decomposing it into ones.",57,"Student possibly subtracted 0 ones from 7 ones instead of decomposing a ten and regrouping, OR added 0 ones and 7 ones.",,,,,,,,,,"Student possibly subtracted 0 ones from 7 ones instead of decomposing a ten and regrouping, OR added 0 ones and 7 ones.","Fluently subtract within 100 using strategies based on place value, properties of operations, and/or the relationship between addition and subtraction"
MATH-00062,2,i153101,Interim_eedi,q159233,C,B,189.0,19.047619047619,30.15873015873,50.79365079365,,,,MULTICHOICE,,Which number sentence could be used to solve the problem below? 35 - 9 = ?,,35 + 10 - 1 = ?,"Student recognized 10 as a friendly number for subtracting by 9, but thought doing so required the use of addition rather than subtraction.",35 - 10 - 1 = ?,"Student recognized 10 as a friendly number for subtracting by 9, but subtracted an additional 1 when attempting to compensate.",35 - 10 + 1 = ?,Correct.,,,,,,,,,,"Student recognized 10 as a friendly number for subtracting by 9, but subtracted an additional 1 when attempting to compensate.","Fluently subtract within 100 using strategies based on place value, properties of operations, and/or the relationship between addition and subtraction"
MATH-00062,2,i171716,Interim_eedi,q175880,C,A,14345.0,55.824329034506,18.884628790519,25.500174276751,,,,MULTICHOICE,,Which number sentence could be used to solve the problem below? 35 - 8 = ?,,8 - 35 = ?,Student misapplied the commutative property of addition to subtraction.,35 - 12 = ?,"Student confused the relationship between addition and subtraction when compensating; subtracted 12 instead of 8, thinking that subtracting 10 and then 2 would be the same as subtracting 8.",37 - 10 = ?,Correct.,,,,,,,,,,Student misapplied the commutative property of addition to subtraction.,"Fluently subtract within 100 using strategies based on place value, properties of operations, and/or the relationship between addition and subtraction"
MATH-00062,2,i172804,Interim_eedi,q176699,A,B,86.0,52.325581395348,31.395348837209,16.279069767441,,,,MULTICHOICE,,Which number can go in the box to make the number sentence true? 17 + ___ = 36,,19,Correct.,21,"Student used subtraction to determine the missing addend, but subtracted 6 from 7 in the ones place, and chose 21 as the missing addend.",53,Student thought that adding the given addend and the sum would result in the missing addend.,,,,,,,,,,"Student used subtraction to determine the missing addend, but subtracted 6 from 7 in the ones place, and chose 21 as the missing addend.","Fluently subtract within 100 using strategies based on place value, properties of operations, and/or the relationship between addition and subtraction"
MATH-00062,2,i172805,Interim_eedi,q176702,A,B,86.0,60.465116279069,32.558139534883,6.976744186046,,,,MULTICHOICE,,Subtract. 67 - 29 = ?,,38,Correct.,42,Student possibly subtracted 7 ones from 9 ones instead of decomposing a ten and regrouping.,48,"Student did not subtract a ten from 67 when adding 10 ones to 7 to subtract the ones, OR possibly only subtracted 1 ten instead of 2 tens since they already ""subtracted 1 ten"" when decomposing it into ones.",,,,,,,,,,Student possibly subtracted 7 ones from 9 ones instead of decomposing a ten and regrouping.,"Fluently subtract within 100 using strategies based on place value, properties of operations, and/or the relationship between addition and subtraction"
MATH-00064,2,i185429,Compass,q188376,B,A,105.0,20.0,73.33333333333333,6.666666666666667,,,,MULTICHOICE,,Solve. 47 + 69 = ?,,106,Student did not regroup when a partial sum resulted in a value greater than 10.,116,Correct.,206,Student regrouped a partial sum to one place value greater than they should have.,,,,,,,,,,Student did not regroup when a partial sum resulted in a value greater than 10.,"Add within 1,000 using concrete models or drawings and strategies based on place value, properties of operations, and/or the relationship between addition and subtraction"
MATH-00064,2,i185430,Compass,q188377,C,B,103.0,2.912621359223301,14.563106796116505,82.52427184466019,,,,MULTICHOICE,,Solve. 106 + 58 = ?,,74,"Student added place values individually, but combined two digits into a single place value in one of the addends, leading to an incorrect sum.",154,Student did not regroup when a partial sum resulted in a value greater than 10.,164,Correct.,,,,,,,,,,Student did not regroup when a partial sum resulted in a value greater than 10.,"Add within 1,000 using concrete models or drawings and strategies based on place value, properties of operations, and/or the relationship between addition and subtraction"
MATH-00064,2,i185663,Compass,q188699,C,A,108.0,13.88888888888889,11.11111111111111,75.0,,,,MULTICHOICE,,Solve. 448 + 274 = ?,,612,Student added place values separately but did not regroup when necessary.,623,Student attempted to add place values separately but did not correctly represent the place value of each partial sum.,722,Correct.,,,,,,,,,,Student added place values separately but did not regroup when necessary.,"Add within 1,000 using concrete models or drawings and strategies based on place value, properties of operations, and/or the relationship between addition and subtraction"
MATH-00064,2,i112948,Interim_eedi,q100135,C,A,847.0,19.952774498229,13.695395513577,66.351829988193,,,,MULTICHOICE,,Solve. 448 + 274 = ?,,612,Student did not compose a ten from 12 ones and only used 2 ones; also did not compose a hundred from 11 tens and only used 1 ten.,623,Student added place values individually; incorrectly added 70 + 40 as equal to 11 instead of 110 and then added 600 + 11 + 12.,722,Correct.,,,,,,,,,,Student did not compose a ten from 12 ones and only used 2 ones; also did not compose a hundred from 11 tens and only used 1 ten.,"Add within 1,000 using concrete models or drawings and strategies based on place value, properties of operations, and/or the relationship between addition and subtraction"
MATH-00064,2,i153105,Interim_eedi,q159237,B,A,189.0,15.343915343915,78.835978835978,5.820105820105,,,,MULTICHOICE,,Cora uses the place value chart below to find the sum of 654 + 28. What is the sum of 654 + 28?,"A place value chart with three columns (Hundreds, Tens, Ones) is shown. In the first row: 6 circles in the Hundreds column, 5 circles in the Tens column, 4 circles in the Ones column (representing 654). In the second row: 0 circles in Hundreds, 2 circles in Tens, 8 circles in the Ones column (representing 28). Total: 6 hundreds, 7 tens (5+2), and 12 ones (4+8) — which regroups to 6 hundreds, 8 tens, 2 ones = 682.",672,Student read the place value chart correctly but did not regroup 10 ones to 1 ten.,682,Correct.,934,"Student misinterpreted place values and treated 28 as 280, perhaps shifting to align the disks or digits with the largest place value.",,,,,,,,,,Student read the place value chart correctly but did not regroup 10 ones to 1 ten.,"Add within 1,000 using concrete models or drawings and strategies based on place value, properties of operations, and/or the relationship between addition and subtraction"
MATH-00065,2,i185562,Compass,q188578,A,B,121.0,66.94214876033058,25.619834710743802,7.43801652892562,,,,MULTICHOICE,,Subtract. 149 - 63 = ?,,86,Correct.,126,Student subtracted the larger digit from the smaller digit in the tens place rather than decomposing a hundred.,186,Student decomposed a hundred to subtract the tens place digits but did not reduce the value of the digit in the hundreds place.,,,,,,,,,,Student subtracted the larger digit from the smaller digit in the tens place rather than decomposing a hundred.,"Subtract within 1,000 using concrete models or drawings and strategies based on place value, properties of operations, and/or the relationship between addition and subtraction"
MATH-00065,2,i185564,Compass,q188579,B,A,114.0,14.035087719298245,71.9298245614035,14.035087719298245,,,,MULTICHOICE,,Subtract. 197 - 104 = ?,,57,"Student subtracted place values individually from left to right instead of right to left, and when a place value in the subtrahend had a 0, they shifted the remaining digits to the left rather than subtract 0.",93,Correct.,183,"Student attempted to subtract place values individually, but when a place value in the subtrahend had a 0, they shifted the remaining digits to the right rather than subtract 0.",,,,,,,,,,"Student subtracted place values individually from left to right instead of right to left, and when a place value in the subtrahend had a 0, they shifted the remaining digits to the left rather than subtract 0.","Subtract within 1,000 using concrete models or drawings and strategies based on place value, properties of operations, and/or the relationship between addition and subtraction"
MATH-00065,2,i185629,Compass,q188657,B,C,109.0,21.10091743119266,54.12844036697248,24.770642201834864,,,,MULTICHOICE,,Which of the following number sentences could be used to correctly find the missing value? 165 + ? = 542,,165 - 542 = 423,"Student subtracted the sum from the addend when trying to find the unknown addend, and subtracted the smaller digit from the larger digit in each place value.",542 - 165 = 377,Correct.,542 + 165 = 707,Student misinterpreted the relationship between the values in the number sentence and thought adding the given addend and sum would result in the missing addend.,,,,,,,,,,Student misinterpreted the relationship between the values in the number sentence and thought adding the given addend and sum would result in the missing addend.,"Subtract within 1,000 using concrete models or drawings and strategies based on place value, properties of operations, and/or the relationship between addition and subtraction"
MATH-00065,2,i185664,Compass,q188700,A,B,109.0,61.46788990825688,24.770642201834864,13.761467889908257,,,,MULTICHOICE,,Subtract. 628 - 343 = ?,,285,Correct.,325,Student subtracted the smaller digit from the larger digit in the tens place instead of crossing a hundred.,385,"Student did not understand how to decompose a larger place value, likely tried to decompose a hundred without decreasing the digit in the hundred's place.",,,,,,,,,,Student subtracted the smaller digit from the larger digit in the tens place instead of crossing a hundred.,"Subtract within 1,000 using concrete models or drawings and strategies based on place value, properties of operations, and/or the relationship between addition and subtraction"
MATH-00065,2,i113216,Interim_eedi,q100696,B,C,537.0,21.787709497206,39.106145251396,39.106145251396,,,,MULTICHOICE,,Find the missing number in the addition number sentence below. 297 + ? = 732,,429,Student may have rounded 297 to 300 and counted up to 732 and subtracted 3 instead of adding 3 to compensate for rounding.,435,Correct.,565,Student may have subtracted without regrouping and subtracted the smaller value from the larger value in each place.,,,,,,,,,,Student may have subtracted without regrouping and subtracted the smaller value from the larger value in each place.,"Subtract within 1,000 using concrete models or drawings and strategies based on place value, properties of operations, and/or the relationship between addition and subtraction"
MATH-00065,2,i138668,Interim_eedi,q143470,A,B,16703.0,60.049092977309,29.28216488056,10.932167874034,,,,MULTICHOICE,,Subtract. 628 - 343 = ?,,285,Correct.,325,Student subtracted 40 - 20 in the tens place instead of decomposing a hundred.,385,Student made 2 tens into 12 tens without decomposing 600.,,,,,,,,,,Student subtracted 40 - 20 in the tens place instead of decomposing a hundred.,"Subtract within 1,000 using concrete models or drawings and strategies based on place value, properties of operations, and/or the relationship between addition and subtraction"
MATH-00065,2,i140332,Interim_eedi,q146292,B,A,188.0,28.723404255319,53.191489361702,18.085106382978,,,,MULTICHOICE,,Which of the following number sentences could be used to correctly find the missing value? 165 + ? = 542,,165 - 542 = 423,"Student confused the relationship between addition and subtraction and subtracted the sum from the addend; when subtracting, student subtracted the smaller digit from the larger digit in each place value.",542 - 165 = 377,Correct.,542 + 165 = 707,Student misinterpreted the relationship between the given values in the number sentence; thought adding the given addend and the sum would result in the missing addend.,,,,,,,,,,"Student confused the relationship between addition and subtraction and subtracted the sum from the addend; when subtracting, student subtracted the smaller digit from the larger digit in each place value.","Subtract within 1,000 using concrete models or drawings and strategies based on place value, properties of operations, and/or the relationship between addition and subtraction"
MATH-00066,2,i185630,Compass,q188658,B,A,113.0,9.734513274336283,84.95575221238938,5.3097345132743365,,,,MULTICHOICE,,Which number sentence can help solve the problem below? 654 + 82 = ?,,6 + 5 + 4 + 8 + 2,Student added each digit without considering place value.,600 + 50 + 80 + 4 + 2,Correct.,600 + 800 + 50 + 20 + 4,Student left-aligned the numbers in the given addition sentence before assigning them place values.,,,,,,,,,,Student added each digit without considering place value.,"Add or subtract hundreds and hundreds, tens and tens, ones and ones"
MATH-00066,2,i185662,Compass,q188698,B,A,108.0,15.74074074074074,75.92592592592592,8.333333333333334,,,,MULTICHOICE,,"Marissa is volunteering to help younger students with their math skills. Marissa has some toy building bricks she is using to teach students about addition. She puts the bricks in the three storage bins shown below. If Marissa adds 300 bricks and 8 bricks to the amount shown in the picture, how many bricks will she have in total?","Image shows three storage bins labeled with place value blocks. The bins display a total of 245 bricks: 2 hundreds blocks (200), 4 tens blocks (40), and 5 ones blocks (5).",283,Student confused hundreds with tens and added some number of tens and ones to the initial amount instead of some number of hundreds and ones.,553,Correct.,625,Student confused ones with tens and added some number of hundreds and tens to the initial amount instead of some number of hundreds and ones.,,,,,,,,,,Student confused hundreds with tens and added some number of tens and ones to the initial amount instead of some number of hundreds and ones.,"Add or subtract hundreds and hundreds, tens and tens, ones and ones"
MATH-00066,2,i113097,Interim_eedi,q102656,B,A,793.0,23.833543505674,55.107187894073,21.059268600252,,,,MULTICHOICE,,Which number sentence is equal to 426 + 291?,,4 + 2 + 2 + 9 + 6 + 1 = ?,Student added each digit without using place value.,600 + 110 + 7 = ?,Correct.,600 + 10 + 7 = ?,"Student possibly added 90 + 20 in the tens place correctly but separated 110 into 100 + 10, and did not regroup the 100 to the hundreds place.",,,,,,,,,,Student added each digit without using place value.,"Add or subtract hundreds and hundreds, tens and tens, ones and ones"
MATH-00066,2,i138644,Interim_eedi,q143442,B,A,7767.0,27.320715849105,57.306553366808,15.46285567143,,,,MULTICHOICE,,"Marissa has some toy building bricks. She puts them in the three storage bins shown below. If Marissa adds 3 hundred and 8 bricks to the amount shown in the picture, how many bricks will she have altogether?","Three clear plastic storage bins are shown side by side. The first bin (leftmost) is full of toy building bricks and is labeled ""200 bricks."" The second bin (middle) contains a moderate amount of bricks and is labeled ""40 bricks."" The third bin (rightmost) contains only a few bricks and is labeled ""5 bricks."" Together the bins contain 245 bricks before the addition.",283,Student added 38 instead of 308; confused hundreds with tens.,553,Correct.,625,Student added 380 instead of 308; confused ones with tens.,,,,,,,,,,Student added 38 instead of 308; confused hundreds with tens.,"Add or subtract hundreds and hundreds, tens and tens, ones and ones"
MATH-00066,2,i138669,Interim_eedi,q143471,B,A,16586.0,19.781743639213,71.102134330157,9.459785361147,,,,MULTICHOICE,,Which number sentence can help solve the problem below? 654 + 82 = ?,,6 + 5 + 4 + 8 + 2,"Student added each digit, ignoring place value.",600 + 50 + 80 + 4 + 2,Correct.,600 + 800 + 50 + 20 + 4,Student incorrectly added 820 instead of 82; ignored place value and left-aligned the numbers.,,,,,,,,,,"Student added each digit, ignoring place value.","Add or subtract hundreds and hundreds, tens and tens, ones and ones"
MATH-00066,2,i174266,Interim_eedi,q177620,B,A,1867.0,24.906266738082,60.953401178361,14.140332083556,,,,MULTICHOICE,,"Marissa is volunteering to help younger students with their math skills. Marissa has some toy building bricks she is using to teach students about addition. She puts the bricks in the three storage bins shown below. If Marissa adds 3 hundred and 8 bricks to the amount shown in the picture, how many bricks will she have altogether?","Three clear plastic storage bins are shown side by side. The first bin (leftmost) is full of toy building bricks and is labeled ""200 bricks."" The second bin (middle) contains a moderate amount of bricks and is labeled ""40 bricks."" The third bin (rightmost) contains only a few bricks and is labeled ""5 bricks."" Together the bins contain 245 bricks before the addition.",283,Student added 38 instead of 308; confused hundreds with tens.,553,Correct.,625,Student added 380 instead of 308; confused ones with tens.,,,,,,,,,,Student added 38 instead of 308; confused hundreds with tens.,"Add or subtract hundreds and hundreds, tens and tens, ones and ones"
MATH-00066,2,i180827,Interim_eedi,q182080,B,A,5663.0,23.680028253575,62.616987462475,13.950203072576,,,,MULTICHOICE,,"Marissa has some toy building bricks. She puts them in the three storage bins shown below. If Marissa adds 300 bricks and 8 bricks to the amount shown in the picture, how many bricks will she have in total?","Three clear plastic storage bins are shown side by side. The first bin (largest, most full) is labeled ""200 bricks."" The second bin (medium fullness) is labeled ""40 bricks."" The third bin (least full, smallest amount) is labeled ""5 bricks."" Total shown = 245 bricks. Adding 308 more = 553.",283,Student added 38 instead of 308; confused hundreds with tens.,553,Correct.,625,Student added 380 instead of 308; confused ones with tens.,,,,,,,,,,Student added 38 instead of 308; confused hundreds with tens.,"Add or subtract hundreds and hundreds, tens and tens, ones and ones"
MATH-00066,2,i182025,Interim_eedi,q183659,B,A,1400.0,22.642857142857,65.928571428571,11.642857142857,,,,MULTICHOICE,,"Marissa is volunteering to help younger students with their math skills. Marissa has some toy building bricks she is using to teach students about addition. She puts the bricks in the three storage bins shown below. If Marissa adds 300 bricks and 8 bricks to the amount shown in the picture, how many bricks will she have in total?","Three clear plastic storage bins are shown side by side. The first bin (largest, most full) is labeled ""200 bricks."" The second bin (medium fullness) is labeled ""40 bricks."" The third bin (least full, smallest amount) is labeled ""5 bricks."" Total shown = 245 bricks. Adding 308 more = 553.",283,Student added 38 instead of 308; confused hundreds with tens.,553,Correct.,625,Student added 380 instead of 308; confused ones with tens.,,,,,,,,,,Student added 38 instead of 308; confused hundreds with tens.,"Add or subtract hundreds and hundreds, tens and tens, ones and ones"
MATH-00078,2,i184916,Compass,q187674,C,B,2076.0,8.959537572254,21.868978805394,69.17148362235,,,,MULTICHOICE,,"Mario made a cake for a bake sale to raise money for new computers in his school. To make the cake, Mario spent 27 minutes mixing ingredients and 23 minutes baking the cake. How many minutes altogether did it take Mario to make the cake?",,4,"Student misinterpreted the context as requiring subtraction, instead of addition, and found the difference between the two values.",40,"Student correctly interpreted the context as requiring addition, but did not regroup the 10 ones to the tens.",50,Correct.,,,,,,,,,,"Student correctly interpreted the context as requiring addition, but did not regroup the 10 ones to the tens.","Use addition within 100 to solve one-step word problems involving situations of adding to, taking from, putting together, taking apart, and comparing, with unknowns in all positions"
MATH-00078,2,i185374,Compass,q188301,C,B,103.0,2.912621359223301,13.592233009708737,83.49514563106796,,,,MULTICHOICE,,Cari picked 19 red apples and 14 green apples. How many total apples did Cari pick?,,5,Student subtracted instead of adding.,23,Student did not regroup when adding.,33,Correct.,,,,,,,,,,Student did not regroup when adding.,"Use addition within 100 to solve one-step word problems involving situations of adding to, taking from, putting together, taking apart, and comparing, with unknowns in all positions"
MATH-00078,2,i185375,Compass,q188302,C,B,107.0,8.411214953271028,10.280373831775702,81.30841121495327,,,,MULTICHOICE,,"To make a cake, Mario spent 27 minutes mixing ingredients and 23 minutes baking the cake. How many minutes did it take Mario to make the cake?",,4,"Student misinterpreted the context as requiring subtraction, instead of addition, and found the difference between the two values.",40,"Student correctly interpreted the context as requiring addition, but did not regroup when adding.",50,Correct.,,,,,,,,,,"Student correctly interpreted the context as requiring addition, but did not regroup when adding.","Use addition within 100 to solve one-step word problems involving situations of adding to, taking from, putting together, taking apart, and comparing, with unknowns in all positions"
MATH-00078,2,i113219,Interim_eedi,q100697,C,B,224.0,9.375,9.821428571428,81.25,,,,MULTICHOICE,,Milo's math homework took him 24 minutes to complete. His science homework took him 16 minutes to complete. How many minutes did it take him to complete his math and science homework?,,8,"Student misinterpreted the context as requiring subtraction, instead of addition, and found the difference between the two values.",30,"Student correctly interpreted the context as requiring addition, but did not regroup the 10 ones to the tens.",40,Correct.,,,,,,,,,,"Student correctly interpreted the context as requiring addition, but did not regroup the 10 ones to the tens.","Use addition within 100 to solve one-step word problems involving situations of adding to, taking from, putting together, taking apart, and comparing, with unknowns in all positions"
MATH-00078,2,i162356,Interim_eedi,q168743,C,B,19627.0,8.014469862943,20.145717633871,72.221939165435,,,,MULTICHOICE,,Cari picked 19 red apples and 14 green apples. How many total apples did Cari pick?,,5,Student subtracted instead of adding.,23,Student did not regroup the 10 ones to the tens place.,33,Correct.,,,,,,,,,,Student did not regroup the 10 ones to the tens place.,"Use addition within 100 to solve one-step word problems involving situations of adding to, taking from, putting together, taking apart, and comparing, with unknowns in all positions"
MATH-00078,2,i162381,Interim_eedi,q168758,C,B,7511.0,9.545999201171,25.60244974038,64.958061509785,,,,MULTICHOICE,,"To make a cake, Mario spent 27 minutes mixing ingredients and 23 minutes baking the cake. How many minutes did it take Mario to make the cake?",,4,"Student misinterpreted the context as requiring subtraction, instead of addition, and found the difference between the two values.",40,"Student correctly interpreted the context as requiring addition, but did not regroup the 10 ones to the tens.",50,Correct.,,,,,,,,,,"Student correctly interpreted the context as requiring addition, but did not regroup the 10 ones to the tens.","Use addition within 100 to solve one-step word problems involving situations of adding to, taking from, putting together, taking apart, and comparing, with unknowns in all positions"
MATH-00078,2,i162712,Interim_eedi,q169177,C,A,1938.0,41.382868937048,26.41898864809,32.19814241486,,,,MULTICHOICE,,"Sara has 54 rocks, which is 18 fewer rocks than Karina has. How many rocks does Karina have?",,36,"Student did not recognize the comparison would require addition; perhaps misinterpreted ""fewer"" to mean subtraction.",44,"Student misinterpreted ""fewer"" to mean subtraction and tried to subtract tens and ones separately, but subtracted the smaller digit from the larger digit in the ones instead of regrouping.",72,Correct.,,,,,,,,,,"Student did not recognize the comparison would require addition; perhaps misinterpreted ""fewer"" to mean subtraction.","Use addition within 100 to solve one-step word problems involving situations of adding to, taking from, putting together, taking apart, and comparing, with unknowns in all positions"
MATH-00078,2,i172938,Interim_eedi,q176846,C,B,4463.0,10.038090970199,24.086937037866,65.987004257226,,,,MULTICHOICE,,"Mario is making a cake for a bake sale to raise money for new technology in his school. To make the cake, Mario spent 27 minutes mixing ingredients and 23 minutes baking the cake. How many minutes did it take Mario to make the cake?",,4,"Student misinterpreted the context as requiring subtraction, instead of addition, and found the difference between the two values.",40,"Student correctly interpreted the context as requiring addition, but did not regroup the 10 ones to the tens.",50,Correct.,,,,,,,,,,"Student correctly interpreted the context as requiring addition, but did not regroup the 10 ones to the tens.","Use addition within 100 to solve one-step word problems involving situations of adding to, taking from, putting together, taking apart, and comparing, with unknowns in all positions"
MATH-00080,2,i185059,Compass,q187872,A,B,117.0,70.94017094017094,21.367521367521366,7.6923076923076925,,,,MULTICHOICE,,There were 30 people on the bus. Then 12 people got off the bus. How many people are on the bus now?,,18,Correct.,22,Student attempted to subtract each place value separately but made an error by not regrouping when needed and subtracted the smaller digit from the larger digit.,42,Student misinterpreted the context as addition instead of subtraction and found the sum of the two values.,,,,,,,,,,Student attempted to subtract each place value separately but made an error by not regrouping when needed and subtracted the smaller digit from the larger digit.,"Use subtraction within 100 to solve one-step word problems involving situations of adding to, taking from, putting together, taking apart, and comparing, with unknowns in all positions"
MATH-00080,2,i185478,Compass,q188444,A,B,115.0,54.78260869565217,22.608695652173914,22.608695652173914,,,,MULTICHOICE,,Mary had some pens. She got 16 more for her birthday. Now she has 35 in all. How many pens did Mary have before her birthday?,,19,Correct.,21,"Student tried to subtract tens and ones separately, but subtracted the smaller digit from the larger digit in the ones instead of regrouping.",51,Student misinterpreted a situation requiring subtraction as one requiring addition.,,,,,,,,,,"Student tried to subtract tens and ones separately, but subtracted the smaller digit from the larger digit in the ones instead of regrouping.","Use subtraction within 100 to solve one-step word problems involving situations of adding to, taking from, putting together, taking apart, and comparing, with unknowns in all positions"
MATH-00080,2,i112154,Interim_eedi,q101040,B,C,556.0,9.172661870503,77.338129496402,13.848920863309,,,,MULTICHOICE,,Julia had a bag of 31 carrot sticks. She ate 16 of the carrot sticks. How many carrot sticks does she have now?,,13,Student possibly tried to use a strategy for adding to subtract and took one away from 31 to make it 30 and gave it to 16 instead of taking one away from 16 as well; calculated 17 + ? = 30.,15,Correct.,47,Student added instead of subtracting.,,,,,,,,,,Student added instead of subtracting.,"Use subtraction within 100 to solve one-step word problems involving situations of adding to, taking from, putting together, taking apart, and comparing, with unknowns in all positions"
MATH-00080,2,i112554,Interim_eedi,q100299,A,B,2608.0,59.164110429447,29.371165644171,11.503067484662,,,,MULTICHOICE,,"Remy's notebook had 65 pages of paper. Then, he threw some pages out. There are 17 pages in the notebook now. How many pages did he throw out?",,48,Correct.,52,Student subtracted 7 − 5 in the ones place instead of decomposing a ten and subtracting 15 − 7.,82,Student misinterpreted the context and added instead of subtracting.,,,,,,,,,,Student subtracted 7 − 5 in the ones place instead of decomposing a ten and subtracting 15 − 7.,"Use subtraction within 100 to solve one-step word problems involving situations of adding to, taking from, putting together, taking apart, and comparing, with unknowns in all positions"
MATH-00080,2,i112642,Interim_eedi,q100405,A,B,224.0,71.875,19.642857142857,9.375,,,,MULTICHOICE,,There were 40 birds at the park. Then 23 of the birds flew away. How many birds are at the park now?,,17,Correct.,23,"Student subtracted ones and tens separately, but subtracted 3 - 0 instead of decomposing a ten.",63,Student misinterpreted the context as addition instead of subtraction and found the sum of the two values.,,,,,,,,,,"Student subtracted ones and tens separately, but subtracted 3 - 0 instead of decomposing a ten.","Use subtraction within 100 to solve one-step word problems involving situations of adding to, taking from, putting together, taking apart, and comparing, with unknowns in all positions"
MATH-00080,2,i116579,Interim_eedi,q113915,A,B,8448.0,66.986268939393,18.110795454545,16.133996212121,,,,MULTICHOICE,,Rita's book has 75 pages. She has read 6 pages. How many pages does Rita still need to read to finish the book?,,69,Correct.,71,Student subtracted 5 from 6 rather than regrouping to subtract 75 - 6.,79,Student did not reduce the tens place by 1 ten when regrouping.,,,,,,,,,,Student subtracted 5 from 6 rather than regrouping to subtract 75 - 6.,"Use subtraction within 100 to solve one-step word problems involving situations of adding to, taking from, putting together, taking apart, and comparing, with unknowns in all positions"
MATH-00080,2,i162377,Interim_eedi,q168752,A,B,7356.0,58.74116367591,24.918433931484,16.42196846112,,,,MULTICHOICE,,There were 30 people on the bus. Then 12 people got off the bus. How many people are on the bus now?,,18,Correct.,22,"Student subtracted ones and tens separately, but subtracted 2 - 0 instead of decomposing a ten.",42,Student misinterpreted the context as addition instead of subtraction and found the sum of the two values.,,,,,,,,,,"Student subtracted ones and tens separately, but subtracted 2 - 0 instead of decomposing a ten.","Use subtraction within 100 to solve one-step word problems involving situations of adding to, taking from, putting together, taking apart, and comparing, with unknowns in all positions"
MATH-00080,2,i162380,Interim_eedi,q168757,A,C,8415.0,72.905525846702,12.786690433749,14.426619132501,,,,MULTICHOICE,,Mekhi has 15 comic books. He gives 6 to his neighbor. How many comic books does Mekhi have left over?,,9,Correct.,11,Student subtracted 6 - 5 in the ones place rather than decomposing the ten.,21,Student found the sum of the two amounts rather than finding the difference.,,,,,,,,,,Student found the sum of the two amounts rather than finding the difference.,"Use subtraction within 100 to solve one-step word problems involving situations of adding to, taking from, putting together, taking apart, and comparing, with unknowns in all positions"
MATH-00080,2,i172937,Interim_eedi,q176845,A,C,6382.0,75.148856157944,11.563773111877,13.350047007207,,,,MULTICHOICE,,Mekhi joins a book exchange program to help promote reading in his community. Mekhi has 15 books. He gives 6 books to his neighbors. How many books does Mekhi have left over?,,9,Correct.,11,Student subtracted 6 - 5 in the ones place rather than decomposing the ten.,21,Student found the sum of the two amounts rather than finding the difference.,,,,,,,,,,Student found the sum of the two amounts rather than finding the difference.,"Use subtraction within 100 to solve one-step word problems involving situations of adding to, taking from, putting together, taking apart, and comparing, with unknowns in all positions"
MATH-00080,2,i172939,Interim_eedi,q176847,A,B,6368.0,54.302763819095,26.130653266331,19.6608040201,,,,MULTICHOICE,,A group of 12 people is using public transportation to attend a town meeting about improving their town's recycling program. There are 30 people on the bus that the group is riding. Then the group of 12 people get off the bus. How many people are on the bus now?,,18,Correct.,22,"Student subtracted ones and tens separately, but subtracted 2 - 0 instead of decomposing a ten.",42,Student misinterpreted the context as addition instead of subtraction and found the sum of the two values.,,,,,,,,,,"Student subtracted ones and tens separately, but subtracted 2 - 0 instead of decomposing a ten.","Use subtraction within 100 to solve one-step word problems involving situations of adding to, taking from, putting together, taking apart, and comparing, with unknowns in all positions"
MATH-00080,2,i174265,Interim_eedi,q177619,A,B,9723.0,66.851794713565,17.41232130001,16.05471562275,,,,MULTICHOICE,,Rohan is part of a book club that is reading books about women leaders throughout history. The first book the club chose to read has 75 pages. Rohan has read 6 pages. How many pages does Rohan still need to read to finish the book?,,69,Correct.,71,Student subtracted 5 from 6 rather than regrouping to subtract 75 - 6.,79,Student did not reduce the tens place by 1 ten when regrouping.,,,,,,,,,,Student subtracted 5 from 6 rather than regrouping to subtract 75 - 6.,"Use subtraction within 100 to solve one-step word problems involving situations of adding to, taking from, putting together, taking apart, and comparing, with unknowns in all positions"
MATH-00082,2,i112126,Interim_eedi,q101352,A,B,9642.0,68.16013275254,18.50238539722,13.741962248496,,,,MULTICHOICE,,Ben had 47 trading cards. He got 6 new cards as a gift. Then he gave 12 cards to his brother. How many cards does Ben have now?,,41,Correct.,53,"Student completed the first step required to solve the word problem (47 + 6), but did not complete the second step (53 - 12); only found the number of cards Ben had after receiving his gift.",65,Student misinterpreted the context as requiring addition for all values.,,,,,,,,,,"Student completed the first step required to solve the word problem (47 + 6), but did not complete the second step (53 - 12); only found the number of cards Ben had after receiving his gift.","Use addition and subtraction within 100 to solve two-step word problems involving situations of adding to, taking from, putting together, taking apart, and comparing, with unknowns in all positions"
MATH-00082,2,i113065,Interim_eedi,q100699,A,C,4828.0,44.635459817729,27.713338856669,28.251864125932,,,,MULTICHOICE,,"Jeff has 90 beads. All of the beads are red, black, or green. 36 of Jeff's beads are red, and 44 of his beads are black. How many beads are green?",,10,Correct.,20,Student did not regroup correctly from the ones to the tens place when adding 36 and 44.,170,Student did not realize that subtraction was necessary; added all numbers in the question.,,,,,,,,,,Student did not realize that subtraction was necessary; added all numbers in the question.,"Use addition and subtraction within 100 to solve two-step word problems involving situations of adding to, taking from, putting together, taking apart, and comparing, with unknowns in all positions"
MATH-00082,2,i116601,Interim_eedi,q113944,A,C,9537.0,40.379574289608,29.831183810422,30.187690049281,,,,MULTICHOICE,,"Jamari and Kelila are playing a game. Jamari has 7 points, and Kelila has 9 points. Then Kelila gets 3 more points. Now, how many more points does Kelila have than Jamari?",,5,Correct.,13,"Student interpreted ""gets 3 more"" to mean subtraction and ""how many more"" to mean addition; solved 9 − 3 + 7.",19,"Student misinterpreted ""how many more"" to mean addition; added all 3 numbers.",,,,,,,,,,"Student misinterpreted ""how many more"" to mean addition; added all 3 numbers.","Use addition and subtraction within 100 to solve two-step word problems involving situations of adding to, taking from, putting together, taking apart, and comparing, with unknowns in all positions"
MATH-00086,2,i130497,Interim_eedi,q126109,B,A,9951.0,27.303788563963,56.587277660536,16.943020801929,,,,MULTICHOICE,,Jamie has an odd number of markers. Which could describe all of Jamie's markers?,,Jamie has 5 blue markers and 5 red markers.,"Student confused odd addends with an odd sum, OR confused odd and even.","Jamie has 3 yellow markers, 8 blue markers, and 8 red markers.",Correct.,"Jamie has 4 yellow markers, 4 blue markers, and 4 red markers.","Student confused an odd number of equal addends with an odd sum, OR confused odd and even.",,,,,,,,,,"Student confused odd addends with an odd sum, OR confused odd and even.",Determine whether a group of objects (up to 20) has an odd or even number of members
MATH-00086,2,i155066,Interim_eedi,q161700,A,B,182.0,75.824175824175,15.934065934065,8.241758241758,,,,MULTICHOICE,,Jamie has an odd number of tiles. Which image could show all of Jamie's tiles?,"Three images of tile arrays are shown. A) An irregular/staircase arrangement of square tiles — 6 tiles in the top row, 5 in the second, 4 in the bottom — totaling 15 tiles (odd), arranged so they cannot be paired evenly. B) A 4x3 rectangular grid of 12 tiles (even). C) A 2x5 rectangular grid of 10 tiles (even).",[Irregular staircase tile array - 15 tiles],Correct.,[4x3 rectangular grid - 12 tiles],Student selected an image with an odd number of rows.,[2x5 rectangular grid - 10 tiles],Student selected an image with an odd number of tiles in each row.,,,,,,,,,,Student selected an image with an odd number of rows.,Determine whether a group of objects (up to 20) has an odd or even number of members
MATH-00088,2,i130496,Interim_eedi,q126108,C,B,10130.0,13.494570582428,25.528134254689,61.737413622902,,,,MULTICHOICE,,Which picture proves that the number of flowers is even?,"Three images of flower groupings are shown. A) Flowers arranged in groups of 2 across 3 rows, with the last row having one group of 2 and one single flower — an odd total (9 flowers). B) Flowers arranged in 5 columns of 2 rows — 10 flowers arranged in 5 equal groups of 2 (but presented in a 5-column grid, not in pairs). C) Flowers arranged in pairs (groups of 2) in 4 rows of 2 pairs each — 8 flowers shown as 4 pairs, demonstrating even pairing with no remainders.",[Flowers in groups with one leftover],Student confused odd and even.,[Flowers in 5 equal columns of 2],Student confused grouping a set of objects into 2 equally sized groups (or groups of 2) with grouping a set of objects into any number of equally sized groups; assumed that any grouping of equally sized groups is even.,[Flowers in 4 rows of 2 pairs each],Correct.,,,,,,,,,,Student confused grouping a set of objects into 2 equally sized groups (or groups of 2) with grouping a set of objects into any number of equally sized groups; assumed that any grouping of equally sized groups is even.,Group objects into pairs to determine if the group of objects (up to 20) has an odd or even number of members
MATH-00091,2,i112555,Interim_eedi,q110924,B,C,10019.0,6.647369997005,85.547459826329,8.224373689989,,,,MULTICHOICE,,Malcolm buys the box of donuts shown in the picture below. Which number sentence can be used to find the total number of donuts in the box?,"A rectangular box of donuts is shown containing a 3-row by 5-column array of donuts. Each donut is illustrated as a round pastry with sprinkles. There are 3 rows and 5 donuts per row, totaling 15 donuts.",5 + 3 = ?,Student added the number of columns and the number of rows.,5 + 5 + 5 = ?,Correct.,5 + 3 + 5 + 3 = ?,Student tried to find the border of the box by adding the number of donuts that compose the length and the width twice.,,,,,,,,,,Student tried to find the border of the box by adding the number of donuts that compose the length and the width twice.,Determine  the total number of objects arranged in rectangular arrays with up to 5 rows and up to 5 columns
MATH-00091,2,i155068,Interim_eedi,q161702,B,A,182.0,15.934065934065,79.120879120879,4.945054945054,,,,MULTICHOICE,,Shakila has some rolls of paper towels. The rolls are arranged in 4 columns with 3 rolls in each column. Which tape diagram correctly represents Shakila's total rolls of paper towels?,"Three tape diagrams are shown. A) A tape diagram with 2 sections: one labeled ""3"" and one labeled ""4"" (adds columns and rows). B) A tape diagram with 4 equal sections each labeled ""3"" (4 groups of 3 — correct). C) A tape diagram with 4 equal sections each labeled ""4"" (uses number of columns for both the number of sections and the value in each section).",[Tape diagram: 2 sections labeled 3 and 4],Student selected a tape diagram that added together the number of columns and the number of rows.,[Tape diagram: 4 sections each labeled 3],Correct.,[Tape diagram: 4 sections each labeled 4],Student selected a tape diagram that used the number of columns as both the number of columns and the number of rolls in each column.,,,,,,,,,,Student selected a tape diagram that added together the number of columns and the number of rows.,Determine  the total number of objects arranged in rectangular arrays with up to 5 rows and up to 5 columns
MATH-02598,2,i110223,Interim_eedi,q100762,B,A,8560.0,38.57476635514,51.962616822429,10.572429906542,,,,MULTICHOICE,,There were 48 students on the playground. Ms. Carr's class entered the playground. Now there are 74 students on the playground. Which number sentence could be used to find the number of students in Ms. Carr's class?,,48 + 74 = ♦,Student represented the sum as an addend.,48 + ♦ = 74,Correct.,48 - ♦ = 74,Student represented the missing number as a missing minuend instead of a missing addend; tried to represent 74 - 48 = ?.,,,,,,,,,,Student represented the sum as an addend.,Use drawings or equations with a symbol for the unknown number to represent one-step addition problems within 100
MATH-00095,3,i116713,Interim_eedi,q114054,BCF,D,4749.0,35.818066961465,61.591914087176,53.295430616971,40.955990734891,19.330385344283,62.434196672983,MULTISELECT,,Which three shapes appear to be parallelograms? Select three that apply.,Six shapes labeled A-F: A is an irregular quadrilateral with no parallel sides. B is a rectangle. C is a diamond/rhombus shape with two pairs of parallel sides. D is a trapezoid with one pair of parallel sides. E is a regular hexagon with three pairs of parallel sides. F is a classic slanted parallelogram.,(Irregular quadrilateral shape),Student thought all quadrilaterals are parallelograms.,(Rectangle shape),Correct.,(Diamond/rhombus shape),Correct.,(Trapezoid shape),Student thought a trapezoid is a parallelogram; perhaps thought a parallelogram has at least one pair of parallel sides.,(Hexagon shape),Student thought a hexagon is a parallelogram; perhaps thought that a parallelogram is any shape made up of pairs of parallel sides.,(Classic parallelogram shape),Correct.,,,,Student thought a trapezoid is a parallelogram; perhaps thought a parallelogram has at least one pair of parallel sides.,Understand that shared attributes can define a larger category of shapes
MATH-00096,3,i185777,Compass,q188827,C,A,82.0,7.317073170731708,6.097560975609756,81.70731707317073,4.878048780487805,,,MULTICHOICE,,Sara says that each part of the figure shown below is 1/8 of the whole. Which statement best describes Sara's thinking?,Image shows a rectangle divided into 8 parts of unequal sizes — the parts are not equal in area even though there are 8 of them.,Sara is correct because there are 8 parts in all.,Student misunderstood a unit fraction to mean one part out of a number of parts rather than one part out of a number of parts of equal size.,Sara is correct because each of the 8 parts is a rectangle.,Student misunderstood a unit fraction to mean one part out of a number of parts of the same shape rather than one part out of a number of parts of equal size.,Sara is incorrect because not all 8 parts are equal.,Correct.,Sara is incorrect because none of the 8 parts are shaded.,Student may only have thought of fractions as shaded parts of wholes.,,,,,,,,Student misunderstood a unit fraction to mean one part out of a number of parts rather than one part out of a number of parts of equal size.,"Express the area of each equal part of a shape as a unit fraction of the whole (with denominators of 2, 3, 4, 6, and 8)"
MATH-00096,3,i112098,Interim_eedi,q110826,C,A,20755.0,14.902433148638,9.766321368344,62.53432907733,13.17272946278,,,MULTICHOICE,,Sara says that each part of the figure shown below is 1/8 of the whole. Which statement best describes Sara's thinking?,"A rectangle divided into 8 parts in a 4-column by 2-row arrangement. The top row contains 4 taller rectangles and the bottom row contains 4 shorter rectangles, making the top and bottom parts unequal in area — so the 8 parts are not all equal.",Sara is correct because there are 8 parts in all.,Student misunderstood 1/8 to mean 1 out of 8 parts rather than 1 out of 8 equal parts.,Sara is correct because each of the 8 parts is a rectangle.,Student misunderstood 1/8 to mean 1 out of 8 same-shaped parts rather than 1 out of 8 equal parts.,Sara is incorrect because not all 8 parts are equal.,Correct.,Sara is incorrect because none of the 8 parts are shaded.,Student may only have thought of fractions as shaded parts of wholes.,,,,,,,,Student misunderstood 1/8 to mean 1 out of 8 parts rather than 1 out of 8 equal parts.,"Express the area of each equal part of a shape as a unit fraction of the whole (with denominators of 2, 3, 4, 6, and 8)"
MATH-00097,3,i185778,Compass,q188828,BEF,A,82.0,23.170731707317074,74.39024390243902,12.195121951219512,3.658536585365854,90.2439024390244,91.46341463414635,MULTISELECT,,Select three figures that are divided into parts with equal areas.,"Image shows six figures (A–F), each divided into parts. Figures B, E, and F are divided into parts with equal areas. Figures A and C show shapes partitioned by equally spaced lines that create unequal areas. Figure D shows a shape partitioned from one vertex to another creating unequal areas.",(Figure A),Student chose a figure partitioned by equally spaced lines but did not recognize that this created parts with different areas.,(Figure B),Correct.,(Figure C),Student chose a figure partitioned by equally spaced lines but did not recognize that this created parts with different areas.,(Figure D),Student chose a figure partitioned from one vertex to another but did not recognize that this created parts with different areas.,(Figure E),Correct.,(Figure F),Correct.,,,,Student chose a figure partitioned by equally spaced lines but did not recognize that this created parts with different areas.,"Partition shapes into parts with equal areas (2, 3, 4, 6, or 8 equal parts)"
MATH-00097,3,i112144,Interim_eedi,q110837,BEF,A,20893.0,33.489685540611,50.437945723448,27.061695304647,4.092279710907,74.321543100559,83.219260039247,MULTISELECT,,Select three figures that are divided into parts with equal areas.,Six shapes labeled A-F with internal partitions: A is an octagon divided by two horizontal lines creating three sections of unequal area (middle section largest). B is a square divided diagonally by a line creating two equal triangles. C is a triangle divided by two horizontal lines creating three sections of unequal area. D is a pentagon divided by a line from one vertex to another creating two parts of unequal area. E is a diamond/rhombus divided by a diagonal line into two equal triangles. F is a circle divided into three equal sectors by lines from the center.,(Octagon with two horizontal lines — unequal areas),Student chose a figure partitioned by two equally spaced lines but did not recognize that this made one part that has a different area than the other two.,(Square with diagonal partition),Correct.,(Triangle with two horizontal lines — unequal areas),Student chose a figure partitioned by two equally spaced lines but did not recognize that this made three parts that each have a different area.,(Pentagon with vertex-to-vertex partition — unequal areas),Student chose a figure partitioned from one vertex to another; did not recognize that this made two parts that each have a different area.,(Diamond/rhombus with diagonal into two equal triangles),Correct.,(Circle divided into three equal sectors),Correct.,,,,Student chose a figure partitioned by two equally spaced lines but did not recognize that this made one part that has a different area than the other two.,"Partition shapes into parts with equal areas (2, 3, 4, 6, or 8 equal parts)"
MATH-00098,3,i110167,Compass,q100084,B,A,12.0,58.333333333333336,33.333333333333336,,8.333333333333334,,,MULTICHOICE,,Carlos began a puzzle at 4:48 p.m. He finished at 5:17 p.m. How many minutes did Carlos spend solving the puzzle?,,17,Student interpreted the minute reading of the end time as the total duration.,29,Correct.,31,Student subtracted the smaller minute reading from the larger minute reading.,69,Student subtracted the start time from the finish time as if in base-ten numeral form; may have thought that there are 100 minutes in an hour instead of 60.,,,,,,,,Student interpreted the minute reading of the end time as the total duration.,"Measure time intervals in minutes (within 60 minutes), including finding elapsed time"
MATH-00100,3,i138108,Compass,q142524,D,C,6083.0,10.817031070195,8.285385500575,40.374815058359,40.522768370869,,,MULTICHOICE,,Michelle and Brian started playing a game at the time shown below. They finished the game 36 minutes later. At what time did they finish the game?,"An analog clock face showing the time 7:20. The hour hand points between 7 and 8 (closer to 7), and the minute hand points to the 4 (indicating 20 minutes past the hour).",5:11,"Student confused the minute hand with the hour hand, read the clock as 4:35, and added 36 minutes to that time.",6:44,Student correctly read the given time but misinterpreted 'later' to indicate that subtraction was needed; chose a time 36 minutes earlier than 7:20.,7:40,Student may not understand that each numeral on the clock represents five minutes; added 36 minutes to 7:04.,7:56,Correct.,,,,,,,,Student may not understand that each numeral on the clock represents five minutes; added 36 minutes to 7:04.,Solve word problems involving addition of time intervals in minutes
MATH-00100,3,i138107,Interim_eedi,q142523,C,A,25075.0,20.235294117647,16.358923230309,47.629112662013,16.043868394815,,,MULTICHOICE,,Lynell spends 23 minutes doing her math homework and 18 minutes doing her science homework. At what time will Lynell finish her math and science homework if she starts at 5:26?,,5:49,Student misinterpreted the context and only added the time it would take for Lynell to do her math homework (23 minutes).,5:67,"Student added both of the times to 5:26, but did not recognize that because there are only 60 minutes in an hour, regrouping to a new hour is necessary.",6:07,Correct.,6:41,"Student added 23 and 18 to calculate the minutes, and reasoned (through estimation) that Lynell would complete her homework during the next hour interval to calculate the hour.",,,,,,,,Student misinterpreted the context and only added the time it would take for Lynell to do her math homework (23 minutes).,Solve word problems involving addition of time intervals in minutes
MATH-00100,3,i171751,Interim_eedi,q175907,D,C,9925.0,10.156171284634,9.662468513853,36.352644836272,43.949622166246,,,MULTICHOICE,,Michelle and Brian started playing a game at the time shown below. They finished the game 36 minutes later. At what time did they finish the game?,"An analog clock showing the hour hand pointing between 7 and 8 (closer to 7) and the minute hand pointing to the 4 (representing 20 minutes), displaying the time 7:20.",5:12,"Student confused the minute hand with the hour hand, read the clock as 4:36, and added 36 minutes to that time.",6:44,"Student correctly read the given time but misinterpreted ""later"" to indicate that subtraction was needed; chose a time 36 minutes earlier than 7:20.",7:40,Student may not understand that each numeral on the clock represents five minutes; added 36 minutes to 7:04.,7:56,Correct.,,,,,,,,Student may not understand that each numeral on the clock represents five minutes; added 36 minutes to 7:04.,Solve word problems involving addition of time intervals in minutes
MATH-00101,3,i138109,Interim_eedi,q142525,A,B,1009.0,52.824578790882,21.308225966303,20.911793855302,5.054509415262,,,MULTICHOICE,,Which clock shows the time 8:07?,"Four analog clocks labeled A-D displaying different times: A shows the hour hand pointing near 8 and the minute hand pointing to just past 12 (at the 1, representing 7 minutes past), correctly showing 8:07. B shows swapped hand positions. C shows the minute hand pointing directly at the 7. D shows a time close to 7:08.",(Clock correctly showing 8:07),Correct.,(Clock with swapped minute and hour hands),Student confused the minute and the hour hands and did not recognize that the minute hand measures in intervals of 5.,(Clock with minute hand pointing at numeral 7),Student did not recognize that the minute hand measures in intervals of 5 and selected a minute hand that was on 7 for 7 minutes.,(Clock showing 7:08),Student confused minutes and hours; chose a clock that shows 7:08 instead of 8:07.,,,,,,,,Student confused the minute and the hour hands and did not recognize that the minute hand measures in intervals of 5.,Tell and write time to the nearest minute
MATH-00103,3,i130926,Compass,q126767,A,B,10599.0,41.23030474573,24.59666006227,12.727615812812,21.445419379186,,,MULTICHOICE,,"Noah uses some carrots for cooking. The scales below show the masses, in grams, of the starting amount of carrots and of the carrots Noah used for cooking. About how many grams of carrots were not used in Noah's cooking?","Two identical round dial scales are shown side by side. Each scale has markings at 0g (top), 10, 20, 30, 40, 50, 60, 70, 80, and 90. The left scale is labeled ""Mass of starting amount of carrots"" and its needle points to approximately 70 grams, with a larger pile of carrots on top. The right scale is labeled ""Mass of carrots used for cooking"" and its needle points to approximately 40 grams, with a smaller pile of carrots on top.",30,Correct.,40,Student found the estimated mass of carrots used for cooking by choosing the measurement on the second scale.,60,"Student rounded the starting mass of the carrots (~70) up to 100 without recognizing that was not necessarily the closest estimate, and subtracted 40 from 100.",110,Student added the estimated values instead of subtracting.,,,,,,,,Student found the estimated mass of carrots used for cooking by choosing the measurement on the second scale.,Use subtraction to solve one-step word problems involving masses or volumes that are given in the same units
MATH-00103,3,i185063,Compass,q187876,A,B,93.0,64.51612903225806,17.204301075268816,7.526881720430108,10.75268817204301,,,MULTICHOICE,,"Noah bought some carrots. He cooked some of the carrots for dinner and then put away the rest. The scales below show the masses, in grams, of the carrots Noah bought and the carrots he cooked for dinner. About how many grams of carrots did Noah put away after he cooked dinner?","Image shows two scales. The first scale shows the total carrots Noah bought, with the needle pointing to approximately 70 grams. The second scale shows the carrots he cooked, with the needle pointing to approximately 40 grams.",30,Correct.,40,Student identified only one given value instead of performing the necessary subtraction to find the difference.,60,"Student rounded one of the given values to the nearest hundred instead of nearest ten before subtracting, resulting in a less precise estimate.",110,Student added the estimated values instead of subtracting.,,,,,,,,Student identified only one given value instead of performing the necessary subtraction to find the difference.,Use subtraction to solve one-step word problems involving masses or volumes that are given in the same units
MATH-00103,3,i171718,Interim_eedi,q175883,A,B,23823.0,44.415061075431,26.646518070771,11.090122990387,18.007807580909,,,MULTICHOICE,,"Noah bought some carrots. He cooked some of the carrots for dinner and then put away the rest. The scales below show the masses, in grams, of the carrots Noah bought and the carrots he cooked for dinner. About how many grams of carrots did Noah put away after he cooked dinner?","Two analog kitchen scales side by side. The left scale is labeled ""Mass of Carrots Bought"" and shows a pile of carrots with the dial reading approximately 70 grams. The right scale is labeled ""Mass of Carrots Cooked for Dinner"" and shows a smaller pile of carrots with the dial reading approximately 40 grams.",30,Correct.,40,Student found the estimated mass of carrots used for cooking by choosing the measurement on the second scale.,60,"Student rounded the mass of carrots Noah bought (~70) up to 100 without recognizing that was not necessarily the closest estimate, and subtracted 40 from 100.",110,Student added the estimated values instead of subtracting.,,,,,,,,Student found the estimated mass of carrots used for cooking by choosing the measurement on the second scale.,Use subtraction to solve one-step word problems involving masses or volumes that are given in the same units
MATH-00104,3,i185064,Compass,q187877,C,A,98.0,27.551020408163264,6.122448979591836,62.244897959183675,4.081632653061225,,,MULTICHOICE,,Gabrielle uses the amount of water shown below to make a jug of lemonade. Gabrielle will make 6 jugs of lemonade. How many total liters (L) of water will she use?,Image shows a beaker or measuring container with water filled to the 3 L mark on a scale that goes up to 4 L.,3,Student used subtraction instead of multiplication to try to find the total amount.,9,"Student added the two given values instead of multiplying, possibly misinterpreting the meaning of ""total.""",18,Correct.,24,"Student used an incorrect value for one group when multiplying, likely confusing the maximum marked value with the given marked value.",,,,,,,,Student used subtraction instead of multiplication to try to find the total amount.,Use multiplication to solve one-step word problems involving masses or volumes that are given in the same units
MATH-00104,3,i162729,Interim_eedi,q169198,C,A,34131.0,39.486097682458,10.726319181975,44.510855234244,5.505259148574,,,MULTICHOICE,,Gabrielle uses the amount of water shown below to make a jug of lemonade. Gabrielle will make 6 jugs of lemonade. How many total liters (L) of water will she use?,"A glass bottle/jug shown with measurement markings on its side at 1L, 2L, 3L, and 4L. The shaded (filled) portion of the bottle reaches up to the 3L mark, indicating 3 liters of water.",3,Student subtracted 3 from 6 instead of multiplying.,9,"Student added 3 and 6 instead of multiplying; may have misinterpreted ""total"" to indicate addition.",18,Correct.,24,"Student used 4 liters, the measure of each jug, instead of 3 liters, the value indicated by the shading of the jug.",,,,,,,,Student subtracted 3 from 6 instead of multiplying.,Use multiplication to solve one-step word problems involving masses or volumes that are given in the same units
MATH-00111,3,i112618,Interim_eedi,q102790,B,A,152.0,17.105263157894,58.552631578947,17.105263157894,7.236842105263,,,MULTICHOICE,,The bar graph below shows the number of times a video clip was viewed over a five-day period. How many fewer views did the video clip have on Friday than on Tuesday?,"A bar graph titled ""Video Clip Views."" The y-axis is labeled ""Number of Views"" and ranges from 0 to 260 in increments of 20. The x-axis is labeled ""Day."" Bar heights: Monday ~160, Tuesday ~200, Wednesday ~140, Thursday ~180, Friday ~160.",20,"Student assumed that the intervals on the y-axis were units of 10, OR found the difference between Tuesday and Thursday.",40,Correct.,160,"Student found the number of video clip views on Friday; student possibly confused ""how many fewer"" with ""which amount is fewer"" and chose the bar for the day with fewer views.",180,Student chose the number for the line in between the two days.,,,,,,,,"Student assumed that the intervals on the y-axis were units of 10, OR found the difference between Tuesday and Thursday.",Solve one-step problems using information presented in a scaled bar graph
MATH-00111,3,i171752,Interim_eedi,q175908,B,D,3814.0,19.323544834819,44.677503932878,11.274252753015,24.750917671735,,,MULTICHOICE,,The 3rd grade set a goal of donating 400 cans. How many more cans does the 3rd grade need to reach its goal of 400 total cans? Respond in the space provided.,"A vertical bar graph titled ""Can Donation Results."" The x-axis is labeled ""Classroom Teacher and Grade"" with four bars: Ms. Ebosie (2nd Grade) at approximately 80 cans, Mr. Grant (2nd Grade) at approximately 170 cans, Mr. Diaz (3rd Grade) at approximately 110 cans, and Mrs. Brown (3rd Grade) at approximately 150 cans. The y-axis is labeled ""Number of Cans Donated"" and ranges from 0 to 200, with gridlines at every 10 units.",[Open Response] Correct Answer: 150 cans,Student misinterpreted the scale as if each horizontal line represented 1 can and counted 9 intervals between the tops of Ms. Ebosie's and Mr. Grant's bars.,90,Correct.,99,Student misread the scale as if each horizontal line represented 1 can counting down from 200 and 100; subtracted 98 from 197.,110,Student correctly read the graph but subtracted the smaller number from the larger number in the tens place rather than regrouping.,,,,,,,,Student correctly read the graph but subtracted the smaller number from the larger number in the tens place rather than regrouping.,Solve one-step problems using information presented in a scaled bar graph
MATH-00111,3,i183858,Interim_eedi,q186190,B,D,741.0,14.304993252361,51.956815114709,11.87584345479,21.862348178137,,,MULTICHOICE,,The 3rd grade set a goal of donating 400 cans. How many more cans does the 3rd grade need to reach its goal of 400 total cans? Respond in the space provided.,"A vertical bar graph titled ""Can Donation Results."" The x-axis is labeled ""Classroom Teacher and Grade"" with four bars: Ms. Ebosie (2nd Grade) at approximately 80 cans, Mr. Grant (2nd Grade) at approximately 170 cans, Mr. Diaz (3rd Grade) at approximately 110 cans, and Mrs. Brown (3rd Grade) at approximately 150 cans. The y-axis is labeled ""Number of Cans Donated"" and ranges from 0 to 200, with gridlines at every 10 units.",[Open Response] Correct Answer: 150 cans,Student misinterpreted the scale as if each horizontal line represented 1 can and counted 9 intervals between the tops of Ms. Ebosie's and Mr. Grant's bars.,90,Correct.,99,Student misread the scale as if each horizontal line represented 1 can counting down from 200 and 100; subtracted 98 from 197.,110,Student correctly read the graph but subtracted the smaller number from the larger number in the tens place rather than regrouping.,,,,,,,,Student correctly read the graph but subtracted the smaller number from the larger number in the tens place rather than regrouping.,Solve one-step problems using information presented in a scaled bar graph
MATH-00113,3,i112398,Interim_eedi,q102375,C,B,1356.0,17.256637168141,17.40412979351,58.259587020648,7.153392330383,,,MULTICHOICE,,Which bar graph shows the same information as the picture graph below?,"A picture graph titled ""Utensils in a Restaurant."" Forks row: 5 full circles = 30 utensils. Knives row: 2 full circles + 1 half circle = 15 utensils. Spoons row: 4 full circles + 1 half circle = 27 utensils. Key: 1 full circle = 6 utensils; 1 half circle = 3 utensils. Four bar graphs (A-D) are shown as answer choices.","(Bar graph: Forks ~25, Knives ~15, Spoons ~30)",Student switched the number of forks and spoons.,"(Bar graph: Forks ~30, Knives ~12, Spoons ~24)",Student did not include the half pictures in the totals.,"(Bar graph: Forks ~30, Knives ~15, Spoons ~27)",Correct.,"(Bar graph: Forks ~5, Knives ~2, Spoons ~5)","Student counted the number of pictures and picked a graph that displayed the number of pictures used, not the number of utensils represented.",,,,,,,,Student did not include the half pictures in the totals.,Use a scaled bar graph to represent a data set with several categories
MATH-00115,3,i112715,Interim_eedi,q101028,A,D,6834.0,44.863915715539,11.954931226221,21.656423763535,21.817383669885,,,MULTICHOICE,,"Ms. Beverly's class planted bean sprouts and recorded the plants' heights. They found that 3 plants were 2 1/2 inches tall, 2 plants were 1 1/4 inches tall, 1 plant was 2 inches tall, and 1 plant was 1 3/4 inches tall. Which line plot correctly shows the heights of the bean sprouts?","Four line plots (A-D) each showing a number line from 0 to 3 with X marks. A: Three X's stacked at 2 1/2, two X's at 1 1/4, one X at 2, one X at 1 3/4 (correct distribution). B: One X at each of the four values only. C: The positions of 1 1/4 and 1 3/4 are switched. D: X's plotted for every number mentioned in the problem text.",(Line plot A — correct distribution of X marks),Correct.,(Line plot B — one X per unique value),Student plotted only one point for each value; perhaps overlooked or misunderstood the number of data points for each plant height.,(Line plot C — 1 1/4 and 1 3/4 positions switched),"Student counted down from 2 to plot 1 1/4 and 1 3/4, switching the values of 1 1/4 with 1 3/4.",(Line plot D — X for every number mentioned),Student ignored the context and plotted an X for each number in the prompt.,,,,,,,,Student ignored the context and plotted an X for each number in the prompt.,"Show measurement data by making a fractional line plot, where the horizontal scale is marked off in appropriate units (whole numbers, halves, or quarters)"
MATH-00121,3,i185065,Compass,q187878,C,D,79.0,8.860759493670885,3.7974683544303796,73.41772151898734,13.924050632911392,,,MULTICHOICE,,"What is the area, in square units, of the shaded figure on the grid below?",Grid showing an irregular shaded shape resembling an inverted T or L-shape covering 34 square units.,24,Student counted the number of shaded unit squares around the edge of the shaded shape rather than counting the total number of unit squares that make up the shape.,28,Student confused area with perimeter.,34,Correct.,40,Student applied a multiplication strategy based on an assumed rectangular shape but did not adjust for missing sections.,,,,,,,,Student applied a multiplication strategy based on an assumed rectangular shape but did not adjust for missing sections.,Measure the area of a rectangle by counting unit squares
MATH-00121,3,i185066,Compass,q187879,C,B,76.0,2.6315789473684212,3.9473684210526314,90.78947368421052,2.6315789473684212,,,MULTICHOICE,,"In the rectangle below, each small square is one square unit. What is the area, in square units, of the rectangle?","A rectangle is shown divided into a grid of small unit squares. The rectangle is 5 units wide and 3 units tall, containing 15 unit squares total. The border of the rectangle contains 12 unit squares.",8,Student added the length and the width to find area instead of multiplying.,12,Student counted the unit squares that make up the border of the rectangle rather than the total number of unit squares that make up the rectangle.,15,Correct.,16,Student confused area with perimeter.,,,,,,,,Student counted the unit squares that make up the border of the rectangle rather than the total number of unit squares that make up the rectangle.,Measure the area of a rectangle by counting unit squares
MATH-00121,3,i138659,Interim_eedi,q143461,C,D,29523.0,8.213934898214,8.234258036107,73.085391051044,10.828845307048,,,MULTICHOICE,,"What is the area, in square units, of the shaded figure on the grid below?","A grid approximately 10 units wide by 4 units tall. A shaded irregular L-shaped figure covers most of the grid. The unshaded portions are 3 unit squares in the top-left area and 3 unit squares in the bottom-right area, leaving 34 unit squares shaded. A key states: 1 small square = 1 square unit.",24,"Student counted the number of unit squares that make up the border of the shaded figure, including the unit square with only a corner on the edge.",28,Student confused area with perimeter.,34,Correct.,40,"Student found the area by multiplying 10 by 4, but failed to account for the 6 unit squares that needed to be taken out of the calculated rectangle area.",,,,,,,,"Student found the area by multiplying 10 by 4, but failed to account for the 6 unit squares that needed to be taken out of the calculated rectangle area.",Measure the area of a rectangle by counting unit squares
MATH-00121,3,i138660,Interim_eedi,q143462,C,B,27341.0,3.514867780988,4.012289235946,89.810175194762,2.918693537178,,,MULTICHOICE,,"In the rectangle below, each small square is one square unit. What is the area, in square units, of the rectangle?","A rectangle divided into a grid of 5 columns and 3 rows, forming 15 equal unit squares total.",8,Student added the length and the width.,12,Student counted the unit squares that make up the border of the rectangle.,15,Correct.,16,Student found the perimeter of the rectangle.,,,,,,,,Student counted the unit squares that make up the border of the rectangle.,Measure the area of a rectangle by counting unit squares
MATH-00125,3,i185067,Compass,q187880,B,A,75.0,16.0,74.66666666666667,4.0,5.333333333333333,,,MULTICHOICE,,Mrs. Miller orders a rectangular rug for her classroom. It is 3 meters wide and 4 meters long. How many square meters of rug does Mrs. Miller order?,,7,Student added the length and width instead of multiplying to find the area.,12,Correct.,14,Student calculated the perimeter instead of the area.,20,Student tried to draw a tiled rectangle to find the area but drew an extra row and column.,,,,,,,,Student added the length and width instead of multiplying to find the area.,Use multiplication to find the area of a rectangle with whole number side lengths in the context of solving real-world problems
MATH-00125,3,i111846,Interim_eedi,q107664,AC,D,3377.0,64.22860527095,15.072549600236,50.695883920639,23.571217056559,14.273023393544,,MULTISELECT,,Blake is cutting colored paper for an art project. He needs a rectangular piece of paper that has an exact area of 24 square inches. Which two sets of measurements could Blake use? Select two that apply.,,"Length: 6 inches, Width: 4 inches",Correct.,"Length: 6 inches, Width: 6 inches",Student may have confused 'area' to mean the distance around the edge of the paper and added all side lengths.,"Length: 8 inches, Width: 3 inches",Correct.,"Length: 12 inches, Width: 12 inches","Student did not understand how to find area; added the length and width to find area, and possibly thought that the length and width should be the same.","Length: 16 inches, Width: 8 inches",Student did not understand how to find area; added the length and width to find area.,,,,,,"Student did not understand how to find area; added the length and width to find area, and possibly thought that the length and width should be the same.",Use multiplication to find the area of a rectangle with whole number side lengths in the context of solving real-world problems
MATH-00126,3,i185721,Compass,q188765,B,D,85.0,8.235294117647058,63.529411764705884,7.0588235294117645,21.176470588235293,,,MULTICHOICE,,Which rectangle has an area of 10 square units?,Four rectangles shown with dimensions labeled. A: 3 units × 2 units. B: 5 units × 2 units. C: 7 units × 3 units. D: 5 units × 5 units.,[Rectangle 3×2],Student confused area with perimeter.,[Rectangle 5×2],Correct.,[Rectangle 7×3],Student thought the area could be found by adding length and width.,[Rectangle 5×5],Student thought the area could be found by adding length and width.,,,,,,,,Student thought the area could be found by adding length and width.,Use multiplication to find the area of a rectangle with whole number side lengths in the context of solving mathematical problems
MATH-00126,3,i112666,Interim_eedi,q100712,B,C,25416.0,6.283443500157,60.442241107963,29.064368901479,4.666351904312,,,MULTICHOICE,,Which rectangle has an area of 18 square feet?,"Four rectangles labeled A-D with labeled dimensions: A has width 5 feet and height 4 feet (perimeter=18, area=20). B has width 9 feet and height 2 feet (area=18). C is a large square with both dimensions 9 feet (area=81). D has width 8 feet and height 1 foot (perimeter=18, area=8).",(Rectangle A: 5 ft x 4 ft),Student identified a rectangle with a perimeter of 18 instead of an area of 18.,(Rectangle B: 9 ft x 2 ft),Correct.,(Rectangle C: 9 ft x 9 ft),"Student added the length and width to get 18 units, OR confused 9 x 9 with 9 x 2.",(Rectangle D: 8 ft x 1 ft),"Student identified a rectangle with a perimeter of 18 instead of an area of 18, OR thought that the digits representing the dimensions of the rectangle could be combined to represent the area of the rectangle; may misunderstand place value.",,,,,,,,"Student added the length and width to get 18 units, OR confused 9 x 9 with 9 x 2.",Use multiplication to find the area of a rectangle with whole number side lengths in the context of solving mathematical problems
MATH-00126,3,i162413,Interim_eedi,q168779,B,C,4599.0,11.763426831919,62.861491628614,15.416394868449,10.089149815177,,,MULTICHOICE,,Which rectangle has an area of 12 square units?,"Four rectangles labeled A-D with labeled dimensions: A has width 4 units and height 2 units (perimeter=12, area=8). B has width 4 units and height 3 units (area=12). C has width 8 units and height 4 units (sum of dimensions=12, area=32). D is a large square with both dimensions 6 units (sum=12, area=36).",(Rectangle A: 4 units x 2 units),Student chose a rectangle with a perimeter of 12 units.,(Rectangle B: 4 units x 3 units),Correct.,(Rectangle C: 8 units x 4 units),Student added the length and width to get 12 units.,(Rectangle D: 6 units x 6 units),"Student added the length and width to get 12 units, OR confused 6 x 6 with 6 x 2.",,,,,,,,Student added the length and width to get 12 units.,Use multiplication to find the area of a rectangle with whole number side lengths in the context of solving mathematical problems
MATH-00130,3,i185069,Compass,q187882,B,A,72.0,16.666666666666668,75.0,8.333333333333334,,,,MULTICHOICE,,"The figure below is made up of two rectangles. What is the total area, in square centimeters, of the figure?","An L-shaped or rectilinear composite figure is shown, composed of two non-overlapping rectangles. Dimensions are labeled on the sides. One rectangle appears to be 3 cm x 3 cm (area = 9 sq cm) and the other appears to be 3 cm x 4 cm (area = 12 sq cm), totaling 21 sq cm. The longest overall length and longest overall width would give 5 x 5 = 25 sq cm if the missing portion were not subtracted.",13,Student added the length and the width to find the area of each section and then added these values together to find the total area of the composite figure.,21,Correct.,25,Student calculated the area of the composite figure using the longest length and the longest width and did not subtract the missing portion.,90,Student multiplied rather than adding the areas of the two rectangles to find the total area of the composite figure.,,,,,,,,Student added the length and the width to find the area of each section and then added these values together to find the total area of the composite figure.,Find the area of rectilinear figures by decomposing them into non-overlapping parts and finding the area of each part
MATH-00130,3,i185070,Compass,q187883,BE,D,78.0,16.666666666666668,60.256410256410255,17.94871794871795,29.487179487179485,46.15384615384615,,MULTISELECT,,Which two expressions can be used to find the area of the shape below? Select two that apply.,"An L-shaped rectilinear figure on a grid. The shape can be decomposed into rectangles with dimensions 6×3 and 2×5, or 4×3 and 2×8.",(4 × 3) + (2 × 5),Student did not account for the overlapping section of the rectilinear figure when finding the area of the composite figure.,(4 × 3) + (2 × 8),Correct.,(6 + 3) + (2 + 5),Student used addition instead of multiplication to calculate area.,(6 × 3) + (2 × 8),"Student counted an overlapping section twice, leading to an overestimation of the total area of a composite figure.",(6 × 3) + (2 × 5),Correct.,,,,,,"Student counted an overlapping section twice, leading to an overestimation of the total area of a composite figure.",Find the area of rectilinear figures by decomposing them into non-overlapping parts and finding the area of each part
MATH-00130,3,i112073,Interim_eedi,q103140,B,A,24217.0,30.784159887682,51.261510509146,12.016352149316,6.441755791386,,,MULTICHOICE,,"The figure below is made up of two rectangles. What is the total area, in square centimeters, of the figure?",An L-shaped figure with labeled dimensions. A narrow left section is 2 cm wide and 3 cm tall (area = 6 sq cm). A taller right section is 3 cm wide and 5 cm tall (area = 15 sq cm). Total area = 21 sq cm.,13,"Student added the length and the width to find the area of each section and then added the ""areas"" together.",21,Correct.,25,Student calculated the area of the figure using the longest length and the longest width; did not subtract the missing portion in the top left part.,90,Student multiplied rather than adding the areas of the two rectangles to find the total area of the figure.,,,,,,,,"Student added the length and the width to find the area of each section and then added the ""areas"" together.",Find the area of rectilinear figures by decomposing them into non-overlapping parts and finding the area of each part
MATH-00130,3,i112319,Interim_eedi,q102669,C,A,35.0,34.285714285714,31.428571428571,25.714285714285,8.571428571428,,,MULTICHOICE,,"In the shape below, a rectangle is joined with another figure made up of squares. Each square equals 1 square unit. Which expression could be used to find the total area, in square units, of the shape above?",A composite shape: on the left is a rectangle labeled 2 units wide and 3 units tall (area = 6 sq units). On the right is a grid of unit squares arranged in 3 columns and 4 rows (area = 12 sq units). The two shapes share a common side.,5 + 7,"Student added the length and width of each respective rectangle, instead of multiplying them.",5 x 7,"Student added the length and width of each respective rectangle, instead of multiplying them, and multiplied to combine the areas, instead of adding them.",6 + 12,Correct.,6 x 12,Student multiplied the respective areas of the rectangles in the shape instead of adding them.,,,,,,,,"Student added the length and width of each respective rectangle, instead of multiplying them.",Find the area of rectilinear figures by decomposing them into non-overlapping parts and finding the area of each part
MATH-00130,3,i112382,Interim_eedi,q102670,B,A,35.0,48.571428571428,28.571428571428,17.142857142857,5.714285714285,,,MULTICHOICE,,"What is the area, in square units, of the figure below?","An irregular U-shaped or staircase figure with labeled dimensions: a 3-unit wide by 3-unit tall rectangle on the upper left (area=9), an 8-unit wide by 2-unit tall rectangle spanning the bottom (area=16), and a 2-unit wide by 3-unit tall rectangle on the upper right (area=6). Total area = 31 sq units.",22,"Student added the area of the 2 x 3 rectangle to the area of the 8 x 2 rectangle, but did not also include the area of the 3 x 3 rectangle.",31,Correct.,32,Student added all of the lengths of the sides (found the perimeter) instead of solving for area.,40,Student multiplied the longest width (3 + 2) by the longest length (8); did not recognize that this would be more than the area of the given figure.,,,,,,,,"Student added the area of the 2 x 3 rectangle to the area of the 8 x 2 rectangle, but did not also include the area of the 3 x 3 rectangle.",Find the area of rectilinear figures by decomposing them into non-overlapping parts and finding the area of each part
MATH-00130,3,i112627,Interim_eedi,q107689,BE,D,24042.0,25.126861326012,43.864903086265,19.52000665502,27.185758256384,46.285666749854,,MULTISELECT,,Which two expressions can be used to find the area of the shape below? Select two that apply.,An L-shaped figure made of unit squares. The top-left portion is 3 units wide and 6 units tall (area = 18). The bottom-right extension is 5 units wide and 2 units tall (area = 10). The shapes share a corner. Total area = 28 sq units.,(4 x 3) + (2 x 5),Student only added the areas of the rectangles whose perimeters do not overlap.,(4 x 3) + (2 x 8),Correct.,(6 + 3) + (2 + 5),"Student used an incorrect formula, A = l + w, to find the areas of the two rectangles.",(6 x 3) + (2 x 8),Student accounted for the overlapping area twice.,(6 x 3) + (2 x 5),Correct.,,,,,,Student accounted for the overlapping area twice.,Find the area of rectilinear figures by decomposing them into non-overlapping parts and finding the area of each part
MATH-00135,3,i113169,Interim_eedi,q102731,C,D,344.0,7.848837209302,2.325581395348,49.127906976744,40.697674418604,,,MULTICHOICE,,"What is the perimeter, in units, of the rectangle?",A rectangle with the bottom side labeled 8 units and the right side labeled 5 units. The other two sides are unlabeled.,13,Student added only one length and one width.,16,Student added the length twice.,26,Correct.,40,Student multiplied the length and the width; possibly confused area and perimeter.,,,,,,,,Student multiplied the length and the width; possibly confused area and perimeter.,Solve mathematical problems involving the perimeters of polygons
MATH-00137,3,i110187,Interim_eedi,q102675,D,C,342.0,4.678362573099,10.526315789473,53.801169590643,31.578947368421,,,MULTICHOICE,,The shapes below are divided into squares. Each square has a side length of 1 unit. Which statement about the two shapes is true?,"Two rectangular grid shapes: Shape 1 is a grid of 5 columns x 4 rows (area = 20 sq units, perimeter = 18 units). Shape 2 is a grid of 6 columns x 3 rows (area = 18 sq units, perimeter = 18 units). Both shapes have the same perimeter but different areas.",The shapes have the same area and the same perimeter.,"Student correctly identified that the two shapes have the same perimeter, but also thought they have the same area; perhaps confused because the area and perimeter of Shape 2 are the same number.",The shapes have the same area but different perimeters.,Student confused the concepts of area and perimeter.,The shapes have different areas and different perimeters.,"Student correctly identified that the shapes have different areas, but did not calculate perimeter correctly to recognize that the perimeters are the same, OR thought that different shapes must have different areas and different perimeters.",The shapes have different areas but the same perimeter.,Correct.,,,,,,,,"Student correctly identified that the shapes have different areas, but did not calculate perimeter correctly to recognize that the perimeters are the same, OR thought that different shapes must have different areas and different perimeters.",Differentiate between perimeter and area and recognize that figures can have the same perimeter and different areas
MATH-00138,3,i184919,Compass,q187680,BC,A,3259.0,26.910095121202,57.717091132249,45.811598649892,20.128873887695,23.289352562135,,MULTISELECT,,Select two numbers that round to 200 when rounded to the nearest ten.,,178,"Student may have rounded to the nearest hundred, as 178 rounds to 200 when rounded to the nearest hundred.",196,Correct.,203,Correct.,208,"Student may have attended to the hundreds and tens place only, not realizing 208 rounds to 210 when rounded to the nearest ten.",211,"Student may have rounded to the nearest hundred, as 211 rounds to 200 when rounded to the nearest hundred.",,,,,,"Student may have rounded to the nearest hundred, as 178 rounds to 200 when rounded to the nearest hundred.",Round whole numbers to the nearest 10
MATH-00138,3,i185071,Compass,q187884,BC,E,97.0,16.49484536082474,71.1340206185567,70.10309278350516,14.43298969072165,20.61855670103093,,MULTISELECT,,Select two numbers that round to 200 when rounded to the nearest ten.,,178,Student may have rounded to the nearest hundred instead of the nearest ten.,196,Correct.,203,Correct.,208,Student may have attended to the hundreds and tens place only when rounding to the nearest ten.,211,Student may have rounded to the nearest hundred instead of the nearest ten.,,,,,,Student may have rounded to the nearest hundred instead of the nearest ten.,Round whole numbers to the nearest 10
MATH-00138,3,i129703,Interim_eedi,q125254,BC,A,21731.0,25.148405503658,56.886475541852,47.121623487184,20.868804933044,23.128249965487,,MULTISELECT,,Select two numbers that round to 200 when rounded to the nearest ten.,,178,"Student may have rounded to the nearest hundred, as 178 rounds to 200 when rounded to the nearest hundred.",195,Correct.,203,Correct.,208,"Student may have attended to the hundreds and tens place only, not realizing 208 rounds to 210 when rounded to the nearest ten.",211.0,"Student may have rounded to the nearest hundred, as 211 rounds to 200 when rounded to the nearest hundred.",,,,,,"Student may have rounded to the nearest hundred, as 178 rounds to 200 when rounded to the nearest hundred.",Round whole numbers to the nearest 10
MATH-00139,3,i185096,Compass,q187910,D,B,101.0,15.841584158415841,20.792079207920793,1.9801980198019802,61.386138613861384,,,MULTICHOICE,,What is 354 rounded to the nearest hundred?,,300,"Student rounded the correct place value, but rounded down when they should have rounded up.",350,Student rounded to the nearest ten instead of the nearest hundred.,360,"Student identified the correct rule for how to round the given number, but applied that rule to the wrong place value.",400,Correct.,,,,,,,,Student rounded to the nearest ten instead of the nearest hundred.,Round whole numbers to the nearest 100
MATH-00140,3,i185382,Compass,q188309,D,C,74.0,1.3513513513513513,,4.054054054054054,94.5945945945946,,,MULTICHOICE,,Which expression could be used to find the value of 339 + 257?,,3 + 2 + 3 + 5 + 9 + 7,Student added the individual digits of the two numbers instead of adding the place values of the two numbers.,30 + 20 + 30 + 50 + 9 + 7,"Student correctly added the numbers located in the ones places, but did not distinguish numbers in the hundreds places from numbers in the tens places.",300 + 200 + 3 + 5 + 9 + 7,"Student correctly added the numbers located in the hundreds places, but did not distinguish numbers in the tens places from numbers in the ones places.",300 + 200 + 30 + 50 + 9 + 7,Correct.,,,,,,,,"Student correctly added the numbers located in the hundreds places, but did not distinguish numbers in the tens places from numbers in the ones places.","Fluently add within 1,000 using strategies and algorithms based on place value, properties of operations, and/or the relationship between addition and subtraction"
MATH-00140,3,i185384,Compass,q188311,D,B,71.0,4.225352112676056,7.042253521126761,2.816901408450704,85.91549295774648,,,MULTICHOICE,,Solve. 79 + 828 = ?,,807,"Student tried to add by place value, but did not regroup tens to hundreds in their sum.",897,"Student tried to add by place value, but did not regroup ones to tens in their sum.",899,"Student may have tried to solve by counting up from the smaller value, but did not add all of the place values of the larger value.",907,Correct.,,,,,,,,"Student tried to add by place value, but did not regroup ones to tens in their sum.","Fluently add within 1,000 using strategies and algorithms based on place value, properties of operations, and/or the relationship between addition and subtraction"
MATH-00140,3,i111907,Interim_eedi,q100105,D,B,23245.0,7.562916756291,13.899763389976,8.930952893095,69.929016992901,,,MULTICHOICE,,Solve. 79 + 828 = ?,,807,"Student tried to add by place value, but did not regroup 1 hundred when adding 2 tens, 7 tens, and 1 ten.",897,Student possibly added place values (800 + 20 + 70 + 8 + 9) but did not regroup 17 ones and only represented 7 ones.,899,"Student may have tried to solve by counting up from 79 and added 79 + 800 + 20, but did not add 8 to complete the problem.",907,Correct.,,,,,,,,Student possibly added place values (800 + 20 + 70 + 8 + 9) but did not regroup 17 ones and only represented 7 ones.,"Fluently add within 1,000 using strategies and algorithms based on place value, properties of operations, and/or the relationship between addition and subtraction"
MATH-00140,3,i112117,Interim_eedi,q100375,D,C,24492.0,7.467744569655,9.321411073003,14.984484729707,68.573411726277,,,MULTICHOICE,,Which expression could be used to find the value of 339 + 257?,,3 + 2 + 3 + 5 + 9 + 7,Student added the individual digits of the two numbers instead of adding the place values of the two numbers.,30 + 20 + 30 + 50 + 9 + 7,"Student correctly added the numbers located in the ones places, but did not distinguish numbers in the hundreds places from numbers in the tens places.",300 + 200 + 3 + 5 + 9 + 7,"Student correctly added the numbers located in the hundreds places, but did not distinguish numbers in the tens places from numbers in the ones places.",300 + 200 + 30 + 50 + 9 + 7,Correct.,,,,,,,,"Student correctly added the numbers located in the hundreds places, but did not distinguish numbers in the tens places from numbers in the ones places.","Fluently add within 1,000 using strategies and algorithms based on place value, properties of operations, and/or the relationship between addition and subtraction"
MATH-00140,3,i113189,Interim_eedi,q100649,D,B,16526.0,8.550163378918,14.220016942998,10.976642865787,66.688853927145,,,MULTICHOICE,,What is the value of 286 + 628?,,804,Student did not regroup at all.,814,"Student regrouped from the ones place to the tens place, but not from the tens place to the hundreds place.",904,"Student regrouped from the tens place to the hundreds place, but not from the ones place to the tens place.",914,Correct.,,,,,,,,"Student regrouped from the ones place to the tens place, but not from the tens place to the hundreds place.","Fluently add within 1,000 using strategies and algorithms based on place value, properties of operations, and/or the relationship between addition and subtraction"
MATH-00141,3,i185383,Compass,q188310,B,D,74.0,8.108108108108109,78.37837837837837,2.7027027027027026,10.81081081081081,,,MULTICHOICE,,What is the value of 972 - 758?,,213,Student regrouped a ten to the ones place but made a computational error when crossing a ten.,214,Correct.,224,Student regrouped a ten to the ones place but did not reduce the value of the digit in the tens place correspondingly.,226,Student subtracted a smaller digit from a larger one rather than regrouping.,,,,,,,,Student subtracted a smaller digit from a larger one rather than regrouping.,"Fluently subtract within 1,000 using strategies and algorithms based on place value, properties of operations, and/or the relationship between addition and subtraction"
MATH-00141,3,i185385,Compass,q188312,B,C,75.0,5.333333333333333,74.66666666666667,16.0,4.0,,,MULTICHOICE,,What is the value of 259 - 174?,,75,"Student reduced the tens place and regrouped, instead of only reducing the hundreds place.",85,Correct.,125,Student subtracted the smaller value from the larger value in the tens place instead of regrouping.,185,Student regrouped in the tens place but did not reduce the hundreds place.,,,,,,,,Student subtracted the smaller value from the larger value in the tens place instead of regrouping.,"Fluently subtract within 1,000 using strategies and algorithms based on place value, properties of operations, and/or the relationship between addition and subtraction"
MATH-00141,3,i111889,Interim_eedi,q100723,B,C,11118.0,7.096600107933,59.039395574743,24.123043712898,10.163698506925,,,MULTICHOICE,,What is the value of 259 - 174?,,75,"Student reduced the tens place and regrouped, instead of only reducing the hundreds place.",85,Correct.,125,Student subtracted the smaller value from the larger value in the tens place instead of regrouping.,185,Student regrouped in the tens place but did not reduce the hundreds place.,,,,,,,,Student subtracted the smaller value from the larger value in the tens place instead of regrouping.,"Fluently subtract within 1,000 using strategies and algorithms based on place value, properties of operations, and/or the relationship between addition and subtraction"
MATH-00141,3,i111968,Interim_eedi,q100376,A,B,6304.0,54.489213197969,17.274746192893,16.925761421319,11.564086294416,,,MULTICHOICE,,What value should go in the blank below to make the equation true? 365 + ___ = 404,,39,Correct.,40,"Student may have tried to count up by 10s, but did not subtract 1 when they reached 405.",161,"Student may have tried to subtract using place value, but only subtracted the smaller value from the larger value in the ones and tens places without regrouping (400 - 300, 60 - 0, 5 - 4).",769,Student may have added the addend and the sum instead of using the relationship between addition and subtraction to solve for the missing addend.,,,,,,,,"Student may have tried to count up by 10s, but did not subtract 1 when they reached 405.","Fluently subtract within 1,000 using strategies and algorithms based on place value, properties of operations, and/or the relationship between addition and subtraction"
MATH-00141,3,i112315,Interim_eedi,q100281,B,D,23117.0,10.027252671194,54.665397759224,12.337240991478,23.372409914781,,,MULTICHOICE,,What is the value of 972 - 758?,,213,Student made a computational error in the ones place (12 - 8 = 3).,214,Correct.,224,Student regrouped a ten to the ones place but did not reduce the 70 to 60.,226,Student subtracted 2 from 8 instead of regrouping in the ones place.,,,,,,,,Student subtracted 2 from 8 instead of regrouping in the ones place.,"Fluently subtract within 1,000 using strategies and algorithms based on place value, properties of operations, and/or the relationship between addition and subtraction"
MATH-00142,3,i112096,Compass,q103146,C,B,3914.0,2.708226877874,14.256515074092,79.381706693919,3.653551354113,,,MULTICHOICE,,Solve. 5 × 20 = ?,,10,Student multiplied 2 by 5 and did not add a zero at the end of the product to account for the extra factor of 10.,25,Student added instead of multiplying.,100,Correct.,"1,000",Student added an extra zero.,,,,,,,,Student added instead of multiplying.,Multiply one-digit whole numbers by multiples of 10 in the range 10-90 using strategies based on place value and properties of operations
MATH-00142,3,i112730,Interim_eedi,q100420,D,B,23860.0,11.915339480301,14.710813076278,8.424140821458,65.331098072087,,,MULTICHOICE,,Which shows the same value as 3 × 70?,,3 × 7 × 0,Student separated the digits 7 and 0 instead of separating 70 into its factors of 7 × 10.,(3 × 7) + (3 × 0),Student separated 70 into its digits instead of into the values represented by each digit; may have misapplied the distributive property.,3 groups of 7 ones,"Student chose a representation that would result in 21, confusing the place value of the 7.",3 groups of 7 tens,Correct.,,,,,,,,Student separated 70 into its digits instead of into the values represented by each digit; may have misapplied the distributive property.,Multiply one-digit whole numbers by multiples of 10 in the range 10-90 using strategies based on place value and properties of operations
MATH-00143,3,i185779,Compass,q188829,A,C,82.0,69.51219512195122,10.975609756097562,13.414634146341463,6.097560975609756,,,MULTICHOICE,,Which describes 3/4?,,3 parts that are each 1/4 of a whole,Correct.,4 parts that are each 1/3 of a whole,"Student interpreted the fraction a/b as referring to ""b"" parts each made up of ""1/a"" of a whole.",3 wholes that are each made up of 4 equal parts,"Student interpreted the fraction a/b as referring to ""a"" wholes each made up of ""b"" parts.",4 wholes that are each made up of 3 equal parts,"Student interpreted the fraction a/b as referring to ""b"" wholes each made up of ""a"" parts.",,,,,,,,"Student interpreted the fraction a/b as referring to ""a"" wholes each made up of ""b"" parts.","Identify a fraction a/b as the quantity formed by a parts of size 1/b (where b is 2, 3, 4, 6, or 8)"
MATH-00143,3,i130394,Interim_eedi,q125995,A,C,37909.0,44.569891054894,16.080614102192,24.822601493049,14.801234535334,,,MULTICHOICE,,Which describes 3/4?,,3 parts that are each 1/4 of a whole,Correct.,4 parts that are each 1/3 of a whole,"Student interpreted the fraction a/b as referring to ""b"" parts each made up of ""1/a"" of a whole.",3 wholes that are each made up of 4 equal parts,"Student interpreted the fraction a/b as referring to ""a"" wholes each made up of ""b"" parts.",4 wholes that are each made up of 3 equal parts,"Student interpreted the fraction a/b as referring to ""b"" wholes each made up of ""a"" parts.",,,,,,,,"Student interpreted the fraction a/b as referring to ""a"" wholes each made up of ""b"" parts.","Identify a fraction a/b as the quantity formed by a parts of size 1/b (where b is 2, 3, 4, 6, or 8)"
MATH-00144,3,i112803,Compass,q110970,CE,A,3595.0,24.339360222531,12.767732962447,73.435326842837,10.598052851182,41.502086230876,,MULTISELECT,,The figure below represents 1 whole. Select two statements that are true.,"A large rectangle divided into 8 equal vertical columns. 6 of the 8 columns are shaded gray, and 2 columns on the right are unshaded (white).",2/6 of the whole is shaded.,Student chose a fraction with a denominator representing the number of shaded rather than total parts and a numerator representing the number of unshaded rather than shaded parts.,6/6 of the whole is shaded.,"Student considered the shaded area, rather than the entire figure, as the whole.",6/8 of the whole is shaded.,Correct.,Each shaded part is 1/6 of the whole.,"Student considered the shaded area, rather than the entire figure, as the whole.",Each shaded part is 1/8 of the whole.,Correct.,,,,,,Student chose a fraction with a denominator representing the number of shaded rather than total parts and a numerator representing the number of unshaded rather than shaded parts.,"Identify a fraction 1/b as the quantity formed by 1 part when a whole is partitioned into b equal parts (where b is 2, 3, 4, 6, or 8)"
MATH-00144,3,i185780,Compass,q188830,C,B,83.0,6.024096385542169,24.096385542168676,60.24096385542169,9.63855421686747,,,MULTICHOICE,,Which statement is true?,"Image shows four statements (A–D), each with an associated fraction model. Option C shows a rectangle divided into 6 equal parts with 1 part shaded, representing the fraction 1/6.",(Statement A — fraction model with unequal parts),"Student may have thought that any figure with one shaded part represents a unit fraction with a denominator equal to the total number of parts, rather than recognizing that the figure must have equal-sized parts.",(Statement B — part-to-part relationship model),Student interpreted a fraction as representing a part-to-part relationship (numerator is shaded parts; denominator is unshaded parts) rather than a part-to-whole relationship (numerator is shaded parts; denominator is total parts).,1/6 can be shown by a whole that is split into 6 equal parts and has 1 part shaded.,Correct.,6/1 can be shown by a whole that is split into 6 equal parts and has 1 part shaded.,Student confused the role of the numerator and denominator in the fraction.,,,,,,,,Student interpreted a fraction as representing a part-to-part relationship (numerator is shaded parts; denominator is unshaded parts) rather than a part-to-whole relationship (numerator is shaded parts; denominator is total parts).,"Identify a fraction 1/b as the quantity formed by 1 part when a whole is partitioned into b equal parts (where b is 2, 3, 4, 6, or 8)"
MATH-00144,3,i130393,Interim_eedi,q125994,C,B,37888.0,17.657305743243,20.249155405405,55.215371621621,7.115709459459,,,MULTICHOICE,,Which statement is true?,"Two visual models accompany answer choices A and B. A shows a rectangle divided into 6 unequal parts with 1 part shaded, labeled ""The figure above is 1/6 shaded."" B shows a rectangle divided into 7 equal parts with 1 part shaded, labeled ""The figure above is 1/6 shaded."" Choices C and D are text only.","(Rectangle with 6 unequal parts, 1 shaded) The figure above is 1/6 shaded.","Student may have thought that any figure with one of six total parts shaded represents 1/6, rather than recognizing that the figure must have equal-sized parts.","(Rectangle with 7 equal parts, 1 shaded) The figure above is 1/6 shaded.",Student interpreted a fraction as representing a part-to-part relationship (numerator is shaded parts; denominator is unshaded parts) rather than a part-to-whole relationship (numerator is shaded parts; denominator is total parts).,1/6 can be shown by a whole that is split into 6 equal parts and has 1 part shaded.,Correct.,6/1 can be shown by a whole that is split into 6 equal parts and has 1 part shaded.,Student confused the role of the numerator and denominator in the fraction.,,,,,,,,Student interpreted a fraction as representing a part-to-part relationship (numerator is shaded parts; denominator is unshaded parts) rather than a part-to-whole relationship (numerator is shaded parts; denominator is total parts).,"Identify a fraction 1/b as the quantity formed by 1 part when a whole is partitioned into b equal parts (where b is 2, 3, 4, 6, or 8)"
MATH-00147,3,i131788,Compass,q128945,A,D,9245.0,36.711736073553,10.708491076257,14.818820984315,37.760951865873,,,MULTICHOICE,,What is the length of the shaded part on the number line below?,"A number line spanning from 0 to 1, divided into 6 equal intervals by 7 hash marks. One interval (between the 2nd and 3rd hash marks from the left) is highlighted/shaded in gray, representing a length of 1/6.",1/6,Correct.,2/7,Student represented the two hash marks indicating the shaded length out of the 7 total hash marks rather than the one interval out of the 6 total intervals.,2/6,"Student chose the number that represents the start of the shaded interval, instead of the number that represents the length of the shaded interval.",3/6,"Student chose the number that represents the end of the shaded interval, instead of the number that represents the length of the shaded interval.",,,,,,,,"Student chose the number that represents the end of the shaded interval, instead of the number that represents the length of the shaded interval.","Recognize that when the interval 0 to 1 is partitioned into b equal parts, each part has size 1/b"
MATH-00147,3,i171744,Interim_eedi,q175897,B,D,19065.0,13.160241279832,37.492787831104,14.183057959611,35.337004982953,,,MULTICHOICE,,What is the length of the shaded part on the number line below?,"A number line spanning from 0 to 1 with 7 evenly spaced hash marks (including endpoints), creating 6 equal intervals. One interval — the third from the left — is shaded, representing a length of 1/6.",1/7,Student recognized one interval as shaded but used the total number of hash marks (7) as the denominator rather than the 6 intervals on the number line.,1/6,Correct.,2/7,Student represented the two hash marks indicating the shaded length out of the 7 total hash marks rather than the one interval out of the 6 total intervals.,2/6,"Student chose the number that represents the start of the shaded interval, instead of the number that represents the length of the shaded interval.",,,,,,,,"Student chose the number that represents the start of the shaded interval, instead of the number that represents the length of the shaded interval.","Recognize that when the interval 0 to 1 is partitioned into b equal parts, each part has size 1/b"
MATH-00148,3,i138661,Interim_eedi,q143463,D,C,28517.0,10.754988252621,21.078654837465,26.647263036083,41.845215134831,,,MULTICHOICE,,Which number line shows a point at 4/6?,"Four number lines labeled A-D, each spanning from 0 to 1 with a filled dot marking a point: A has 6 intervals with the point at the 2nd position from the right (read right to left, placing it at 4/6 from 1). B has 7 hash marks with the point at the 4th mark. C has 8 hash marks including endpoints with the point at the 4th mark. D has 6 equal intervals with the point correctly placed at the 4th interval from 0.",(Point placed 4/6 from the right — reading right to left),Student read the number line from right to left and counted 4/6 to the left of the 1.,(Point at 4th hash mark out of 7 total marks — counting marks not intervals),Student counted the number of hash marks rather than the intervals between 0 and 1 to determine the numerator and denominator.,(Point at 4th mark including endpoints — wrong count),"Student counted the number of hash marks, including 0 and 1.",(Point at 4th interval out of 6 equal intervals — correct),Correct.,,,,,,,,"Student counted the number of hash marks, including 0 and 1.","Represent a fraction a/b with a model, including a number line (where b is 2, 3, 4, 6, or 8)"
MATH-00148,3,i138662,Interim_eedi,q143464,D,B,25594.0,24.470579041962,28.913026490583,11.67851840275,35.281706649996,,,MULTICHOICE,,What value is represented by the point on the number line below?,"A number line spanning from 0 to 2 with hash marks dividing it into 8 equal intervals (4 intervals per whole unit). A filled dot is placed at the 5th interval from 0, representing the value 5/4 (one and one-quarter).",1/4,Student only accounted for the fraction between 1 and 2.,5/8,Student calculated the fraction as if the entire number line showed the distance between 0 and 1 instead of 0 and 2.,6/9,Student counted hash marks rather than intervals when determining the numerator and denominator and took the entire line as indicating the distance between 0 and 1.,5/4,Correct.,,,,,,,,Student calculated the fraction as if the entire number line showed the distance between 0 and 1 instead of 0 and 2.,"Represent a fraction a/b with a model, including a number line (where b is 2, 3, 4, 6, or 8)"
MATH-00152,3,i129705,Compass,q125256,B,A,1005.0,33.034825870646,29.353233830845,12.835820895522,24.875621890547,,,MULTICHOICE,,Use the number line to answer the question below. Which number line shows a point equivalent to the point graphed on the number line above?,Original number line: spans 0 to 1 with 8 equal intervals; a filled dot is placed at the 6th position (representing 6/8 = 3/4). Four answer number lines: A has 8 intervals with point at 7th position (7/8). B has 4 equal intervals with point at 3rd position (3/4 — equivalent to 6/8). C has 3 equal intervals with point at 2nd position (2/3 — not equivalent). D has many intervals with point suggesting a numerator of 6 but at a different position.,"(Number line with 8 intervals, point at 7th — same hash marks but different value 7/8)","Student chose a number line with the same number of hash marks as the one given, but did not recognize that the point graphed here reflects a different point on the number line than the point graphed on the original number line.","(Number line with 4 intervals, point at 3rd — represents 3/4, equivalent to 6/8)",Correct.,"(Number line with 3 intervals, point at 2nd — represents 2/3, not equivalent)","Student chose a number line that looked visually similar to the original number line, but did not recognize the point on the original number line (6/8) is not equivalent to the point on this number line (2/3).","(Number line with many intervals, point suggesting numerator of 6 but not equivalent position)","Student selected a number line that would represent a fraction with a numerator of 6, but did not recognize that the point graphed is not at an equivalent place on the number line to the original graphed point.",,,,,,,,"Student chose a number line with the same number of hash marks as the one given, but did not recognize that the point graphed here reflects a different point on the number line than the point graphed on the original number line.","Identify two fractions as equivalent (equal) if they are the same point on a number line (with denominators 2, 3, 4, 6, and 8)"
MATH-00153,3,i156033,Compass,q163133,D,A,19341.0,30.029471071816,17.33622873688,13.737655757199,38.969029522775,,,MULTICHOICE,,Each large rectangle below is the same size and represents 1 whole. Which pair of shaded rectangles represents equivalent fractions?,"Four pairs of same-sized rectangles labeled A-D, each pair having different partitioning and shading: A shows two rectangles with the same number of parts shaded but the parts are unequal in size across the pair. B shows two rectangles each partitioned into equal-sized parts but with different numbers shaded. C shows two rectangles each with 2 out of 3 parts shaded, but the partitions create unequal part sizes. D shows two rectangles — one divided into 4 equal parts with 3 shaded (3/4), and one divided into 4 equal parts with 3 shaded (3/4) — representing equivalent fractions.",(Pair with same number of shaded parts but unequal part sizes),Student chose a pair of rectangles that have the same number of parts shaded rather than the same amount of each rectangle shaded.,(Pair partitioned equally but different amounts shaded),Student chose a pair of rectangles that are partitioned into equally sized fractional parts without considering the number of parts that are shaded in each.,(Pair each with 2 of 3 shaded but parts of unequal size),"Student chose a pair of rectangles that each have two of three parts shaded, but did not recognize that the shaded parts are not of equal size.",(Pair showing equivalent fractions — correct),Correct.,,,,,,,,Student chose a pair of rectangles that have the same number of parts shaded rather than the same amount of each rectangle shaded.,"Identify two fractions as equivalent (equal) if they are the same size (with denominators 2, 3, 4, 6, and 8)"
MATH-00153,3,i177927,Interim_eedi,q179697,A,B,653.0,43.797856049004,26.952526799387,20.367534456355,8.882082695252,,,MULTICHOICE,,Each large rectangle below is the same size and represents 1 whole. Which pair of shaded rectangles represents equivalent fractions?,"Four pairs of same-sized rectangles labeled A-D with various partitioning and shading: A shows one rectangle split into 2 equal parts with 1 shaded (1/2), and another split into 4 equal parts with 2 shaded (2/4), representing equivalent fractions. B shows two rectangles partitioned into equal parts but different amounts shaded. C shows two rectangles each with 1 part shaded but parts of different relative sizes. D shows two rectangles each with 2 out of 4 parts shaded, but the partitions create unequal part sizes.",(Pair: 1/2 and 2/4 — equivalent fractions),Correct.,(Pair partitioned equally but different amounts shaded),Student chose a pair of rectangles that are partitioned into equally sized fractional parts without considering the number of parts that are shaded in each.,(Pair with same number of parts shaded but unequal part sizes),Student chose a pair of rectangles that have the same number of parts shaded rather than the same amount of each rectangle shaded.,(Pair each with 2 of 4 shaded but parts of unequal size),"Student chose a pair of rectangles that each have two of four parts shaded, but did not recognize that the shaded parts are not of equal size.",,,,,,,,Student chose a pair of rectangles that are partitioned into equally sized fractional parts without considering the number of parts that are shaded in each.,"Identify two fractions as equivalent (equal) if they are the same size (with denominators 2, 3, 4, 6, and 8)"
MATH-00154,3,i112179,Interim_eedi,q102457,B,A,1321.0,26.495079485238,45.344436033308,9.538228614685,18.622255866767,,,MULTICHOICE,,Which fraction is equivalent to 2/3?,,2/6,"Student selected a fraction that used the same numerator as the original fraction; did not recognize that because 2/6 represents a whole broken into more pieces, the amount represented by 2/6 is not equal to 2/3.",4/6,Correct.,5/6,Student added 3 to the numerator and the denominator.,4/3,"Student selected a fraction that used the same denominator as the original fraction; did not recognize that because more 1/3's are represented in 4/3, the amount represented by 4/3 is not equal to 2/3.",,,,,,,,"Student selected a fraction that used the same numerator as the original fraction; did not recognize that because 2/6 represents a whole broken into more pieces, the amount represented by 2/6 is not equal to 2/3.","Generate simple equivalent fractions (with denominators 2, 3, 4, 6, and 8)"
MATH-00154,3,i138996,Interim_eedi,q144183,A,B,680.0,28.676470588235,30.882352941176,17.794117647058,22.794117647058,,,MULTICHOICE,,Each rectangle below represents 1 whole. Which rectangle shows a shaded fraction equivalent to 2/8?,"Four rectangles labeled A-D each representing 1 whole, with different internal divisions and shading. A is divided into 4 equal columns with 1 shaded (1/4, equivalent to 2/8). B is divided into 8 unequal parts with 2 shaded. C is divided into 8 equal parts with 6 shaded. D is divided into rows and columns with 2 shaded parts in a different fractional arrangement.","(Rectangle divided into 4 equal parts, 1 shaded — represents 1/4, equivalent to 2/8)",Correct.,(Rectangle with 2 of 8 unequal parts shaded),Student thought that fractions with two out of eight parts shaded are equivalent regardless of whether each part is equally sized.,(Rectangle with 6 of 8 equal parts shaded — same denominator but different numerator),"Student thought that fractions with the same denominator are equivalent regardless of the numerator, OR chose a fraction that has 2/8 unshaded.",(Rectangle with 2 shaded parts but different denominator),"Student chose a fraction with the same numerator, not realizing the denominators were not equivalent, OR thought that the numerator represents the shaded parts and the denominator represents the unshaded parts.",,,,,,,,Student thought that fractions with two out of eight parts shaded are equivalent regardless of whether each part is equally sized.,"Generate simple equivalent fractions (with denominators 2, 3, 4, 6, and 8)"
MATH-00154,3,i147322,Interim_eedi,q151276,B,A,34.0,29.411764705882,38.235294117647,17.647058823529,14.705882352941,,,MULTICHOICE,,Which fraction is equivalent to 1/2?,,1/4,"Student selected a fraction that used the same numerator as the original fraction; did not recognize that because 1/4 represents a whole broken into more pieces, the amount represented by 1/4 is not equal to 1/2.",2/4,Correct.,3/4,Student added 2 to the numerator and the denominator.,3/2,"Student selected a fraction that used the same denominator as the original fraction; did not recognize that because more 1/2's are represented in 3/2, the amount represented by 3/2 is not equal to 1/2.",,,,,,,,"Student selected a fraction that used the same numerator as the original fraction; did not recognize that because 1/4 represents a whole broken into more pieces, the amount represented by 1/4 is not equal to 1/2.","Generate simple equivalent fractions (with denominators 2, 3, 4, 6, and 8)"
MATH-00156,3,i156032,Interim_eedi,q163132,BF,E,11458.0,22.499563623669,48.734508640251,15.971373712689,23.040670274044,24.986908710071,44.56275091639,MULTISELECT,,Select two comparisons that are true.,,1/2 = 3/4,"Student identified two fractions that would equally divide into 4 total parts, but did not recognize that the numerators would not be equivalent shares of the whole; may have thought adding 2 to the numerator and denominator would create an equivalent fraction.",1/3 = 2/6,Correct.,3/4 = 7/8,"Student identified two fractions that would equally divide into 8 total parts, but did not recognize that the numerators would not be equivalent shares of the whole; may have thought adding 4 to the numerator and denominator would create an equivalent fraction.",3/6 = 3/8,Student may have thought that two fractions with the same numerator are equivalent.,4/6 = 4/8,Student may have thought that two fractions with the same numerator are equivalent.,4/8 = 2/4,Correct.,,,,Student may have thought that two fractions with the same numerator are equivalent.,"Recognize simple equivalent fractions (with denominators 2, 3, 4, 6, and 8)"
MATH-00160,3,i138671,Compass,q143473,CE,B,676.0,23.372781065088,28.106508875739,42.159763313609,23.520710059171,46.005917159763,18.934911242603,MULTISELECT,,Select two comparisons that are true.,,2/6 > 3/6,"Student thought that when the denominators are the same, the fraction with the smaller numerator is greater; possibly confused the roles of the numerators and denominators.",1/3 < 1/4,"Student thought that when the numerators are the same, the fraction with the greater denominator is greater; possibly confused the roles of the numerators and denominators.",1/6 > 1/8,Correct.,2/3 < 2/4,"Student thought that when the numerators are the same, the fraction with the greater denominator is greater; possibly confused the roles of the numerators and denominators.",5/8 < 6/8,Correct.,1/3 > 2/3,"Student thought that when the denominators are the same, the fraction with the smaller numerator is greater; possibly confused the roles of the numerators and denominators.",,,,"Student thought that when the numerators are the same, the fraction with the greater denominator is greater; possibly confused the roles of the numerators and denominators.",Compare two fractions with the same numerator by reasoning about their size
MATH-00160,3,i138670,Interim_eedi,q143472,B,C,19921.0,20.214848652176,47.186386225591,20.8172280508,11.881933637869,,,MULTICHOICE,,Which comparison is true?,,1/6 > 2/6,Student thought the fraction with the smaller numerator was greater; possibly confused the roles of numerators and denominators.,4/6 > 4/8,Correct.,3/4 < 3/6,"Student thought that when the numerators are the same, the fraction with a greater denominator is greater.",2/4 = 2/8,Student thought that two fractions with the same numerator are equivalent.,,,,,,,,"Student thought that when the numerators are the same, the fraction with a greater denominator is greater.",Compare two fractions with the same numerator by reasoning about their size
MATH-00164,3,i184964,Compass,q187741,B,A,184.0,11.956521739130435,77.17391304347827,3.260869565217391,7.608695652173913,,,MULTICHOICE,,"Valentina makes a painting that has 5 rows of stars and 9 stars in each row, shown below. Which expression represents the number of stars on Valentina's painting?","Image shows a painting on an easel with 5 rows of stars, with 9 stars in each row (5×9 array).",5 + 5 + 5,"Student may have thought that only repeated addition, and not multiplication, can represent arrays; chose an expression in which a factor is repeatedly added an incorrect number of times.",5 × 9,Correct.,9 + 5,Student may not have understood how an array relates to multiplication; chose an expression in which the factors are added rather than multiplied.,9 ÷ 5,Student confused a context calling for multiplication with one calling for division; divided instead of multiplying the factors.,,,,,,,,"Student may have thought that only repeated addition, and not multiplication, can represent arrays; chose an expression in which a factor is repeatedly added an incorrect number of times.","Model a multiplication situation, including by writing a multiplication expression"
MATH-00164,3,i129702,Interim_eedi,q125253,C,A,41222.0,33.613119208189,6.782785891029,41.676774537868,18.354276842462,,,MULTICHOICE,,Which expression represents the total number of diamonds shown below?,"An array of 3 rows and 4 columns of circles. Each circle contains 2 diamond symbols, for a total of 12 circles x 2 diamonds = 24 diamonds.",3 x 4,Student chose an expression that represents the number of groups; used array reasoning and multiplied the number of rows by the number of columns.,2 + 12,"Student identified the number of diamonds in each group and the number of groups, but added them instead of multiplying.",12 x 2,Correct.,24 / 2,"Student may have understood the multiplicative relationship between the number of diamonds and the number of groups, but chose an expression that represents the number of groups rather than the total number of diamonds.",,,,,,,,Student chose an expression that represents the number of groups; used array reasoning and multiplied the number of rows by the number of columns.,"Model a multiplication situation, including by writing a multiplication expression"
MATH-00164,3,i156448,Interim_eedi,q163546,B,D,3250.0,8.584615384615,77.046153846153,5.507692307692,8.892307692307,,,MULTICHOICE,,"Valentina makes a painting that has 5 rows of stars and 9 stars in each row, shown below. Which expression represents the number of stars on Valentina's painting?","An easel displaying a painting with 5 rows of stars, each row containing 9 stars, for a total of 45 stars arranged in a 5 x 9 array.",5 + 5 + 5,"Student may have thought that only repeated addition, and not multiplication, can represent arrays; chose an expression in which a factor is repeatedly added an incorrect number of times.",5 x 9,Correct.,9 + 5,Student may not have understood how an array relates to multiplication; chose an expression in which the factors are added rather than multiplied.,9 / 5,Student confused a context calling for multiplication with one calling for division; divided instead of multiplying the factors.,,,,,,,,Student confused a context calling for multiplication with one calling for division; divided instead of multiplying the factors.,"Model a multiplication situation, including by writing a multiplication expression"
MATH-00164,3,i177096,Interim_eedi,q179090,C,B,642.0,3.738317757009,11.370716510903,83.021806853582,1.869158878504,,,MULTICHOICE,,George buys a box of muffins with 2 rows and 6 muffins in each row. Which expression represents the number of muffins in the box?,,2 + 2,"Student knew that the context could be represented with repeated addition, but chose an expression that represented two rows of two rather than two rows of six.",2 + 6,Student may not have understood how an array relates to multiplication; chose an expression in which the factors are added rather than multiplied.,2 x 6,Correct.,6 x 6,Student chose an expression that would represent a box with six rows and six muffins in each row.,,,,,,,,Student may not have understood how an array relates to multiplication; chose an expression in which the factors are added rather than multiplied.,"Model a multiplication situation, including by writing a multiplication expression"
MATH-00164,3,i177097,Interim_eedi,q179091,C,A,641.0,16.848673946957,7.64430577223,64.898595943837,10.608424336973,,,MULTICHOICE,,"Which expression represents the total number of hearts, as arranged in the image below?","An arrangement of 2 rows and 4 columns of circles. Each circle contains 3 heart symbols, for a total of 8 circles x 3 hearts = 24 hearts.",2 x 4,Student chose an expression that represents the number of groups; used array reasoning and multiplied the number of rows by the number of columns.,3 + 8,"Student identified the number of hearts in each group and the number of groups, but added them instead of multiplying.",3 x 8,Correct.,4 x 6,Student may have counted to find the total number of hearts (24) and chose an expression that equals 24 but that does not represent the image shown.,,,,,,,,Student chose an expression that represents the number of groups; used array reasoning and multiplied the number of rows by the number of columns.,"Model a multiplication situation, including by writing a multiplication expression"
MATH-00165,3,i184965,Compass,q187742,C,B,187.0,15.508021390374331,17.647058823529413,59.893048128342244,6.951871657754011,,,MULTICHOICE,,Felipe wrote this number sentence to solve a problem: 8 × 4 = ? Which problem was Felipe most likely trying to solve?,,Jimena has 8 bracelets. She buys 4 more. How many bracelets does Jimena have?,Student identified a context illustrating addition as one that would illustrate multiplication.,Jimena has 8 muffins. She separates the muffins into 4 groups. How many muffins are in each group?,Student identified a context illustrating division as one that would illustrate multiplication.,Jimena has 8 bags of grapes. There are 4 grapes in each bag. How many grapes does Jimena have?,Correct.,Jimena has 8 stickers. Her friend has 4 stickers. How many more stickers does Jimena have than her friend?,Student identified a context illustrating subtraction as one that would illustrate multiplication.,,,,,,,,Student identified a context illustrating division as one that would illustrate multiplication.,Identify a multiplication situation based on a given multiplication expression
MATH-00165,3,i138114,Interim_eedi,q142530,C,B,42465.0,24.811020840692,28.39750382668,39.776286353467,7.469680913693,,,MULTICHOICE,,Felipe wrote this number sentence to solve a problem: 8 x 4 = ? Which problem was Felipe most likely trying to solve?,,Jimena has 8 bracelets. She buys 4 more. How many bracelets does Jimena have?,Student identified a context illustrating addition (8 + 4) as one that would illustrate multiplication.,Jimena has 8 muffins. She separates the muffins into 4 groups. How many muffins are in each group?,Student identified a context illustrating division (8 / 4) as one that would illustrate multiplication.,Jimena has 8 bags of grapes. There are 4 grapes in each bag. How many grapes does Jimena have?,Correct.,Jimena has 8 stickers. Her friend has 4 stickers. How many more stickers does Jimena have than her friend?,Student identified a context illustrating subtraction (8 - 4) as one that would illustrate multiplication.,,,,,,,,Student identified a context illustrating division (8 / 4) as one that would illustrate multiplication.,Identify a multiplication situation based on a given multiplication expression
MATH-00165,3,i177098,Interim_eedi,q179092,B,A,639.0,35.680751173708,50.391236306729,7.981220657276,5.946791862284,,,MULTICHOICE,,Justin wrote this number sentence to solve a problem: 5 x 3 = ? Which problem was Justin most likely trying to solve?,,Corinne has 5 cookies. She separates the cookies into 3 groups. How many cookies are in each group?,Student identified a context illustrating division (5 / 3) as one that would illustrate multiplication.,Martin has 5 bags of peaches. There are 3 peaches in each bag. How many peaches does Martin have?,Correct.,Gwen has 5 board games. She gets 3 more for her birthday. How many board games does Gwen have now?,Student identified a context illustrating addition (5 + 3) as one that would illustrate multiplication.,Leanne has 5 paintbrushes. Her friend has 3 paintbrushes. How many more paintbrushes does Leanne have than her friend?,Student identified a context illustrating subtraction (5 - 3) as one that would illustrate multiplication.,,,,,,,,Student identified a context illustrating division (5 / 3) as one that would illustrate multiplication.,Identify a multiplication situation based on a given multiplication expression
MATH-00168,3,i184996,Compass,q187788,CE,B,183.0,21.311475409836067,29.508196721311474,49.72677595628415,18.0327868852459,42.076502732240435,,MULTISELECT,,Select two statements that can be represented by the expression 15 ÷ 3.,,Duncan buys 15 pencils. He gives away 3 pencils.,Student identified a situation requiring subtraction as one requiring division.,Jaleel receives 15 stickers from each of 3 of his classmates.,Student identified a situation requiring multiplication as one requiring division.,Natasha has 15 colored tiles. She places them in 3 equal rows.,Correct.,Kevin has 15 students in his class. The class gains 3 new students.,Student identified a situation requiring addition as one requiring division.,Olivia gives a total of 15 muffins away. She gives the same number of muffins to each of 3 friends.,Correct.,,,,,,Student identified a situation requiring multiplication as one requiring division.,Identify a division situation based on a given division expression
MATH-00168,3,i161905,Interim_eedi,q168220,CE,A,23227.0,31.661428509923,28.953373229431,47.444784087484,13.260429672364,40.194601110776,,MULTISELECT,,Which two statements can be represented by the expression 35 / 5? Select two that apply.,,Kahleah has 35 tickets. She gives away 5 tickets.,Student selected a response that would have resulted in the expression 35 - 5; student confused a situation requiring subtraction as one requiring division.,Candace has 35 friends. They each give her 5 flowers.,Student selected a response that would have resulted in the expression 35 x 5; student confused a situation requiring multiplication as one requiring division.,Stefanie has 35 books. She places them in 5 equal rows.,Correct.,Diamond has 35 players on her team. The team gains 5 new players.,Student selected a response that would have resulted in the expression 35 + 5; student confused a situation requiring addition as one requiring division.,Allie gives a total of 35 apples away. She gives the same number of apples to each of 5 friends.,Correct.,,,,,,Student selected a response that would have resulted in the expression 35 - 5; student confused a situation requiring subtraction as one requiring division.,Identify a division situation based on a given division expression
MATH-00168,3,i171398,Interim_eedi,q175547,CE,B,18037.0,29.822032488773,29.833120807229,49.087985806952,13.572101790763,38.49309752176,,MULTISELECT,,Izaak is a high school student who helps some 3rd grade students with math homework after school. He asks his students to create statements that can be represented by the expression shown below. 35 / 5. Which two statements are represented by the expression? Select two that apply.,,Kahleah has 35 tickets. She gives away 5 tickets.,Student selected a response that would have resulted in the expression 35 - 5; student confused a situation requiring subtraction as one requiring division.,Candace has 35 friends. They each give her 5 flowers.,Student selected a response that would have resulted in the expression 35 x 5; student confused a situation requiring multiplication as one requiring division.,Stefanie has 35 books. She places them in 5 equal rows.,Correct.,Diamond has 35 players on her team. The team gains 5 new players.,Student selected a response that would have resulted in the expression 35 + 5; student confused a situation requiring addition as one requiring division.,Allie gives a total of 35 apples away. She gives the same number of apples to each of 5 friends.,Correct.,,,,,,Student selected a response that would have resulted in the expression 35 x 5; student confused a situation requiring multiplication as one requiring division.,Identify a division situation based on a given division expression
MATH-00170,3,i184997,Compass,q187789,D,B,192.0,12.5,14.0625,3.6458333333333335,69.79166666666667,,,MULTICHOICE,,Which equation describes how the toy cars are divided?,Image shows 18 toy cars divided into 6 groups with 3 cars in each group.,3 ÷ 6 = 18,Student used a division symbol as if it were a multiplication symbol.,6 ÷ 3 = 18,Student used a division symbol as if it were a multiplication symbol.,6 ÷ 18 = 3,Student confused the dividend and divisor when representing an equation.,18 ÷ 6 = 3,Correct.,,,,,,,,Student used a division symbol as if it were a multiplication symbol.,Interpret whole number quotients as the number of objects in each group when a set number of objects is partitioned into equal groups
MATH-00171,3,i111773,Interim_eedi,q110746,C,A,30854.0,15.631684708627,7.823945031438,71.945290724055,4.855124133013,,,MULTICHOICE,,Mr. Russell sets up 4 rows of laptops in his computer lab. Each row has 7 laptops. How many laptops are in Mr. Russell's computer lab?,,11,Student misinterpreted a context calling for multiplication as one calling for addition; added 4 and 7.,24,"Student confused 4 x 6 with 4 x 7, OR skip-counted one too few times.",28,Correct.,32,"Student confused 4 x 8 with 4 x 7, OR skip-counted one too many times.",,,,,,,,Student misinterpreted a context calling for multiplication as one calling for addition; added 4 and 7.,Solve one-step multiplication problems within 100
MATH-00171,3,i112473,Interim_eedi,q110721,C,A,22451.0,21.838670883256,5.932920582602,68.175136964945,4.596677208142,,,MULTICHOICE,,Ms. Reeves bought 4 bags of rice. Each bag holds 6 pounds of rice. How many pounds of rice did Ms. Reeves buy?,,10,Student confused a context calling for multiplication with a context calling for addition.,18,"Student confused 3 x 6 with 4 x 6, OR skip-counted by 6s one time too few.",24,Correct.,30,"Student confused 5 x 6 with 4 x 6, OR skip-counted by 6s one time too many.",,,,,,,,Student confused a context calling for multiplication with a context calling for addition.,Solve one-step multiplication problems within 100
MATH-00171,3,i112532,Interim_eedi,q100414,C,A,690.0,27.536231884057,6.521739130434,60.0,5.942028985507,,,MULTICHOICE,,Denise is wrapping gifts. She uses 5 inches of tape to wrap each gift. She wraps 9 gifts. How many total inches of tape does Denise use?,,14,"Student added instead of multiplying, perhaps because of the word ""total.""",40,Student confused 5 x 8 with 5 x 9.,45,Correct.,50,Student confused 5 x 10 with 5 x 9.,,,,,,,,"Student added instead of multiplying, perhaps because of the word ""total.""",Solve one-step multiplication problems within 100
MATH-00171,3,i116600,Interim_eedi,q113940,C,A,2744.0,13.119533527696,7.653061224489,73.396501457725,5.903790087463,,,MULTICHOICE,,There are 7 rows of chairs. There are 6 chairs in each row. How many chairs are there?,,13,Student misinterpreted a context calling for multiplication as one calling for addition.,35,"Student confused 7 x 5 with 7 x 6, OR made an error when skip-counting.",42,Correct.,49,"Student confused 7 x 7 with 7 x 6, OR made an error when skip-counting.",,,,,,,,Student misinterpreted a context calling for multiplication as one calling for addition.,Solve one-step multiplication problems within 100
MATH-00171,3,i138068,Interim_eedi,q142481,B,A,19094.0,16.298313606368,75.772493977165,4.420236723578,3.744631821514,,,MULTICHOICE,,Jasmine buys 3 boxes of granola bars. Each box has 8 granola bars. How many granola bars does Jasmine buy?,,11,Student confused a context calling for multiplication with a context calling for addition.,24,Correct.,27,"Student confused 9 x 3 with 8 x 3, OR skip-counted by 3s one time too many.",32,"Student confused 8 x 4 with 8 x 3, OR skip-counted by 8s one time too many.",,,,,,,,Student confused a context calling for multiplication with a context calling for addition.,Solve one-step multiplication problems within 100
MATH-00171,3,i138093,Interim_eedi,q142505,C,A,18946.0,12.984271086245,10.266019212498,67.44431542278,10.049614694394,,,MULTICHOICE,,Callie earns $9 each week by doing chores. How much money does she earn in 6 weeks?,,$15,Student confused a context calling for multiplication with a context calling for addition.,$45,"Student confused 9 x 5 with 9 x 6, OR skip-counted by 9s one time too few.",$54,Correct.,$63,"Student confused 9 x 7 with 9 x 6, OR skip-counted by 9s one time too many.",,,,,,,,Student confused a context calling for multiplication with a context calling for addition.,Solve one-step multiplication problems within 100
MATH-00171,3,i172780,Interim_eedi,q176660,B,A,15573.0,15.462659731586,75.451101265009,5.002247479612,4.263789892763,,,MULTICHOICE,,Jasmine coaches her son's basketball team. She buys 3 boxes of granola bars as a snack for the team. Each box has 8 granola bars. How many granola bars does Jasmine buy?,"A color illustration of a youth basketball game in progress inside a gymnasium. Five players in white and dark jerseys are playing near the basket, and an adult coach (Jasmine) stands on the sideline holding a basketball. A scoreboard is visible in the background.",11,Student confused a context calling for multiplication with a context calling for addition.,24,Correct.,27,"Student confused 9 x 3 with 8 x 3, OR skip-counted by 3s one time too many.",32,"Student confused 8 x 4 with 8 x 3, OR skip-counted by 8s one time too many.",,,,,,,,Student confused a context calling for multiplication with a context calling for addition.,Solve one-step multiplication problems within 100
MATH-00171,3,i178812,Interim_eedi,q180509,B,D,641.0,8.580343213728,77.223088923556,5.148205928237,9.048361934477,,,MULTICHOICE,,Mr. Ellis sets up 4 rows of desks in his classroom. Each row has 8 desks. How many desks are in Mr. Ellis's classroom?,,36,"Student confused 4 x 9 with 4 x 8, OR skip-counted one too many times.",32,Correct.,28,"Student confused 4 x 7 with 4 x 8, OR skip-counted one too few times.",12,Student misinterpreted a context calling for multiplication as one calling for addition; added 4 and 8.,,,,,,,,Student misinterpreted a context calling for multiplication as one calling for addition; added 4 and 8.,Solve one-step multiplication problems within 100
MATH-00171,3,i180622,Interim_eedi,q181911,C,A,12079.0,16.61561387532,14.032618594254,61.677291166487,7.773822336286,,,MULTICHOICE,,Callie earns $12 each hour she walks her neighbor's dog. How much money does she earn in 6 hours?,,$18,Student confused a context calling for multiplication with a context calling for addition.,$60,"Student confused 12 x 6 with 12 x 5, OR skip-counted by 12s one time too few.",$72,Correct.,$84,"Student confused 12 x 6 with 12 x 7, OR skip-counted by 12s one time too many.",,,,,,,,Student confused a context calling for multiplication with a context calling for addition.,Solve one-step multiplication problems within 100
MATH-00177,3,i138356,Interim_eedi,q142822,C,A,31027.0,23.218487124117,12.42466239082,59.10980758694,6.027008734328,,,MULTICHOICE,,Which number can go in the blank to make the equation true? ___ / 4 = 8,,12,Student added 4 and 8 instead of multiplying 4 and 8; perhaps thought addition was the inverse operation of division.,16,Student confused 16 / 4 with 32 / 4.,32,Correct.,36,Student confused 36 / 4 with 32 / 4.,,,,,,,,Student added 4 and 8 instead of multiplying 4 and 8; perhaps thought addition was the inverse operation of division.,Determine the unknown dividend or divisor in a division equation relating three whole numbers
MATH-00179,3,i184998,Compass,q187790,C,B,188.0,17.5531914893617,21.27659574468085,52.659574468085104,8.51063829787234,,,MULTICHOICE,,What is another way of expressing 3 × 9?,,(5 × 4) + 3,Student decomposed the multiplier into the right values but related those values with multiplication and then added the multiplicand.,(3 × 5) + 4,"Student correctly decomposed the multiplier, but only distributed the multiplicand to one of the resulting terms.",(3 × 5) + (3 × 4),Correct.,(3 + 5) × (3 + 4),"Student attempted to rewrite a multiplication expression using the distributive property, but mistakenly switched the addition and multiplication symbols.",,,,,,,,"Student correctly decomposed the multiplier, but only distributed the multiplicand to one of the resulting terms.",Apply the distributive property as a strategy to multiply
MATH-00179,3,i185376,Compass,q188303,C,A,88.0,13.636363636363637,7.954545454545454,71.5909090909091,6.818181818181818,,,MULTICHOICE,,What is another way of expressing 3 × 18?,,(8 × 10) + 3,"Student decomposed one factor into two terms but represented the decomposition with multiplication instead of addition, and then added the other factor to the product instead of multiplying.",(3 × 10) + 8,Student correctly decomposed one factor into two terms but only applied the other factor to one term instead of distributing it across both addends,(3 × 10) + (3 × 8),Correct.,(3 + 10) × (3 + 8),"Student attempted to solve using the distributive property, but mistakenly reversed the addition and multiplication symbols in their representation.",,,,,,,,"Student decomposed one factor into two terms but represented the decomposition with multiplication instead of addition, and then added the other factor to the product instead of multiplying.",Apply the distributive property as a strategy to multiply
MATH-00179,3,i132383,Interim_eedi,q130641,D,C,2368.0,14.0625,13.386824324324,17.1875,55.405405405405,,,MULTICHOICE,,Which expression is equivalent to 7 x 8?,,7 + 8,Student switched the operation from multiplication to addition; thought that addition and multiplication were interchangeable.,7 + (5 x 3),"Student decomposed 8 into 5 + 3, but confused the addition and multiplication signs in the expression.",(7 x 5) + 3,"Student decomposed 8 into 5 + 3, but only distributed the 7 to the 5; did not also distribute the 7 to the 3.",(7 x 3) + (7 x 5),Correct.,,,,,,,,"Student decomposed 8 into 5 + 3, but only distributed the 7 to the 5; did not also distribute the 7 to the 3.",Apply the distributive property as a strategy to multiply
MATH-00179,3,i139026,Interim_eedi,q144213,C,A,28506.0,20.735985406581,19.757244088963,49.880726864519,10.643373324914,,,MULTICHOICE,,What is another way of expressing 4 × 15?,,(5 × 10) + 4,"Student decomposed 15 into 10 and 5, but used the wrong operation (multiplication instead of addition) to relate the two quantities and added 4 instead of multiplying by 4.",(4 × 10) + 5,"Student correctly decomposed 15 into 10 + 5, but only distributed the 4 to the 10; did not also distribute the 4 to the 5.",(4 × 10) + (4 × 5),Correct.,(4 + 10) × (4 + 5),"Student attempted to solve using the distributive property, but mistakenly switched the addition and multiplication symbols.",,,,,,,,"Student decomposed 15 into 10 and 5, but used the wrong operation (multiplication instead of addition) to relate the two quantities and added 4 instead of multiplying by 4.",Apply the distributive property as a strategy to multiply
MATH-00179,3,i180545,Interim_eedi,q181848,C,B,13433.0,17.367676617285,19.511650413161,51.894587955036,11.479193032085,,,MULTICHOICE,,What is another way of expressing 3 x 18?,,(8 x 10) + 3,"Student decomposed 18 into 10 and 8, but used the wrong operation (multiplication instead of addition) to relate the two quantities and added 3 instead of multiplying by 3.",(3 x 10) + 8,"Student correctly decomposed 18 into 10 + 8, but only distributed the 3 to the 10; did not also distribute the 3 to the 8.",(3 x 10) + (3 x 8),Correct.,(3 + 10) x (3 + 8),"Student attempted to solve using the distributive property, but mistakenly switched the addition and multiplication symbols.",,,,,,,,"Student correctly decomposed 18 into 10 + 8, but only distributed the 3 to the 10; did not also distribute the 3 to the 8.",Apply the distributive property as a strategy to multiply
MATH-00181,3,i185377,Compass,q188304,A,B,90.0,90.0,6.666666666666667,1.1111111111111112,2.2222222222222223,,,MULTICHOICE,,Which expression is equivalent to 2 × 7 × 5?,,7 × (2 × 5),Correct.,2 + (7 × 5),Student understood that they could multiply the factors in a different order but misunderstood the relationship between multiplication and addition; thought that the operations were interchangeable.,7 ÷ (2 × 5),Student thought that changing the order of factors in a multiplication expression required using the inverse operation.,5 ÷ (7 ÷ 2),Student thought that multiplication and division operations were interchangeable.,,,,,,,,Student understood that they could multiply the factors in a different order but misunderstood the relationship between multiplication and addition; thought that the operations were interchangeable.,Apply the associative property as a strategy to multiply
MATH-00181,3,i117041,Interim_eedi,q114500,A,B,3818.0,70.403352540597,17.99371398638,6.862231534834,4.793085385018,,,MULTICHOICE,,Which expression is equivalent to 2 x 7 x 5?,,7 x (2 x 5),Correct.,2 + (7 x 5),Student understood that they could multiply the second and third factors first but misunderstood the relationship between multiplication and addition; thought that the operations were interchangeable.,7 / (2 x 5),Student thought that changing the order of factors in an expression required changing to the inverse operation.,5 / 7 / 2,Student misunderstood the relationship between multiplication and division; thought that the operations were interchangeable.,,,,,,,,Student understood that they could multiply the second and third factors first but misunderstood the relationship between multiplication and addition; thought that the operations were interchangeable.,Apply the associative property as a strategy to multiply
MATH-00181,3,i139025,Interim_eedi,q144212,BDF,A,26316.0,41.788265693874,54.081167350661,32.447940416476,46.089831281349,13.991488068095,35.685514515883,MULTISELECT,,Which three expressions are equivalent to 6 x 3 x 4? Select three that apply.,,6 x 7,Student misapplied the properties of operations; thought that 6 x 3 x 4 could be rewritten as 6 x (3 + 4).,6 x 12,Correct.,9 x 4,Student misapplied the properties of operations; thought that 6 x 3 x 4 could be rewritten as (6 + 3) x 4.,18 x 4,Correct.,18 x 24,Student misapplied the properties of operations; thought the first factor could be multiplied by both of the other factors and then those products could be multiplied.,24 x 3,Correct.,,,,Student misapplied the properties of operations; thought that 6 x 3 x 4 could be rewritten as 6 x (3 + 4).,Apply the associative property as a strategy to multiply
MATH-00182,3,i185000,Compass,q187792,B,C,184.0,9.23913043478261,63.04347826086956,19.02173913043478,8.695652173913043,,,MULTICHOICE,,"In the expressions below, d represents an unknown number. Which expression is equivalent to 5 × d?",,d + 5,Student misunderstood the relationship between multiplication and addition; thought that multiplying two factors is equivalent to adding them in the reverse order.,d × 5,Correct.,5 ÷ d,Student misunderstood the relationship between multiplication and division; may have thought they were equivalent operations.,d ÷ 5,Student misunderstood the relationship between multiplication and division; chose an expression that represents the product a x b as equal to the quotient b / a.,,,,,,,,Student misunderstood the relationship between multiplication and division; may have thought they were equivalent operations.,Apply the commutative property as a strategy to multiply
MATH-00182,3,i155511,Interim_eedi,q162230,B,C,42272.0,8.570685087055,65.582418622255,17.988266464799,8.492619227857,,,MULTICHOICE,,"In the expressions below, p represents an unknown number. Which expression is equivalent to p × 6 for all values of p?",,6 + p,Student misunderstood the relationship between multiplication and addition; thought that multiplying two factors is equivalent to adding them in the reverse order.,6 × p,Correct.,p ÷ 6,Student misunderstood the relationship between multiplication and division; may have thought they were equivalent operations.,6 ÷ p,Student misunderstood the relationship between multiplication and division; chose an expression that represents the product a x b as equal to the quotient b / a.,,,,,,,,Student misunderstood the relationship between multiplication and division; may have thought they were equivalent operations.,Apply the commutative property as a strategy to multiply
MATH-00183,3,i116198,Interim_eedi,q113239,C,B,40145.0,13.43380246606,21.404907211358,55.170008718395,10.447129156806,,,MULTICHOICE,,Which can be used to solve the equation below? 21 ÷ 7 = □,,7 + □ = 21,"Student thought addition, not multiplication, was the inverse operation of division.",□ ÷ 7 = 21,Student thought dividends and quotients could be interchanged the way factors can be interchanged.,□ × 7 = 21,Correct.,21 - □ = 7,"Student thought subtraction, not multiplication, was the inverse operation of division.",,,,,,,,Student thought dividends and quotients could be interchanged the way factors can be interchanged.,Represent a division problem as an equivalent multiplication problem with an unknown factor
MATH-00183,3,i117043,Interim_eedi,q114502,B,C,1277.0,7.595927956147,60.375880971025,17.541111981205,14.565387627251,,,MULTICHOICE,,Which can be used to solve the equation below? 63 ÷ 9 = ♦,,9 + ♦ = 63,"Student thought addition, not multiplication, was the inverse operation of division.",9 × ♦ = 63,Correct.,63 × 9 = ♦,"Student chose the correct operation, but did not change the order of the terms.",♦ ÷ 9 = 63,"Student set up the equation as if setting up an unknown-factor problem, but did not change to the inverse operation.",,,,,,,,"Student chose the correct operation, but did not change the order of the terms.",Represent a division problem as an equivalent multiplication problem with an unknown factor
MATH-00183,3,i162421,Interim_eedi,q168791,C,B,33878.0,8.636873487218,17.769644016766,64.599445067595,9.247889485801,,,MULTICHOICE,,Which can be used to solve the equation below? 24 ÷ 4 = ♦,,♦ + 4 = 24,"Student thought addition, not multiplication, was the inverse operation of division.",♦ ÷ 4 = 24,Student set up the equation as if setting up an unknown factor problem but did not change to the inverse operation.,♦ × 4 = 24,Correct.,24 - ♦ = 4,"Student thought subtraction, not multiplication, was the inverse operation of division.",,,,,,,,Student set up the equation as if setting up an unknown factor problem but did not change to the inverse operation.,Represent a division problem as an equivalent multiplication problem with an unknown factor
MATH-00184,3,i162419,Interim_eedi,q168788,A,D,42019.0,60.227516123658,7.363335633879,9.855065565577,23.256146029177,,,MULTICHOICE,,Jonquel is solving 15 ÷ 5 = □. Which expression could help her solve the problem?,,5 × 3,Correct.,5 + 10,Student chose an addition expression that results in 15.,15 - 5,Student chose a subtraction expression that involves 15 and 5.,15 × 5,Student chose a multiplication expression with 15 and 5 as factors; thought a x b = a / b.,,,,,,,,Student chose a multiplication expression with 15 and 5 as factors; thought a x b = a / b.,Determine a quotient by representing a division problem as an equivalent multiplication problem
MATH-00185,3,i185379,Compass,q188306,AC,E,90.0,94.44444444444444,4.444444444444445,85.55555555555556,5.555555555555555,6.666666666666667,,MULTISELECT,,Which two multiplication equations are correct? Select two that apply.,,2 × 8 = 16,Correct.,3 × 5 = 8,Student added the two factors instead of multiplying.,3 × 7 = 21,Correct.,4 × 4 = 12,Student confused similar multiplication facts or skip counted one too few times.,5 × 10 = 55,Student confused similar multiplication facts or skip counted one too many times.,,,,,,Student confused similar multiplication facts or skip counted one too many times.,"Fluently multiply within 100, using strategies such as the relationship between multiplication and division or properties of operations"
MATH-00185,3,i111972,Interim_eedi,q100365,C,B,132.0,8.333333333333,9.848484848484,78.787878787878,3.030303030303,,,MULTICHOICE,,Which equation is correct?,,0 × 2 = 2,Student thought that any number multiplied by 0 was equal to itself.,10 × 1 = 1,Student misunderstood the identity property of multiplication; thought that any number multiplied by 1 was equal to 1.,4 × 0 = 0,Correct.,5 × 5 = 55,Student confused 5 × 11 with 5 × 5; perhaps tried to combine the digits to form the answer.,,,,,,,,Student misunderstood the identity property of multiplication; thought that any number multiplied by 1 was equal to 1.,"Fluently multiply within 100, using strategies such as the relationship between multiplication and division or properties of operations"
MATH-00185,3,i112262,Interim_eedi,q107715,CE,B,12623.0,16.612532678444,17.008635031292,74.681137605957,10.979957220945,66.370910243206,,MULTISELECT,,Which two equations are correct? Select two that apply.,,6 × 6 = 32,Student confused the product of 6 × 6 with the product of 4 × 8; student may have miscounted when skip-counting.,7 × 7 = 42,Student confused the product of 7 × 7 with the product of 6 × 7; student may have miscounted when skip-counting.,8 × 5 = 40,Correct.,9 × 3 = 28,Student confused the product of 9 × 3 with the product of 4 × 7; student may have miscounted when skip-counting.,9 × 8 = 72,Correct.,,,,,,Student confused the product of 7 × 7 with the product of 6 × 7; student may have miscounted when skip-counting.,"Fluently multiply within 100, using strategies such as the relationship between multiplication and division or properties of operations"
MATH-00185,3,i112556,Interim_eedi,q100022,B,A,7785.0,14.116891457931,77.739242132305,5.574823378291,2.748876043673,,,MULTICHOICE,,What is 7 × 7?,,42,Student confused 7 × 6 with 7 × 7.,49,Correct.,56,Student confused 7 × 8 with 7 × 7.,63,Student confused 7 × 9 with 7 × 7.,,,,,,,,Student confused 7 × 6 with 7 × 7.,"Fluently multiply within 100, using strategies such as the relationship between multiplication and division or properties of operations"
MATH-00185,3,i113220,Interim_eedi,q100286,D,C,658.0,4.407294832826,6.534954407294,8.814589665653,80.851063829787,,,MULTICHOICE,,Which expression has a product of 32?,,3 × 8,Student knew 8 is a factor and chose an answer choice with 8 in it OR confused 3 × 8 with 4 × 8.,4 × 7,Student knew 4 is a factor and chose an answer choice with 4 in it OR confused 4 × 7 with 4 × 8.,6 × 6,"Student confused 6 × 6 with 4 × 8, perhaps because they have close products.",8 × 4,Correct.,,,,,,,,"Student confused 6 × 6 with 4 × 8, perhaps because they have close products.","Fluently multiply within 100, using strategies such as the relationship between multiplication and division or properties of operations"
MATH-00185,3,i137992,Interim_eedi,q142366,D,B,37344.0,7.875428449014,9.305377035132,5.336868037703,77.958976006855,,,MULTICHOICE,,Which expression has a product of 24?,,2 × 8,"Student knew 8 is a factor of 24 and chose an expression with 8 in it, OR confused 2 × 8 with 3 × 8.",4 × 7,"Student knew 4 is a factor of 24 and chose an expression with 4 in it, OR confused 4 × 7 with 4 × 6.",5 × 4,"Student knew 4 is a factor of 24 and chose an expression with 4 in it, OR confused 5 × 4 with 6 × 4.",6 × 4,Correct.,,,,,,,,"Student knew 4 is a factor of 24 and chose an expression with 4 in it, OR confused 4 × 7 with 4 × 6.","Fluently multiply within 100, using strategies such as the relationship between multiplication and division or properties of operations"
MATH-00185,3,i138358,Interim_eedi,q142824,AC,D,40281.0,83.788883096248,8.266924852908,72.79858990591,9.622402621583,8.559866934783,,MULTISELECT,,Which two multiplication equations are correct? Select two that apply.,,2 × 8 = 16,Correct.,3 × 5 = 8,Student added instead of multiplying.,3 × 7 = 21,Correct.,4 × 4 = 12,Student confused 4 x 4 with 4 x 3.,5 × 10 = 55,"Student confused 5 x 10 with 5 x 11, OR skip-counted by 5s one time too many.",,,,,,Student confused 4 x 4 with 4 x 3.,"Fluently multiply within 100, using strategies such as the relationship between multiplication and division or properties of operations"
MATH-00186,3,i185482,Compass,q188448,B,A,87.0,9.195402298850574,85.05747126436782,1.1494252873563218,4.597701149425287,,,MULTICHOICE,,What is 30 ÷ 5?,,5,Student chose a quotient that would be one multiple of the given divisor less than the given dividend when it is multiplied by the divisor.,6,Correct.,7,Student chose a quotient that would be one multiple of the given divisor more than the given dividend when it is multiplied by the divisor.,8,Student chose a quotient that would be two multiples of the given divisor more than the given dividend when it is multiplied by the divisor.,,,,,,,,Student chose a quotient that would be one multiple of the given divisor less than the given dividend when it is multiplied by the divisor.,"Fluently divide within 100, using strategies such as the relationship between multiplication and division or properties of operations"
MATH-00186,3,i112216,Interim_eedi,q110855,B,A,659.0,4.097116843702,90.136570561456,2.88315629742,3.490136570561,,,MULTICHOICE,,What is 20 ÷ 4?,,4,Student confused 4 × 4 with 5 × 4.,5,Correct.,6,Student confused 6 × 4 with 5 × 4.,7,Student confused 7 × 4 with 5 × 4.,,,,,,,,Student confused 4 × 4 with 5 × 4.,"Fluently divide within 100, using strategies such as the relationship between multiplication and division or properties of operations"
MATH-00186,3,i112228,Interim_eedi,q100549,B,D,1860.0,8.978494623655,67.63440860215,9.247311827956,14.139784946236,,,MULTICHOICE,,Which division fact is correct?,,12 ÷ 2 = 7,Student confused 12 ÷ 2 with 14 ÷ 2.,27 ÷ 3 = 9,Correct.,40 ÷ 5 = 9,Student confused 40 ÷ 5 with 45 ÷ 5.,40 ÷ 10 = 30,Student performed subtraction instead of division.,,,,,,,,Student performed subtraction instead of division.,"Fluently divide within 100, using strategies such as the relationship between multiplication and division or properties of operations"
MATH-00186,3,i131787,Interim_eedi,q128941,A,D,17498.0,71.088124357069,9.098182649445,6.612184249628,13.544405074865,,,MULTICHOICE,,Which division equation is correct?,,35 ÷ 7 = 5,Correct.,36 ÷ 4 = 6,Student confused 36 ÷ 4 with 36 ÷ 6.,16 ÷ 2 = 9,Student confused 16 ÷ 2 with 18 ÷ 2.,20 ÷ 10 = 10,Student subtracted 10 instead of dividing by 10.,,,,,,,,Student subtracted 10 instead of dividing by 10.,"Fluently divide within 100, using strategies such as the relationship between multiplication and division or properties of operations"
MATH-00186,3,i138359,Interim_eedi,q142825,B,A,40406.0,13.220808790773,72.194723555907,6.5312082364,8.585358610107,,,MULTICHOICE,,What is 30 ÷ 5?,,5,Student confused 5 x 5 with 5 x 6.,6,Correct.,7,Student confused 5 x 7 with 5 x 6.,8,Student confused 5 x 8 with 5 x 6.,,,,,,,,Student confused 5 x 5 with 5 x 6.,"Fluently divide within 100, using strategies such as the relationship between multiplication and division or properties of operations"
MATH-00188,3,i185380,Compass,q188307,C,A,87.0,11.494252873563218,10.344827586206897,70.11494252873563,8.045977011494253,,,MULTICHOICE,,"Ms. Taylor's class orders 6 pizzas for a party. Each pizza is cut into 8 slices. The class eats 34 slices of pizza. Which equation represents the number of slices of pizza, P, that are left over?",,6 + 8 + 34 = P,Student added all of the values instead of interpreting the context to see that representing the situation requires both multiplication and subtraction.,6 + 8 - 34 = P,"Student correctly recognized the subtraction component of the context, but misinterpreted the context as also requiring addition instead of multiplication.",6 × 8 - 34 = P,Correct.,6 × 8 + 34 = P,"Student correctly recognized the multiplication component of the context, but misinterpreted the context as also requiring addition instead of subtraction.",,,,,,,,Student added all of the values instead of interpreting the context to see that representing the situation requires both multiplication and subtraction.,Represent a two-step word problem using equations with a letter standing for the unknown quantity
MATH-00188,3,i130500,Interim_eedi,q126112,C,D,2366.0,14.327979712595,15.215553677092,52.324598478444,18.174133558748,,,MULTICHOICE,,"Ms. Taylor's class orders 6 pizzas for a party. Each pizza is cut into 8 slices. The class eats 34 slices of pizza. Which equation represents the number of slices of pizza, P, that are left over?",,6 + 8 + 34 = P,Student added all of the values instead of interpreting the context to see that representing the situation requires both multiplication and subtraction.,6 + 8 - 34 = P,Student interpreted the context to require adding (rather than multiplying) 6 and 8 to find the total number of slices.,6 × 8 - 34 = P,Correct.,6 × 8 + 34 = P,Student interpreted the situation to require adding (rather than subtracting) the number of slices the class ate to the total number of slices.,,,,,,,,Student interpreted the situation to require adding (rather than subtracting) the number of slices the class ate to the total number of slices.,Represent a two-step word problem using equations with a letter standing for the unknown quantity
MATH-00189,3,i130498,Compass,q126110,A,C,21535.0,40.687253308567,16.192245182261,25.224053865799,17.998606918969,,,MULTICHOICE,,"The table shows the number of pages of a book Mitchel read in November, December, and January. How many fewer pages did Mitchel read in January than he read in November and December combined?","A three-column table listing reading data by month. Row 1: Month = November, Number of Pages = 181. Row 2: Month = December, Number of Pages = 129. Row 3: Month = January, Number of Pages = 96.",214,Correct.,226,"Student added November and December correctly, but then did not regroup to subtract in the ones place and instead calculated 6 - 0.",310,"Student added to combine the pages read in November and December, but did not recognize that the context required subtraction of January's pages.",406,"Student added to combine all three numbers, and did not recognize that the context required the subtraction of January's pages from the sum of November's and December's pages.",,,,,,,,"Student added to combine the pages read in November and December, but did not recognize that the context required subtraction of January's pages.","Use addition and subtraction within 1,000 and multiplication and division within 100 to solve two step real- world problems"
MATH-00189,3,i132400,Compass,q130683,C,B,952.0,18.172268907563,46.113445378151,30.357142857142,5.357142857142,,,MULTICHOICE,,"Mr. Arnold takes students to the museum on 2 same-size buses. 6 groups of 7 students completely fill up the first bus. The rest of the students go on the second bus. Which could be the total number of students, on both buses, that Mr. Arnold takes to the museum?",,26,"Student added, instead of multiplying, the number of groups and the number of students in each group and then doubled that number figuring there are two buses.",42,Student determined the number of students on the first bus but did not account for any students on the second bus.,72,Correct.,100,"Student estimated that about 50 students fit on a bus and multiplied 50 by 2 to determine that about 100 students could fit onto both buses; did not recognize that the number of students on each bus should not be more than 42 (6 x 7), or that there should not be more than 84 (42 x 2) students in total.",,,,,,,,Student determined the number of students on the first bus but did not account for any students on the second bus.,"Use addition and subtraction within 1,000 and multiplication and division within 100 to solve two step real- world problems"
MATH-00189,3,i185381,Compass,q188308,B,D,89.0,10.112359550561798,68.53932584269663,8.98876404494382,12.359550561797754,,,MULTICHOICE,,Angelique is putting together boxes of cupcakes for a bake sale. She has 19 chocolate cupcakes and 26 vanilla cupcakes. She is putting 9 cupcakes in each box. How many boxes can Angelique put together if she uses all of her cupcakes?,,4,"Student correctly combined quantities to find a total but made an error in dividing, possibly due to a miscalculation or misunderstanding of division facts.",5,Correct.,6,"Student combined all values in the problem without distinguishing between quantities that should be added and the divisor, leading to an incorrect total before dividing.",7,Student interpreted the problem as involving subtraction rather than division and subtracted two of the given quantities.,,,,,,,,Student interpreted the problem as involving subtraction rather than division and subtracted two of the given quantities.,"Use addition and subtraction within 1,000 and multiplication and division within 100 to solve two step real- world problems"
MATH-00189,3,i112460,Interim_eedi,q102811,B,C,3650.0,10.739726027397,61.890410958904,15.095890410958,12.438356164383,,,MULTICHOICE,,Jenn had 32 dolls. She gave 2 dolls to each of her 5 friends. How many dolls does Jenn have left over?,,10,Student found the number of dolls Jenn gave away.,22,Correct.,25,"Student added the number of dolls given to each friend and the number of friends (5 + 2 = 7), instead of multiplying them, and then subtracted that answer (7) from 32.",30,Student misinterpreted the context as one in which 2 dolls were given away only one time; student subtracted 2 from 32.,,,,,,,,"Student added the number of dolls given to each friend and the number of friends (5 + 2 = 7), instead of multiplying them, and then subtracted that answer (7) from 32.","Use addition and subtraction within 1,000 and multiplication and division within 100 to solve two step real- world problems"
MATH-00189,3,i112710,Interim_eedi,q100465,C,A,21943.0,31.568153853165,18.807820261586,39.976302237615,10.080663537346,,,MULTICHOICE,,Li walked her dog 2 blocks this morning and 3 blocks this afternoon. Each block is 90 yards long. How many yards did Li walk her dog today?,,95,Student added all of the numbers from the problem.,180,Student did not account for the second walk.,450,Correct.,540,Student multiplied the numbers of blocks instead of adding them.,,,,,,,,Student added all of the numbers from the problem.,"Use addition and subtraction within 1,000 and multiplication and division within 100 to solve two step real- world problems"
MATH-00189,3,i112859,Interim_eedi,q100356,B,D,22344.0,16.25492302184,45.989974937343,17.35588972431,20.79305406373,,,MULTICHOICE,,Mrs. Adano mixed 28 ounces of animal crackers and 12 ounces of pretzels to make a snack. Then she divided the snack equally among 8 children. How many ounces of the snack did each child get?,,2,Student subtracted 12 from 28 and then divided by 8.,5,Correct.,6,Student added all three numbers instead of adding just the first two (28 and 12) and then divided by 8.,8,Student subtracted 12 and 8 from 28.,,,,,,,,Student subtracted 12 and 8 from 28.,"Use addition and subtraction within 1,000 and multiplication and division within 100 to solve two step real- world problems"
MATH-00189,3,i137961,Interim_eedi,q142338,B,D,2350.0,15.27659574468,37.744680851063,19.446808510638,27.659574468085,,,MULTICHOICE,,Angelique is putting together boxes of cupcakes for a bake sale. She has 19 chocolate cupcakes and 26 vanilla cupcakes. She is putting 9 cupcakes in each box. How many boxes can Angelique put together if she uses all of her cupcakes?,,4,"Student added 19 and 26 to find the total number of cupcakes, but thought 45 divided by 9 was 4.",5,Correct.,6,"Student interpreted the problem as involving addition, but added all of the numbers (19, 26, and 9), and then divided by 9.",7,Student interpreted the problem as involving subtraction and subtracted 19 from 26; did not recognize the need to divide to find the number of boxes.,,,,,,,,Student interpreted the problem as involving subtraction and subtracted 19 from 26; did not recognize the need to divide to find the number of boxes.,"Use addition and subtraction within 1,000 and multiplication and division within 100 to solve two step real- world problems"
MATH-00189,3,i172781,Interim_eedi,q176661,A,C,18201.0,41.788912697104,16.460634031097,26.048019339596,15.900225262348,,,MULTICHOICE,,Alex's class read three chapter books about civil rights movements. The table shows the number of pages in each of the three books. How many fewer pages are in Book 3 than are in Book 1 and Book 2 combined?,"A three-column table listing page counts by book. Row 1: Book = Book 1, Number of Pages = 181. Row 2: Book = Book 2, Number of Pages = 129. Row 3: Book = Book 3, Number of Pages = 96.",214,Correct.,226,"Student added Book 1 and Book 2 correctly, but then did not regroup to subtract in the ones place and instead calculated 6 - 0.",310,"Student added to combine the pages read in Book 1 and Book 2, but did not recognize that the context required subtraction of Book 3's pages.",406,"Student added to combine all three numbers, and did not recognize that the context required the subtraction of Book 3's pages from the sum of Book 1's and Book 2's pages.",,,,,,,,"Student added to combine the pages read in Book 1 and Book 2, but did not recognize that the context required subtraction of Book 3's pages.","Use addition and subtraction within 1,000 and multiplication and division within 100 to solve two step real- world problems"
MATH-00195,4,i112045,Interim_eedi,q100437,B,A,271.0,16.236162361623,66.789667896678,3.321033210332,13.653136531365,,,MULTICHOICE,,Which picture below represents a ray?,Four answer choices showing geometric figures: A) A line segment with a filled dot (endpoint) on each end and a straight line between them. B) A ray with a filled dot (endpoint) on the left and an arrow on the right end. C) A curved line with a filled dot on the left and an arrow on the right - the line bows upward. D) A line with arrows on both ends (a full line extending infinitely in both directions).,A. (Line segment with two endpoints),Student chose a line segment; thought a ray has two endpoints.,B. (Ray with one endpoint and one arrow),Correct.,C. (Curved line with endpoint and arrow),Student chose a curve that has an endpoint and an arrow; did not recognize a ray must be straight.,D. (Line with two arrows),Student chose a line; thought a ray must have two arrows and continue forever in both directions.,,,,,,,,Student chose a line segment; thought a ray has two endpoints.,Draw rays and identify them in two-dimensional figures
MATH-00198,4,i111772,Interim_eedi,q107659,BD,A,5216.0,31.863496932515,56.767638036809,24.769938650306,49.079754601226,19.325153374233,16.085122699386,MULTISELECT,,Sarah makes letters using popsicle sticks. Select two letters that show sticks that appear to be perpendicular to each other.,Six letters made from popsicle sticks displayed as answer choices: A) Letter A shape with two diagonal sticks meeting at a peak and a horizontal crossbar - sticks intersect at acute angles. B) Letter L shape with one vertical stick and one horizontal stick meeting at a right angle. C) Letter M shape with two outer vertical sticks and diagonal inner sticks - contains parallel vertical elements. D) Letter T shape with one vertical stick and one horizontal stick meeting at a right angle at the top. E) Letter V shape with two diagonal sticks meeting at the bottom - sticks intersect at an acute angle. F) Letter Z shape with two horizontal parallel sticks connected by a diagonal.,A. (Letter A shape),"Student chose a letter that includes sticks that intersect at an angle that is close to, but not, a right angle.",B. (Letter L shape),Correct.,C. (Letter M shape),"Student chose a letter that includes sticks that are parallel, but not perpendicular.",D. (Letter T shape),Correct.,E. (Letter V shape),"Student chose a letter that includes sticks that intersect at an angle that is close to, but not, a right angle.",F. (Letter Z shape),"Student chose a letter that includes sticks that are parallel, but not perpendicular.",,,,"Student chose a letter that includes sticks that intersect at an angle that is close to, but not, a right angle.",Draw parallel and perpendicular lines and identify them in two-dimensional figures
MATH-00200,4,i129115,Interim_eedi,q124534,B,D,267.0,6.741573033707,44.194756554307,23.595505617977,25.468164794007,,,MULTICHOICE,,Jada drew a shape with exactly two sets of perpendicular sides and exactly one set of parallel sides. Which shape could Jada have drawn?,"Four polygon shapes displayed as answer choices. A: An irregular hexagon with one right-angle corner marker visible at the bottom-right, appearing to have two parallel sides and one perpendicular pair. B: An irregular pentagon resembling an arrow pointing right, with two right-angle markers at the bottom-left corners, showing two perpendicular pairs and one parallel pair (top and bottom). C: A house-shaped pentagon (rectangle with a triangular roof) with no right-angle markers, has one set of parallel sides but no perpendicular sides. D: A shape like a rectangle with the bottom two corners cut diagonally, with two right-angle markers at the top corners, having two perpendicular pairs and two parallel pairs.",A (irregular hexagon),Student confused parallel and perpendicular; selected a shape with two sets of parallel sides and one set of perpendicular sides.,B (irregular pentagon with two right angles at bottom),Correct.,C (house-shaped pentagon),"Student selected a shape with one set of parallel sides but no sets of perpendicular sides; perhaps confused ""perpendicular"" to mean sides that form acute angles, as this shape has two sets of sides that clearly intersect at acute angles.","D (pentagon with right angles at top, angled bottom)","Student selected a shape with two sets of perpendicular sides and two sets of parallel sides, instead of one.",,,,,,,,"Student selected a shape with two sets of perpendicular sides and two sets of parallel sides, instead of one.",Classify two-dimensional figures based on the presence or absence of perpendicular or parallel lines
MATH-00201,4,i112481,Compass,q107750,BE,C,5202.0,30.891964628988,48.019992310649,42.887351018838,19.473279507881,34.640522875816,,MULTISELECT,,Which statements are true about the shape below? Select two that apply.,"A right triangle is shown. The triangle has one right angle (marked with a small square symbol at the bottom-left vertex), one acute angle at the top, and one acute angle at the bottom-right. The right angle is formed where the vertical left side meets the horizontal bottom side, making those two sides perpendicular.",The shape has obtuse angles.,Student confused obtuse with acute.,The shape is a right triangle.,Correct.,The shape is an acute triangle.,"Student thought that because the triangle has two acute angles, it was an acute triangle.",The shape has parallel line segments.,"Student confused parallel and perpendicular, OR confused parallel and intersecting.",The shape has perpendicular line segments.,Correct.,,,,,,"Student thought that because the triangle has two acute angles, it was an acute triangle.",Identify right triangles
MATH-00207,4,i112070,Interim_eedi,q100347,C,A,75.0,45.333333333333,14.666666666666,32.0,8.0,,,MULTICHOICE,,Donald wants to create a conversion table for meters and centimeters. Which table is correct?,,"Meters: 1, 3, 5 / Centimeters: 10, 30, 50",Student thought there are 10 centimeters in a meter.,"Meters: 100, 300, 500 / Centimeters: 1, 3, 5","Student chose the correct conversion rate, but reversed the relative sizes of centimeters and meters.","Meters: 2, 4, 6 / Centimeters: 200, 400, 600",Correct.,"Meters: 2, 4, 6 / Centimeters: 2,000, 4,000, 6,000","Student thought there are 1,000 centimeters in a meter.",,,,,,,,Student thought there are 10 centimeters in a meter.,Record equivalent measurements in a two-column table
MATH-00207,4,i162006,Interim_eedi,q168336,C,A,524.0,23.473282442748,20.6106870229,41.79389312977,14.12213740458,,,MULTICHOICE,,Gemma wants to create a conversion table for meters and centimeters. Which table is correct?,,"Meters: 1, 2, 4 / Centimeters: 10, 20, 40",Student thought there are 10 centimeters in a meter.,"Meters: 100, 200, 400 / Centimeters: 1, 2, 4","Student chose the correct conversion rate, but reversed the relative sizes of centimeters and meters.","Meters: 3, 5, 8 / Centimeters: 300, 500, 800",Correct.,"Meters: 3, 5, 8 / Centimeters: 3,000, 5,000, 8,000","Student thought there are 1,000 centimeters in a meter.",,,,,,,,Student thought there are 10 centimeters in a meter.,Record equivalent measurements in a two-column table
MATH-00208,4,i112472,Interim_eedi,q100449,D,A,3194.0,24.201628052598,6.856606136505,17.595491546649,51.377582968065,,,MULTICHOICE,,Stephanie is 5 feet tall. How tall is Stephanie in inches?,,15,Student used the conversion rate for yards to feet instead of feet to inches and multiplied by 3.,17,Student added 12 instead of multiplying by 12.,50,Student multiplied by 10 instead of multiplying by 12.,60,Correct.,,,,,,,,Student used the conversion rate for yards to feet instead of feet to inches and multiplied by 3.,Convert a measurement from a larger unit to a smaller unit within a system of measurement
MATH-00208,4,i112839,Interim_eedi,q100055,C,A,19217.0,31.997710360618,26.591039184055,35.702763178435,6.020710828953,,,MULTICHOICE,,Allie poured 35 liters of water into a tank. How many milliliters of water did she pour into the tank?,,350,Student thought there are 10 milliliters in 1 liter.,"3,500",Student thought there are 100 milliliters in 1 liter.,"35,000",Correct.,"350,000","Student thought there are 10,000 milliliters in 1 liter.",,,,,,,,Student thought there are 10 milliliters in 1 liter.,Convert a measurement from a larger unit to a smaller unit within a system of measurement
MATH-00210,4,i112088,Compass,q101023,B,A,701.0,28.815977175463,35.520684736091,17.261055634807,18.402282453637,,,MULTICHOICE,,Dylan has 1 1/2 yards of yarn and 1/4 of a foot of yarn. How many inches of yarn does he have?,,54 inches,Student converted 1 1/2 yards to inches but did not add 1/4 of a foot of yarn.,57 inches,Correct.,58 inches,"Student converted 1 1/2 yards to inches, but calculated 1/4 of a foot of yarn as 4 inches because the denominator of 1/4 is 4.",63 inches,Student added 1 1/2 yards and 1/4 of a yard instead of 1/4 of a foot.,,,,,,,,Student converted 1 1/2 yards to inches but did not add 1/4 of a foot of yarn.,"Use the four operations to solve word problems involving measurement, including simple fractions or decimals"
MATH-00211,4,i112188,Interim_eedi,q102835,D,A,7231.0,40.423177983681,12.543216705849,15.170792421518,32.001106347669,,,MULTICHOICE,,Jamal adds 2 liters of water to 150 milliliters of juice concentrate in a pitcher. How many milliliters are now in the pitcher?,,152 milliliters,Student added without converting liters to milliliters.,170 milliliters,"Student attempted to calculate the number of milliliters, but multiplied 2 liters by 10, instead of 1,000, and then added 150.",350 milliliters,"Student attempted to calculate the number of milliliters, but multiplied 2 liters by 100, instead of 1,000, and then added 150.","2,150 milliliters",Correct.,,,,,,,,Student added without converting liters to milliliters.,"Use the four operations to solve word problems involving measurement, including conversion from a larger unit to a smaller unit"
MATH-00211,4,i162466,Interim_eedi,q168861,D,C,12625.0,16.253465346534,30.178217821782,34.035643564356,19.619801980198,,,MULTICHOICE,,Alex has a piece of wrapping paper that is 3 yards long. He uses a piece that is 2 feet long to wrap a present. How many inches of wrapping paper does Alex have left over after he wraps the present?,,1,Student ignored units and calculated the difference between the initial number of yards and the number of feet used.,7,Student calculated the number of feet Alex has left over.,36,Student subtracted 3 - 2 and then converted 1 yard into inches.,84,Correct.,,,,,,,,Student subtracted 3 - 2 and then converted 1 yard into inches.,"Use the four operations to solve word problems involving measurement, including conversion from a larger unit to a smaller unit"
MATH-00226,4,i112928,Interim_eedi,q102489,D,B,196.0,6.632653061224,19.38775510204,18.877551020408,55.102040816326,,,MULTICHOICE,,"The measure of angle ADB is 108 degrees, and the measure of angle BDC is 46 degrees. Use the given angle measurements to find the measure of angle ADC.","A diagram showing point D at the bottom with three rays extending outward. Ray DA goes to the upper-left, ray DB goes to the upper-right, and ray DC extends horizontally to the right. The angle between ray DA and ray DB is labeled 108 degrees (angle ADB). The angle between ray DB and ray DC is labeled 46 degrees (angle BDC). The question asks for angle ADC, the full angle from ray DA to ray DC.",26 degrees,Student found the difference between the measure of angle ADC (154) and 180.,62 degrees,Student subtracted the measure of angle BDC (46) from the measure of angle ADB (108).,130 degrees,"Student did not use the given measures and estimated, choosing a value that is greater than 90 degrees.",154 degrees,Correct.,,,,,,,,Student subtracted the measure of angle BDC (46) from the measure of angle ADB (108).,Solve addition problems to find unknown angles on a diagram in real-world problems
MATH-00228,4,i112579,Interim_eedi,q110927,B,D,196.0,6.122448979591,56.122448979591,16.836734693877,20.918367346938,,,MULTICHOICE,,The measure of angle DEF is 180 degrees. Which equation could be used to find the value of z?,"A diagram showing a straight line from D through E to F (forming a 180-degree angle). From point E, two additional rays extend upward: one creating a 70-degree angle with the left side (between ray EA direction and the upper ray) and one creating a 25-degree angle with the right side (between the upper ray and EF). The middle unknown angle is labeled z degrees.",z - 70 - 25 = 180,Student may have confused how to relate the quantities in the problem and subtracted 70 and 25 from angle z instead of adding.,70 + z + 25 = 180,Correct.,180 + 70 + 25 = z,Student may have confused how to relate the quantities in the problem and added all of the given values instead of setting the equation equal to 180.,(180 - 70) + 25 = z,Student correctly subtracted 70 from 180 but then added 25 instead of subtracting.,,,,,,,,Student correctly subtracted 70 from 180 but then added 25 instead of subtracting.,Represent addition problems to find unknown angles on a diagram using an equation with a symbol for the unknown angle measure
MATH-00230,4,i185073,Compass,q187886,B,D,135.0,10.37037037037037,51.851851851851855,12.592592592592593,25.185185185185187,,,MULTICHOICE,,"Which statement can be placed in the blank to make the sentence true? The value of the 6 in 56,780 is ___ the value of the 6 in 8,630.",,the same as,Student may have thought that the value of a digit is unaffected by its place value.,10 times as much as,Correct.,100 times as much as,"Student may have thought that the value of a digit is 100 times greater when it appears one place to the left, without considering the actual place value positions of the digits.","1,000 times as much as","Student may have thought that the value of a digit is 1,000 times greater when it appears one place to the left, without considering the actual place value positions of the digits.",,,,,,,,"Student may have thought that the value of a digit is 1,000 times greater when it appears one place to the left, without considering the actual place value positions of the digits.","Recognize that in a multi-digit whole number, a digit in one place represents ten times what it represents in the place to its right"
MATH-00230,4,i137930,Interim_eedi,q142309,B,D,42292.0,7.488413884422,55.447838834767,14.726189350231,22.673318830984,,,MULTICHOICE,,"Which statement can be placed in the blank to make the sentence true? The value of the 6 in 56,780 is ___ the value of the 6 in 8,630.",,the same as,Student may have thought that the value of a digit is unaffected by its place value.,10 times as much as,Correct.,100 times as much as,"Student may have thought that because the 6 in 8,630 is in the hundreds place, the 6 in 56,780 is 100 times as much as the 6 in 8,630.","1,000 times as much as","Student may have thought that because the 6 in 56,780 is in the thousands place, the 6 in 56,780 is 1,000 times as much as the 6 in 8,630.",,,,,,,,"Student may have thought that because the 6 in 56,780 is in the thousands place, the 6 in 56,780 is 1,000 times as much as the 6 in 8,630.","Recognize that in a multi-digit whole number, a digit in one place represents ten times what it represents in the place to its right"
MATH-00231,4,i185074,Compass,q187887,BD,A,129.0,27.906976744186046,65.11627906976744,21.705426356589147,41.86046511627907,12.4031007751938,,MULTISELECT,,Select two equations in which a 10 can be used in the blank to make the equation true.,,200 ÷ ___ = 2,Student confused a difference of two orders of magnitude with a difference of one order of magnitude.,500 ÷ ___ = 50,Correct.,"800 ÷ ___ = 8,000","Student misunderstood how division affects magnitude; may have thought that dividing by a value greater than 1 increases the result, similar to the effect of multiplication.","9,000 ÷ 900 = ___",Correct.,"40,000 ÷ 400 = ___",Student confused a difference of two orders of magnitude with a difference of one order of magnitude.,,,,,,Student confused a difference of two orders of magnitude with a difference of one order of magnitude.,Apply concepts of place value to recognize quotients and products in multiplication and division problems involving whole numbers and a factor of 10
MATH-00231,4,i111796,Interim_eedi,q100083,D,C,11098.0,8.11857992431,9.479185438817,21.949900883041,60.785727158046,,,MULTICHOICE,,Which value can go in the blank to make the equation true? 9 ten thousands x 10 = ___,,90,"Student found 9 x 10; did not understand the place value of ""ten thousands.""","9,000",Student found 10 times the value by moving all digits one place to the right instead of to the left.,"90,000","Student represented 9 ten thousands and did not multiply by 10, OR incorrectly represented 9 ten thousands as 9,000 before multiplying by 10.","900,000",Correct.,,,,,,,,"Student represented 9 ten thousands and did not multiply by 10, OR incorrectly represented 9 ten thousands as 9,000 before multiplying by 10.",Apply concepts of place value to recognize quotients and products in multiplication and division problems involving whole numbers and a factor of 10
MATH-00231,4,i112345,Interim_eedi,q100240,A,D,11199.0,49.683007411376,13.858380212518,13.456558621305,23.403875346013,,,MULTICHOICE,,"Which number is equal to n? 3,000 / 300 = n",,10,Correct.,30,"Student divided by 100 instead of 300; recognized the quotient would result in a value with one zero but did not correctly use the relationship between multiplication and division to recognize that 30 x 300 would result in 9,000.",100,"Student divided 3,000 by 3 tens instead of 3 hundreds.","1,000","Student divided 3,000 by 3 and ignored the place value ""hundreds.""",,,,,,,,"Student divided 3,000 by 3 and ignored the place value ""hundreds.""",Apply concepts of place value to recognize quotients and products in multiplication and division problems involving whole numbers and a factor of 10
MATH-00231,4,i129640,Interim_eedi,q125179,BD,A,41340.0,28.17610062893,68.594581519109,22.365747460087,47.542331881954,14.300919206579,,MULTISELECT,,Select two equations in which a 10 can be used in the blank to make the equation true.,,200 / ___ = 2,Student confused a difference of two orders of magnitude with a difference of one order of magnitude.,500 / ___ = 50,Correct.,"800 / ___ = 8,000",Student confused the direction of magnitude change represented by dividing by a value greater than 1; confused the effect of dividing by 10 with the effect of multiplying by 10.,"9,000 / 900 = ___",Correct.,"40,000 / 400 = ___",Student confused a difference of two orders of magnitude with a difference of one order of magnitude.,,,,,,Student confused a difference of two orders of magnitude with a difference of one order of magnitude.,Apply concepts of place value to recognize quotients and products in multiplication and division problems involving whole numbers and a factor of 10
MATH-00233,4,i138057,Compass,q142467,CF,D,38977.0,22.408086820432,13.654206326808,56.204941375683,23.265002437334,13.436128999153,55.630243476922,MULTISELECT,,"Which values represent 750,804? Select two that apply.",,700 + 50 + 800 + 4,Student viewed the number as two separate parts separated by the comma.,"4 + 50,000 + 80 + 700,000",Student confused the place value of the 8 as the tens place instead of the hundreds place.,"800 + 4 + 700,000 + 50,000",Correct.,"Seventy-five thousand, eight hundred four","Student confused 750,000 with 75,000.","Seven hundred fifty thousand, eighty-four",Student confused the place value of the 8 as the tens place instead of the hundreds place.,"Seven hundred fifty thousand, eight hundred four",Correct.,,,,"Student confused 750,000 with 75,000.","Read and write multi-digit numbers up to 1,000,000 by moving between base-ten numerals (standard form) and expanded form"
MATH-00233,4,i185075,Compass,q187888,B,D,135.0,3.7037037037037037,68.88888888888889,8.148148148148149,19.25925925925926,,,MULTICHOICE,,"Which number does the expression below represent? (6 × 100,000) + (4 × 1,000) + (2 × 10)",,"60,402","Student determined place value based on the number of zeroes in each value, leading to a number one tenth as large.","604,020",Correct.,"642,000","Student determined the magnitude of the number being represented, but then placed all non-zero digits before the zero digits rather than attending to each individual place value.","600,400,020","Student misinterpreted the number of zeros needed to represent each value, resulting in numbers that were ten times larger than intended, and then added them together.",,,,,,,,"Student misinterpreted the number of zeros needed to represent each value, resulting in numbers that were ten times larger than intended, and then added them together.","Read and write multi-digit numbers up to 1,000,000 by moving between base-ten numerals (standard form) and expanded form"
MATH-00233,4,i112225,Interim_eedi,q100483,B,C,314.0,6.369426751592,68.471337579617,12.738853503184,12.420382165605,,,MULTICHOICE,,"Which number does the expression below represent? (6 x 100,000) + (4 x 1,000) + (2 x 10)",,"60,402","Student did not represent the ones place value with a zero (shifting all digits to the right by one place), OR put the hundred-thousands place fifth because 100,000 has five zeros, and so on for each place value.","604,020",Correct.,"642,000","Student did not correctly represent the place values of 4 x 1,000 or 2 x 10.","600,400,020","Student wrote 600,000 as 600,000,000 and 4,000 as 400,000 and added them together.",,,,,,,,"Student did not correctly represent the place values of 4 x 1,000 or 2 x 10.","Read and write multi-digit numbers up to 1,000,000 by moving between base-ten numerals (standard form) and expanded form"
MATH-00235,4,i185076,Compass,q187889,B,A,134.0,26.865671641791046,38.80597014925373,10.447761194029852,23.880597014925375,,,MULTICHOICE,,Which statement is true?,,"4,076 > 4,000 + 700 + 6",Student did not compare the digits in the hundreds places correctly.,"4,076 < 4,000 + 700 + 6",Correct.,"4,760 < 4,000 + 700 + 6",Student did not compare the digits in the tens places correctly.,"4,760 = 4,000 + 700 + 6",Student misinterpreted the value of a digit by incorrectly identifying its place value.,,,,,,,,Student did not compare the digits in the hundreds places correctly.,Compare two multi-digit numbers
MATH-00235,4,i138061,Interim_eedi,q142470,B,A,39836.0,20.027111155738,50.471934933226,12.661913846771,17.253238276935,,,MULTICHOICE,,Which statement is true?,,"4,076 > 4,000 + 700 + 6",Student did not compare the digits in the hundreds places correctly.,"4,076 < 4,000 + 700 + 6",Correct.,"4,760 < 4,000 + 700 + 6",Student did not compare the digits in the tens places correctly.,"4,760 = 4,000 + 700 + 6","Student represented the 6 in expanded form as equal to 6 tens in 4,760.",,,,,,,,Student did not compare the digits in the hundreds places correctly.,Compare two multi-digit numbers
MATH-00235,4,i138063,Interim_eedi,q142473,C,D,2241.0,13.029897367246,21.19589468987,43.01651048639,22.757697456492,,,MULTICHOICE,,Which comparison is correct?,,"7,000 + 80 + 3 > seven thousand, eight hundred twenty-one","Student confused the place value of the digit 8 in the first number as in the hundreds place and the 3 as in the tens place and wrote 7,830 instead of 7,083; perhaps because there is no given value for the hundreds place of the first number.","2,000 + 500 + 7 > two thousand, five hundred fifty-seven","Student confused the place value of the digit 7 in the first number as in the tens place and wrote the number as 2,570 instead of 2,507; perhaps because there is no given value for the tens place of the first number.","One thousand, six hundred thirty > 1,000 + 600 + 20 + 9",Correct.,"Six thousand, two hundred thirteen = 6,230","Student confused the word form of ""thirteen"" for the value 30.",,,,,,,,"Student confused the word form of ""thirteen"" for the value 30.",Compare two multi-digit numbers
MATH-00235,4,i162820,Interim_eedi,q169324,AC,B,18524.0,73.704383502483,20.335780608939,60.710429712805,13.803714100626,14.473115957676,,MULTISELECT,,"Which values are greater than 180,450? Select two that apply.",,"180,500",Correct.,"9,000 + 100,000 + 400","Student may have confused 9,000 with 90,000, OR compared the first digits without taking place value into account (9 compared to 1).","(1 x 100,000) + (9 x 10,000)",Correct.,"Twenty thousand, four hundred twenty-one","Student may have compared ""twenty"" with the first two digits of the given number without using place value.","One hundred sixteen thousand, seven hundred five","Student may have only compared the digits in the ones place, OR compared 705 to 450.",,,,,,"Student may have confused 9,000 with 90,000, OR compared the first digits without taking place value into account (9 compared to 1).",Compare two multi-digit numbers
MATH-00237,4,i185078,Compass,q187891,ADE,B,133.0,66.16541353383458,28.571428571428573,27.81954887218045,72.18045112781955,60.902255639097746,,MULTISELECT,,"Select three numbers that round to 29,000 when rounded to the nearest thousand.",,"29,465",Correct.,"28,477",Student may have incorrectly used a digit in the tens or ones place to round the number up to the next thousand.,"29,763",Student may have truncated the number at the given place value rather than rounding to the given place value.,"29,299",Correct.,"28,632",Correct.,,,,,,Student may have incorrectly used a digit in the tens or ones place to round the number up to the next thousand.,"Round multi-digit whole numbers to any place within 1,000,000"
MATH-00237,4,i113293,Interim_eedi,q107869,BCD,E,11763.0,34.251466462637,68.052367593301,68.052367593301,61.030349400663,35.960214231063,,MULTISELECT,,"Which three numbers round to 12,900 when rounded to the nearest hundred? Select three that apply.",,"11,911","Student possibly rounded 11,000 up to 12,000 because of the 9 in the hundreds place, but left the 9 in the hundreds place.","12,850",Correct.,"12,861",Correct.,"12,928",Correct.,"12,950","Student possibly used the zero in the ones place to round, OR student truncated the number at the hundreds place.",,,,,,"Student possibly used the zero in the ones place to round, OR student truncated the number at the hundreds place.","Round multi-digit whole numbers to any place within 1,000,000"
MATH-00237,4,i138071,Interim_eedi,q142484,ADE,C,39140.0,73.185998978027,27.636688809402,27.659683188553,71.584057230454,59.379151762902,,MULTISELECT,,"Select three numbers that round to 29,000 when rounded to the nearest thousand.",,"29,465",Correct.,"28,477","Student possibly used the 7 in the tens or ones places to round up to 29,000.","29,763",Student possibly truncated the number at the thousands place.,"29,299",Correct.,"28,632",Correct.,,,,,,Student possibly truncated the number at the thousands place.,"Round multi-digit whole numbers to any place within 1,000,000"
MATH-00238,4,i185080,Compass,q187894,D,A,210.0,17.142857142857142,16.19047619047619,10.476190476190476,56.19047619047619,,,MULTICHOICE,,"Solve. 26,957 + 347,082 = ?",,"364,039",Student did not regroup from the thousands place to the ten thousands place.,"373,039",Student did not regroup from the hundreds place to the thousands place.,"373,939",Student did not regroup from the tens place to the hundreds place.,"374,039",Correct.,,,,,,,,Student did not regroup from the thousands place to the ten thousands place.,"Fluently add multi-digit whole numbers (sums to 1,000,000) using the standard algorithm"
MATH-00238,4,i116775,Interim_eedi,q114115,C,B,22622.0,9.282998850676,11.581646185129,76.235522942268,3.094332950225,,,MULTICHOICE,,"Solve. 6,351 + 4,671 = ?",,"10,022",Student did not regroup a set of ten hundreds as a thousand when adding the hundreds.,"10,922",Student did not regroup a set of ten tens as a hundred when adding the tens.,"11,022",Correct.,"19,122","Student recorded the twelve tens by writing ""1"" in the hundreds place and ""2"" in the tens place, then recorded the nine hundreds as nine thousands.",,,,,,,,Student did not regroup a set of ten tens as a hundred when adding the tens.,"Fluently add multi-digit whole numbers (sums to 1,000,000) using the standard algorithm"
MATH-00238,4,i138309,Interim_eedi,q142771,D,B,27481.0,14.526400058222,14.926676612932,11.582547942214,59.7103453295,,,MULTICHOICE,,"Solve. 26,957 + 347,082 = ?",,"364,039",Student did not regroup from the thousands place to the ten thousands place.,"373,039",Student did not regroup from the hundreds place to the thousands place.,"373,939",Student did not regroup from the tens place to the hundreds place.,"374,039",Correct.,,,,,,,,Student did not regroup from the hundreds place to the thousands place.,"Fluently add multi-digit whole numbers (sums to 1,000,000) using the standard algorithm"
MATH-00239,4,i185081,Compass,q187895,A,D,212.0,58.490566037735846,6.132075471698113,10.377358490566039,25.0,,,MULTICHOICE,,"Solve. 3,361 - 2,945 = ?",,416,Correct.,624,"Student correctly subtracted the smaller digit from the larger digit in the ones and hundreds places but incorrectly reduced the digit in the thousands place, even though no regrouping was needed there.","1,426",Student attempted to regroup but did not correctly adjust the value in the adjacent higher place value column.,"1,624",Student subtracted the smaller digit from the larger digit in each place value without considering the need to regroup from the next higher place value.,,,,,,,,Student subtracted the smaller digit from the larger digit in each place value without considering the need to regroup from the next higher place value.,"Fluently subtract multi-digit whole numbers (minuend to 1,000,000) using the standard algorithm"
MATH-00239,4,i138302,Interim_eedi,q142760,A,D,39836.0,68.109247916457,5.075810824379,10.224420122502,16.881715031629,,,MULTICHOICE,,"Solve. 3,361 - 2,945 = ?",,416,Correct.,624,Student subtracted the smaller number from the larger number in the ones place (5 - 1) and hundreds place (9 - 3) but still reduced the 3 in the thousands place.,"1,426","Student regrouped, but did not reduce from the higher unit column in each case.","1,624",Student subtracted the smaller number from the larger number in the ones place (5 - 1) and hundreds place (9 - 3) instead of regrouping from the tens and thousands places.,,,,,,,,Student subtracted the smaller number from the larger number in the ones place (5 - 1) and hundreds place (9 - 3) instead of regrouping from the tens and thousands places.,"Fluently subtract multi-digit whole numbers (minuend to 1,000,000) using the standard algorithm"
MATH-00239,4,i138304,Interim_eedi,q142763,A,B,36762.0,34.538382024917,59.313965507861,3.59066427289,3.08198683423,,,MULTICHOICE,,Which number must go in the box to make the subtraction problem correct?,"A vertical subtraction problem: 7,937 minus 2,[box]86 equals 5,351. The box represents a missing digit in the hundreds place of the number being subtracted (2,_86).",5,Correct.,6,"Student only looked at the hundreds column and did not regroup, OR subtracted 8 - 3 in the tens column instead of regrouping to calculate 13 - 8 and calculated 9 - ? = 3 or 9 - 3 = ?.",8,Student used the value that the 9 in the hundreds place would be regrouped to.,12,Student only looked at the hundreds column and added 9 and 3; did not realize that only one digit could go in the hundreds place.,,,,,,,,"Student only looked at the hundreds column and did not regroup, OR subtracted 8 - 3 in the tens column instead of regrouping to calculate 13 - 8 and calculated 9 - ? = 3 or 9 - 3 = ?.","Fluently subtract multi-digit whole numbers (minuend to 1,000,000) using the standard algorithm"
MATH-00240,4,i185103,Compass,q187921,C,B,212.0,8.962264150943396,16.50943396226415,69.33962264150944,5.188679245283019,,,MULTICHOICE,,Multiply. 36 × 4 = ?,,54,Student only multiplied the digits that shared a place value across both numbers and then added the value of the other digit.,124,Student did not regroup after each partial product.,144,Correct.,252,Student left-aligned digits when multiplying and treated the left-most digit of the multi-digit number as the units place.,,,,,,,,Student did not regroup after each partial product.,Multiply a three-digit number by a one-digit number using strategies based on place value or properties of operations
MATH-00240,4,i185104,Compass,q187922,D,C,207.0,7.246376811594203,8.21256038647343,8.695652173913043,75.84541062801932,,,MULTICHOICE,,Multiply. 52 × 3 = ?,,56,Student only multiplied the digits that shared a place value across both numbers and then added the value of the other digit.,85,Student added the single digit multiplier to each digit of the multi-digit number.,152,Student only multiplied the largest place value by the single-digit multiplier and then added the value of the other digit.,156,Correct.,,,,,,,,Student only multiplied the largest place value by the single-digit multiplier and then added the value of the other digit.,Multiply a three-digit number by a one-digit number using strategies based on place value or properties of operations
MATH-00240,4,i130504,Interim_eedi,q126116,B,A,30900.0,15.711974110032,61.508090614886,12.747572815533,10.521035598705,,,MULTICHOICE,,Which expression is equal to 506 x 7?,,(50 x 7) + (6 x 7),Student multiplied 7 by 50 instead of by 500.,(500 x 7) + (6 x 7),Correct.,(500 x 7) + (60 x 7),Student multiplied 7 by 60 instead of by 6.,(5 x 7) + (0 x 7) + (6 x 7),"Student disregarded place value and multiplied each digit in 506 by 7, then added the products.",,,,,,,,Student multiplied 7 by 50 instead of by 500.,Multiply a three-digit number by a one-digit number using strategies based on place value or properties of operations
MATH-00240,4,i176428,Interim_eedi,q178563,B,A,548.0,15.693430656934,66.423357664233,9.306569343065,8.576642335766,,,MULTICHOICE,,Which expression is equal to 603 x 8?,,(60 x 8) + (3 x 8),Student multiplied 8 by 60 instead of by 600.,(600 x 8) + (3 x 8),Correct.,(600 x 8) + (30 x 8),Student multiplied 8 by 30 instead of by 3.,(6 x 8) + (0 x 8) + (3 x 8),"Student disregarded place value and multiplied each digit in 603 by 8, then added the products.",,,,,,,,Student multiplied 8 by 60 instead of by 600.,Multiply a three-digit number by a one-digit number using strategies based on place value or properties of operations
MATH-00241,4,i185386,Compass,q188313,B,A,61.0,16.39344262295082,63.9344262295082,13.114754098360656,6.557377049180328,,,MULTICHOICE,,"Solve. 1,406 × 8 = ?",,"8,208",Student did not regroup when multiplying.,"11,248",Correct.,"12,048",Student interpreted a 0 in a place value as representing an amount equal to that place value when multiplying.,"832,048","Student multiplied each digit separately and combined partial products incorrectly, treating them as whole values rather than aligning by place value.",,,,,,,,Student did not regroup when multiplying.,Multiply a four-digit number by a one-digit number using strategies based on place value or properties of operations
MATH-00242,4,i185391,Compass,q188318,D,C,55.0,9.090909090909092,14.545454545454545,29.09090909090909,47.27272727272727,,,MULTICHOICE,,Solve. 15 × 32 = ?,,192,Student multiplied one of the factors by each digit of the other factor without accounting for place value.,280,Student may have used an area model to solve but set it up incorrectly; may have thought that one side of the area model should represent the same place value for both factors.,310,Student may have used an area model to solve but only added one row or column of partial products.,480,Correct.,,,,,,,,Student may have used an area model to solve but only added one row or column of partial products.,Multiply a two-digit number by a two-digit number using strategies based on place value or properties of operations
MATH-00242,4,i130503,Interim_eedi,q126115,D,C,39782.0,10.416771404152,8.599366547684,22.200995425066,59.197627067517,,,MULTICHOICE,,Solve. 15 x 32 = ?,,192,Student calculated 32 x (1 + 5) instead of 32 x (10 + 5).,280,Student may have used an area model to solve but used (10 + 30) x (5 + 2) instead of (10 + 5) x (30 + 2).,310,Student may have used an area model to solve but only added the partial products (10 x 30) and (5 x 2); did not add (30 x 5) and (10 x 2).,480,Correct.,,,,,,,,Student may have used an area model to solve but only added the partial products (10 x 30) and (5 x 2); did not add (30 x 5) and (10 x 2).,Multiply a two-digit number by a two-digit number using strategies based on place value or properties of operations
MATH-00242,4,i176432,Interim_eedi,q178567,D,C,543.0,11.786372007366,8.655616942909,29.465930018416,50.092081031307,,,MULTICHOICE,,Solve. 14 x 62 = ?,,310,Student calculated 62 x (1 + 4) instead of 62 x (10 + 4).,420,Student may have used an area model to solve but used (10 + 60) x (4 + 2) instead of (10 + 4) x (60 + 2).,608,Student may have used an area model to solve but only added the partial products (10 x 60) and (4 x 2); did not add (60 x 4) and (10 x 2).,868,Correct.,,,,,,,,Student may have used an area model to solve but only added the partial products (10 x 60) and (4 x 2); did not add (60 x 4) and (10 x 2).,Multiply a two-digit number by a two-digit number using strategies based on place value or properties of operations
MATH-00243,4,i185387,Compass,q188314,C,B,63.0,7.936507936507937,17.46031746031746,74.60317460317461,,,,MULTICHOICE,,Which area model represents 805 × 3?,"Four area models shown. A: 80×3=240, 5×3=15. B: 800×3=240, 5×3=15. C: 800×3=2400, 5×3=15. D: 80×3=2400, 5×3=15.",[Area model A],"Student misrepresented a digit's place value, treating a number in the hundreds place as if it were in the tens place when constructing the area model.",[Area model B],"Student misunderstood how to multiply using place value, incorrectly calculating a partial product based on the digit's position rather than its actual value.",[Area model C],Correct.,[Area model D],"Student found the correct partial products for the given factors, but did not correctly represent the place values of the factors in their model.",,,,,,,,"Student misunderstood how to multiply using place value, incorrectly calculating a partial product based on the digit's position rather than its actual value.",Use models to explain the multiplication of three-digit numbers by one-digit numbers
MATH-00243,4,i113044,Interim_eedi,q110776,C,B,22941.0,15.487555032474,22.993766618717,56.906848001394,4.921319907589,,,MULTICHOICE,,Which area model represents 805 x 3?,"Four area models (rectangles divided into two columns), each with 3 on the left side label: A) Top labels: 80 and 5; inner cells: 240 and 15. B) Top labels: 800 and 5; inner cells: 240 and 15. C) Top labels: 800 and 5; inner cells: 2,400 and 15. D) Top labels: 80 and 5; inner cells: 2,400 and 15.","A (top: 80, 5 / cells: 240, 15)",Student did not use the correct place value of 800 and instead represented it as 80.,"B (top: 800, 5 / cells: 240, 15)",Student did not use place value correctly and thought 800 x 3 should be 240 since 3 is multiplied by a number in the hundreds place.,"C (top: 800, 5 / cells: 2,400, 15)",Correct.,"D (top: 80, 5 / cells: 2,400, 15)","Student found the correct partial products, but represented 800 as 80.",,,,,,,,Student did not use place value correctly and thought 800 x 3 should be 240 since 3 is multiplied by a number in the hundreds place.,Use models to explain the multiplication of three-digit numbers by one-digit numbers
MATH-00245,4,i112652,Interim_eedi,q103010,B,A,13241.0,17.249452458273,58.530322483196,16.312967298542,8.201797447322,,,MULTICHOICE,,Use the area model to answer the following question. Which equation correctly represents the total area of the model?,"A rectangular area model divided into 4 sections. The top edge is labeled with two segments: 10 on the left and 9 on the right. The left edge is labeled with two segments: 10 on top and 3 on the bottom. The four inner cells represent the partial products: top-left = 10x10, top-right = 9x10, bottom-left = 10x3, bottom-right = 9x3. This models the multiplication 19 x 13.",19 x 13 = 220,"Student found and added partial products for 10 x 3, 10 x 9, and 10 x 10, but did not add the product of 9 x 3.",19 x 13 = 247,Correct.,100 + 27 = 127,Student only multiplied the tens together and the ones together and added the partial products; did not take the areas of 3 x 10 and 9 x 10 into account.,109 x 103 = 247,Student used the model correctly to get the product but did not know how to use place value to represent the factors; did not recognize that 109 x 103 would be much greater than 247.,,,,,,,,"Student found and added partial products for 10 x 3, 10 x 9, and 10 x 10, but did not add the product of 9 x 3.",Use models to explain the multiplication of two two-digit numbers
MATH-00246,4,i185392,Compass,q188319,B,D,173.0,8.670520231213873,53.179190751445084,16.76300578034682,21.387283236994218,,,MULTICHOICE,,"Solve. 1,648 ÷ 8 = ?",,26,"Student split the dividend into two two-digit numbers, divided each part by the divisor, and then combined the results.",206,Correct.,221,Student attempted to solve using partial quotients but reversed the digits in one of the partial quotients.,260,"Student did not represent place value correctly when dividing, resulting in a quotient missing a digit, and then placed a zero at the end of the quotient.",,,,,,,,"Student did not represent place value correctly when dividing, resulting in a quotient missing a digit, and then placed a zero at the end of the quotient.","Find whole-number quotients (no remainders) of four-digit dividends and one-digit divisors using strategies based on place value, the properties of operations, and/or the relationship between multiplication and division."
MATH-00246,4,i112805,Interim_eedi,q100508,B,C,3579.0,10.282201732327,58.480022352612,17.379156188879,13.886560491757,,,MULTICHOICE,,"Solve. 1,648 / 8 = ?",,26,Student divided 16/8 and 48/8 and combined the quotients; left the zero out of the tens place.,206,Correct.,221,"Student divided 1,600 by 8, divided 80 by 4, instead of 40 by 8, and then divided 8 by 8 and added the partial quotients.",260,Student did not represent place value correctly when dividing and placed a zero at the end of the quotient to make it 3 digits.,,,,,,,,"Student divided 1,600 by 8, divided 80 by 4, instead of 40 by 8, and then divided 8 by 8 and added the partial quotients.","Find whole-number quotients (no remainders) of four-digit dividends and one-digit divisors using strategies based on place value, the properties of operations, and/or the relationship between multiplication and division."
MATH-00246,4,i161985,Interim_eedi,q168294,C,D,39886.0,15.281050995336,19.312540741112,38.58747430176,27.001955573384,,,MULTICHOICE,,"Which model represents 2,601 / 9?","Four area models for division, each showing a rectangle divided into sections with a divisor of 9 on the left side. Model A: top labels 10, 10, 80, 9; inner cells show 900, 900, 720, 81. Model B: top labels 100, 100, 800, 9; inner cells show 900, 900, 720, 81. Model C: top labels 200, 80, 9; inner cells show 1,800, 720, 81. Model D: top labels 2,000, 800, 9; inner cells show 1,800, 720, 81.","A (top: 10, 10, 80, 9 / cells: 900, 900, 720, 81)",Student confused the product of 10 x 9 as 900 instead of 90.,"B (top: 100, 100, 800, 9 / cells: 900, 900, 720, 81)","Student confused the product of 800 x 9 as 720 instead of 7,200.","C (top: 200, 80, 9 / cells: 1,800, 720, 81)",Correct.,"D (top: 2,000, 800, 9 / cells: 1,800, 720, 81)","Student confused the product of 2,000 x 9 as 1,800 instead of 18,000 and confused the product of 800 x 9 as 720 instead of 7,200.",,,,,,,,"Student confused the product of 2,000 x 9 as 1,800 instead of 18,000 and confused the product of 800 x 9 as 720 instead of 7,200.","Find whole-number quotients (no remainders) of four-digit dividends and one-digit divisors using strategies based on place value, the properties of operations, and/or the relationship between multiplication and division."
MATH-00246,4,i176434,Interim_eedi,q178569,B,C,545.0,8.990825688073,52.844036697247,19.633027522935,18.532110091743,,,MULTICHOICE,,"Solve. 1,220 / 4 = ?",,35,Student divided 12/4 and 20/4 and combined the quotients; left the zero out of the tens place.,305,Correct.,320,"Student divided 1,200 by 4, divided 40 by 2, instead of 20 by 4, and added the partial quotients.",350,Student did not represent place value correctly when dividing and placed a zero at the end of the quotient to make it 3 digits.,,,,,,,,"Student divided 1,200 by 4, divided 40 by 2, instead of 20 by 4, and added the partial quotients.","Find whole-number quotients (no remainders) of four-digit dividends and one-digit divisors using strategies based on place value, the properties of operations, and/or the relationship between multiplication and division."
MATH-00249,4,i185419,Compass,q188366,B,A,61.0,34.42622950819672,29.508196721311474,21.311475409836067,14.754098360655737,,,MULTICHOICE,,"Solve. 1,793 ÷ 3 = ?",,531 R2,Student divided right to left instead of left to right.,597 R2,Correct.,599,"Student divided correctly, but then incorrectly added the remainder to the quotient instead of representing it as part of a mixed number or as a remainder.",602 R1,"Student attempted to use partial quotients but subtracted values inappropriately from the remaining dividend, leading to an incorrect quotient and an inaccurate remainder.",,,,,,,,Student divided right to left instead of left to right.,"Find whole-number quotients (with remainders) four-digit dividends and one-digit divisors using strategies based on place value, the properties of operations, and/or the relationship between multiplication and division."
MATH-00249,4,i113245,Interim_eedi,q100864,C,B,830.0,7.22891566265,16.746987951807,64.939759036144,11.084337349397,,,MULTICHOICE,,"Solve. 3,442 / 4 = ?",,86,"Student saw that the divisor was greater than the remaining number, but did not record a value of zero in the ones place of the quotient.",860,Student did not record the remainder.,860 R2,Correct.,862,Student added the remainder to the quotient instead of recording it as such.,,,,,,,,Student did not record the remainder.,"Find whole-number quotients (with remainders) four-digit dividends and one-digit divisors using strategies based on place value, the properties of operations, and/or the relationship between multiplication and division."
MATH-00249,4,i161982,Interim_eedi,q168290,B,A,39572.0,20.383099161022,56.014353583341,10.9825128879,12.77671080562,,,MULTICHOICE,,"Solve. 1,793 / 3 = ?",,531 R2,"Student divided right to left by dividing 93 by 3 to get 31, dividing 17 by 3 to get 5, and then student used the 2 left over from 17 / 3 as the remainder.",597 R2,Correct.,599,"Student divided correctly, but misrepresented the remainder by adding it to the quotient.",602 R1,"Student solved using partial quotients; subtracted 1,500 from 1,793, but then incorrectly subtracted 300 from the remaining dividend (293), finding a difference of 7.",,,,,,,,"Student divided right to left by dividing 93 by 3 to get 31, dividing 17 by 3 to get 5, and then student used the 2 left over from 17 / 3 as the remainder.","Find whole-number quotients (with remainders) four-digit dividends and one-digit divisors using strategies based on place value, the properties of operations, and/or the relationship between multiplication and division."
MATH-00256,4,i139052,Compass,q144238,AF,C,11792.0,43.639755766621,10.990502035278,33.488805970149,27.620420624151,20.20013568521,44.029850746268,MULTISELECT,,The large rectangle below is equal to one whole. Select two fractions that are equivalent to the fraction of the large rectangle shaded above.,"A large rectangle divided into 10 equal vertical columns. 4 of the 10 columns on the left are shaded gray, and 6 columns on the right are unshaded (white), representing the fraction 4/10.",2/5,Correct.,3/5,Student thought the fraction of unshaded parts was equivalent to the fraction of shaded parts and chose a fraction equivalent to the fraction of unshaded parts.,4/6,"Student chose a fraction with the same numerator as the fraction depicted in the model, OR student chose a fraction in which the numerator represents the number of shaded parts in the depicted model and the denominator represents the number of unshaded parts in the depicted model.",6/10,"Student chose a fraction with the same denominator as the fraction depicted in the model, OR student thought the fraction of unshaded parts was equivalent to the fraction of shaded parts.",4/100,Student multiplied the denominator but did not change the numerator when trying to create an equivalent fraction.,40/100,Correct.,,,,"Student chose a fraction with the same numerator as the fraction depicted in the model, OR student chose a fraction in which the numerator represents the number of shaded parts in the depicted model and the denominator represents the number of unshaded parts in the depicted model.",Explain why a fraction a/b is equivalent to a fraction (n x a)/(n x b) using visual fraction models
MATH-00256,4,i185220,Compass,q188114,AF,C,163.0,48.466257668711656,11.042944785276074,40.49079754601227,30.061349693251532,15.337423312883436,32.515337423312886,MULTISELECT,,The large rectangle below is equal to one whole. Which fractions are equivalent to the shaded fraction of the large rectangle above? Select two that apply.,"A large rectangle divided into equal parts with some parts shaded. The shaded region represents 2/5 of the whole rectangle (i.e., 2 out of 5 equal columns are shaded).",2/5,Correct.,3/5,"Student chose a fraction that, when added to the modeled fraction, would result in one whole; may have misinterpreted which portion of the model represents the numerator.",4/6,"Student chose a fraction with the same numerator as the modeled fraction without considering the denominator, OR student formed a fraction by comparing two parts of the model instead of part to whole.",6/10,"Student chose a fraction with the same denominator as the modeled fraction without considering the numerator, OR student may have thought that the fraction representing one part of the model is equivalent to the fraction representing the other part of the model.",4/100,"Student attempted to create an equivalent fraction by multiplying only the denominator, without applying the same operation to the numerator.",40/100,Correct.,,,,"Student chose a fraction with the same numerator as the modeled fraction without considering the denominator, OR student formed a fraction by comparing two parts of the model instead of part to whole.",Explain why a fraction a/b is equivalent to a fraction (n x a)/(n x b) using visual fraction models
MATH-00256,4,i171745,Interim_eedi,q175898,AF,C,27528.0,43.566550421389,10.574687590816,34.415867480383,26.551147922115,20.891455972101,44.9905550712,MULTISELECT,,The large rectangle below is equal to one whole. Which fractions are equivalent to the shaded fraction of the large rectangle above? Select two that apply.,A large rectangle divided into 10 equal vertical columns of the same width. The first 4 columns from the left are shaded gray; the remaining 6 columns are unshaded/white. This represents 4/10 (or 2/5) of the whole rectangle shaded.,2/5,Correct.,3/5,Student thought the fraction of unshaded parts was equivalent to the fraction of shaded parts and chose a fraction equivalent to the fraction of unshaded parts.,4/6,"Student chose a fraction with the same numerator as the fraction depicted in the model, OR student chose a fraction in which the numerator represents the number of shaded parts in the depicted model and the denominator represents the number of unshaded parts in the depicted model.",6/10,"Student chose a fraction with the same denominator as the fraction depicted in the model, OR student thought the fraction of unshaded parts was equivalent to the fraction of shaded parts.",4/100,Student multiplied the denominator but did not change the numerator when trying to create an equivalent fraction.,40/100,Correct.,,,,"Student chose a fraction with the same numerator as the fraction depicted in the model, OR student chose a fraction in which the numerator represents the number of shaded parts in the depicted model and the denominator represents the number of unshaded parts in the depicted model.",Explain why a fraction a/b is equivalent to a fraction (n x a)/(n x b) using visual fraction models
MATH-00257,4,i185223,Compass,q188117,C,A,162.0,27.77777777777778,16.666666666666668,43.82716049382716,11.728395061728396,,,MULTICHOICE,,Which equation creates a fraction that is equivalent to 2/6?,,2 / (6 × 2) = 2/12,"Student attempted to create an equivalent fraction by multiplying only the denominator, without applying the same operation to the numerator.",(2 + 2) / (6 + 2) = 4/8,Student may have thought that adding the same value to the numerator and denominator creates an equivalent fraction.,(2 × 2) / (6 × 2) = 4/12,Correct.,(2 × 6) / (6 × 2) = 12/12,Student multiplied the numerator by the denominator and vice versa.,,,,,,,,"Student attempted to create an equivalent fraction by multiplying only the denominator, without applying the same operation to the numerator.",Generate equivalent fractions using the principle a/b = (n x a)/(n x b)
MATH-00257,4,i139055,Interim_eedi,q144241,C,A,39310.0,21.597557873314,14.932587127957,55.192063088272,8.499109641312,,,MULTICHOICE,,Which equation creates a fraction that is equivalent to 2/6?,,2 / (6 x 2) = 2/12,Student multiplied the denominator but did not recognize the need to also multiply the numerator by the same value to convert to an equivalent fraction.,(2 + 2) / (6 + 2) = 4/8,"Student thought adding the same number to the numerator and the denominator would create an equivalent fraction; may have thought that because both 2/6 and 4/8 are each 4 parts away from the whole, they are equivalent.",(2 x 2) / (6 x 2) = 4/12,Correct.,(2 x 6) / (6 x 2) = 12/12,Student multiplied the numerator by the denominator and vice versa; did not recognize that 12/12 = 1.,,,,,,,,Student multiplied the denominator but did not recognize the need to also multiply the numerator by the same value to convert to an equivalent fraction.,Generate equivalent fractions using the principle a/b = (n x a)/(n x b)
MATH-00259,4,i185227,Compass,q188121,A,D,165.0,40.60606060606061,17.575757575757574,17.575757575757574,24.242424242424242,,,MULTICHOICE,,Which statement is true?,,3/5 > 4/10,Correct.,4/6 < 3/12,Student only compared the denominators.,5/6 = 5/12,Student only compared the numerators.,55/100 > 6/10,Student compared the numerators and denominators separately.,,,,,,,,Student compared the numerators and denominators separately.,Compare two fractions with different numerators and different denominators
MATH-00259,4,i185229,Compass,q188123,ACE,B,162.0,60.49382716049383,53.08641975308642,67.28395061728395,37.65432098765432,35.80246913580247,,MULTISELECT,,Which fractions will make the comparison true? 5/8 > ___ Select three that apply.,,1/2,Correct.,4/5,Student compared the numerators and denominators separately.,4/10,Correct.,8/12,Student may have mistakenly added the same number to the numerator and denominator to form an incorrect equivalent fraction before making a comparison.,25/100,Correct.,,,,,,Student compared the numerators and denominators separately.,Compare two fractions with different numerators and different denominators
MATH-00259,4,i110246,Interim_eedi,q102833,A,D,2561.0,46.856696602889,19.211245607184,10.737992971495,23.19406481843,,,MULTICHOICE,,Which statement is true?,,3/5 > 4/10,Correct.,4/6 < 3/12,Student only compared the denominators (6 < 12).,5/6 = 5/12,Student only compared the numerators (5 = 5).,55/100 > 6/10,Student compared the numerators and denominators separately (55 > 6 and 100 > 10).,,,,,,,,Student compared the numerators and denominators separately (55 > 6 and 100 > 10).,Compare two fractions with different numerators and different denominators
MATH-00259,4,i112355,Interim_eedi,q110891,BC,A,4110.0,34.720194647201,54.939172749391,60.145985401459,17.639902676399,24.087591240875,,MULTISELECT,,Select the two comparisons that are true.,,1/3 < 4/12,Student compared the numerators and denominators separately.,3/10 < 2/5,Correct.,4/6 > 2/4,Correct.,7/8 < 3/4,"Student may have incorrectly reasoned that a smaller denominator would result in smaller pieces, meaning that 3/4 was a smaller distance from the benchmark of 1 than 7/8.",2/3 > 9/12,"Student may have thought that 2/3 has a larger value because it is only one piece away from 1, while 9/12 is 3 pieces away from 1.",,,,,,Student compared the numerators and denominators separately.,Compare two fractions with different numerators and different denominators
MATH-00259,4,i113241,Interim_eedi,q111023,ACE,B,27234.0,60.997282808254,41.958581185283,68.003231255048,36.259822280972,41.044282881692,,MULTISELECT,,Which fractions will make the comparison true? 5/8 > ___ Select three that apply.,,1/2,Correct.,4/5,Student compared the numerators and denominators separately.,4/10,Correct.,8/12,"Student may have tried to convert 5/8 to an equivalent fraction by adding 4 to the numerator and denominator to get 9/12; compared the incorrect ""equivalent"" fraction of 9/12 to 8/12.",25/100,Correct.,,,,,,Student compared the numerators and denominators separately.,Compare two fractions with different numerators and different denominators
MATH-00259,4,i178745,Interim_eedi,q180464,D,A,571.0,35.376532399299,11.733800350262,13.835376532399,39.054290718038,,,MULTICHOICE,,Which statement is true?,,6/8 > 5/6,Student compared the numerators and denominators separately (6 > 5 and 8 > 6).,4/6 = 4/12,Student only compared the numerators (4 = 4).,5/6 < 4/12,Student only compared the denominators (6 < 12).,2/5 > 3/10,Correct.,,,,,,,,Student compared the numerators and denominators separately (6 > 5 and 8 > 6).,Compare two fractions with different numerators and different denominators
MATH-00262,4,i130295,Interim_eedi,q125889,B,C,27720.0,9.805194805194,64.386724386724,15.685425685425,10.34632034632,,,MULTICHOICE,,Use the model below to answer the question. One part is subtracted from the shaded amount in the model. Which equation represents the amount of the whole that is still shaded?,"A fraction bar model labeled '1 whole' at the top. The bar is divided into 6 equal rectangular sections. The first 4 sections (from left) are shaded gray, and the remaining 2 sections are unshaded/white, representing 4/6 of the whole shaded.",4 - 1 = 3,Student did not understand how to represent fractions as part of a whole; did not represent a denominator.,4/6 - 1/6 = 3/6,Correct.,4/6 - 1/4 = 3/6,Student confused the meaning of the whole when subtracting one part; interpreted the whole as referring to the number of pieces shaded.,4/4 - 1/4 = 3/4,Student confused the meaning of the whole; interpreted the whole as referring to the 4 shaded pieces.,,,,,,,,Student confused the meaning of the whole when subtracting one part; interpreted the whole as referring to the number of pieces shaded.,Recognize subtraction of fractions as separating parts referring to the same whole
MATH-00262,4,i177130,Interim_eedi,q179104,B,C,573.0,9.598603839441,73.298429319371,11.169284467713,5.933682373472,,,MULTICHOICE,,Use the model below to answer the question. One part is subtracted from the shaded amount in the model. Which equation represents the amount of the whole that is still shaded?,"A fraction bar model labeled '1 whole' at the top. The bar is divided into 5 equal rectangular sections. The first 3 sections (from left) are shaded gray, and the remaining 2 sections are unshaded/white, representing 3/5 of the whole shaded.",3 - 1 = 2,Student did not understand how to represent fractions as part of a whole; did not represent a denominator.,3/5 - 1/5 = 2/5,Correct.,3/5 - 1/3 = 2/5,Student confused the meaning of the whole when subtracting one part; interpreted the whole as referring to the number of pieces shaded.,3/3 - 1/3 = 2/3,Student confused the meaning of the whole; interpreted the whole as referring to the 3 shaded pieces.,,,,,,,,Student confused the meaning of the whole when subtracting one part; interpreted the whole as referring to the number of pieces shaded.,Recognize subtraction of fractions as separating parts referring to the same whole
MATH-00266,4,i185699,Compass,q188737,BE,C,163.0,30.061349693251532,39.877300613496935,34.355828220858896,28.220858895705522,33.74233128834356,,MULTISELECT,,Select two expressions that are equivalent to 3 2/8.,,8/1 + 8/1 + 8/1 + 2/8,Student may have thought that an improper fraction with a numerator that represents the total number of parts and a denominator of 1 is equal to 1.,1 + 8/8 + 8/8 + 2/8,Correct.,1/8 + 1/8 + 1/8 + 2/8,Student may have thought that a proper fraction with a numerator of 1 and a denominator that represents the total number of parts is equal to 1.,1 + 1 + 1 + 1/4 + 1/4,Student added the numerators and denominators separately when adding the fractions.,8/8 + 8/8 + 8/8 + 1/8 + 1/8,Correct.,,,,,,Student may have thought that a proper fraction with a numerator of 1 and a denominator that represents the total number of parts is equal to 1.,Decompose a fraction into a sum of fractions with the same denominator in more than one way
MATH-00266,4,i130297,Interim_eedi,q125891,BE,D,30601.0,19.090879383026,53.32178686971,21.734583837129,23.512303519492,55.674651155191,,MULTISELECT,,Select two expressions that are equivalent to 3 2/8.,,8/1 + 8/1 + 8/1 + 2/8,Student confused 8/1 with 8/8 and thought 8/1 was equal to 1.,1 + 8/8 + 8/8 + 2/8,Correct.,1/8 + 1/8 + 1/8 + 2/8,Student confused 1/8 with 8/8 and thought 1/8 was equal to 1.,1 + 1 + 1 + 1/4 + 1/4,Student added the numerators and denominators separately when adding the fractions.,8/8 + 8/8 + 8/8 + 1/8 + 1/8,Correct.,,,,,,Student added the numerators and denominators separately when adding the fractions.,Decompose a fraction into a sum of fractions with the same denominator in more than one way
MATH-00266,4,i177128,Interim_eedi,q179102,AD,E,569.0,64.499121265377,12.126537785588,6.678383128295,56.063268892794,28.998242530755,,MULTISELECT,,Select two expressions that are equivalent to 2 3/6.,,1 + 6/6 + 3/6,Correct.,1/6 + 1/6 + 3/6,Student confused 1/6 with 6/6 and thought 1/6 was equal to 1.,6/1 + 6/1 + 3/6,Student confused 6/1 with 6/6 and thought 6/1 was equal to 1.,6/6 + 6/6 + 3/6,Correct.,1 + 1 + 1/3 + 2/3,Student added the numerators and denominators separately when adding the fractions.,,,,,,Student added the numerators and denominators separately when adding the fractions.,Decompose a fraction into a sum of fractions with the same denominator in more than one way
MATH-00267,4,i185425,Compass,q188372,D,C,90.0,3.3333333333333335,10.0,12.222222222222221,74.44444444444444,,,MULTICHOICE,,Solve. 1 3/5 + 1 3/5 = ?,,1 1/5,Student added the fractional parts correctly but did not include the whole number parts in the sum.,2 1/5,Student correctly added the fractional parts and whole numbers but did not regroup from the fractional part as needed.,2 3/5,"Student added the whole numbers and kept the fraction from one of the mixed numbers, OR student added the numerators and denominators separately.",3 1/5,Correct.,,,,,,,,"Student added the whole numbers and kept the fraction from one of the mixed numbers, OR student added the numerators and denominators separately.",Add mixed numbers with like denominators
MATH-00267,4,i111711,Interim_eedi,q110733,D,C,577.0,11.785095320623,10.225303292894,27.38301559792,50.606585788561,,,MULTICHOICE,,Which of the following shows how to solve 2 2/5 + 2 3/5?,,12/5 + 13/5 = 25/10,"Student correctly converted the addends to equivalent fractions, but then added the numerators and denominators separately.",22/5 + 23/5 = 45/5,Student moved the whole numbers to the tens place in the fraction numerators to make incorrect equivalent fractions.,2 + 2/5 + 3/5 = 2 5/5,"Student added 2 only once, although it appears twice.",2 + 2 + 2/5 + 3/5 = 5,Correct.,,,,,,,,"Student added 2 only once, although it appears twice.",Add mixed numbers with like denominators
MATH-00267,4,i138663,Interim_eedi,q143465,D,C,37779.0,5.934513883374,15.265094364594,29.270229492575,49.726038275232,,,MULTICHOICE,,Solve. 1 3/5 + 1 3/5 = ?,,1 1/5,Student added 3/5 and 3/5 and did not include the whole numbers.,2 1/5,Student forgot to regroup the 1 from 5/5 to the whole number.,2 3/5,"Student added the whole numbers and kept the fractions, OR student added the numerators and denominators across and simplified.",3 1/5,Correct.,,,,,,,,"Student added the whole numbers and kept the fractions, OR student added the numerators and denominators across and simplified.",Add mixed numbers with like denominators
MATH-00268,4,i185426,Compass,q188373,C,D,91.0,7.6923076923076925,6.593406593406593,58.24175824175824,27.47252747252747,,,MULTICHOICE,,Solve. 3 3/6 - 5/6 = ?,,2 1/6,Student did not reduce the whole number portion of the mixed number when decomposing into a fraction in order to subtract.,2 2/6,"Student reduced the value of the whole number by one to account for regrouping, but subtracted the smaller fraction from the larger fraction rather than actually regrouping to create a larger fraction.",2 4/6,Correct.,3 2/6,Student subtracted the smaller fraction from the larger fraction rather than regrouping the whole number component of the mixed number with the smaller fraction.,,,,,,,,Student subtracted the smaller fraction from the larger fraction rather than regrouping the whole number component of the mixed number with the smaller fraction.,Subtract mixed numbers with like denominators
MATH-00268,4,i138664,Interim_eedi,q143466,AC,E,37396.0,39.242164937426,20.665311798053,47.63611081399,21.026312974649,42.945769601026,,MULTISELECT,,Which expressions are equivalent to 5 1/8 - 3 5/8? Select two that apply.,,41/8 - 29/8,Correct.,51/8 - 35/8,Student replaced each mixed number with an improper fraction by writing the whole number in front of the numerator.,4 9/8 - 3 5/8,Correct.,4 11/8 - 3 5/8,"Student tried to replace 5 1/8 with an equivalent fraction, but incorrectly placed a 1 in front of the numerator of 1/8, instead of adding 8/8 to 1/8.",(5 - 3) + (5/8 - 1/8),Student subtracted the smaller fractional part from the larger fractional part instead of renaming 5 1/8 as an equivalent fraction.,,,,,,Student subtracted the smaller fractional part from the larger fractional part instead of renaming 5 1/8 as an equivalent fraction.,Subtract mixed numbers with like denominators
MATH-00268,4,i138665,Interim_eedi,q143467,C,D,30992.0,12.345121321631,18.207924625709,45.886035105833,23.802916881775,,,MULTICHOICE,,Solve. 3 3/6 - 5/6 = ?,,2 1/6,Student subtracted 3 - 5/6; possibly decomposed 3 into 2 6/6 and calculated 2 6/6 - 5/6 and forgot to add the 3/6 back on.,2 2/6,Student subtracted 3/6 from 5/6 and also reduced the whole by 1 to account for the need to regroup.,2 4/6,Correct.,3 2/6,Student subtracted 3/6 from 5/6 instead of regrouping.,,,,,,,,Student subtracted 3/6 from 5/6 instead of regrouping.,Subtract mixed numbers with like denominators
MATH-00269,4,i185427,Compass,q188374,D,C,91.0,2.197802197802198,3.2967032967032965,5.4945054945054945,89.01098901098901,,,MULTICHOICE,,"Sally, Mark, and Molly share a list of household chores. By noon, Sally finishes 1/5 of the list, Mark finishes 2/5 of the list, and Molly finishes another 1/5 of the list. What fraction of the total list of household chores is finished by noon?",,1/5,Student identified the fraction left to get to one whole rather than the sum of the given fractions.,4/15,Student added the numerators and the denominators separately.,3/5,"Student only added the unique fractions together, not accounting for repeat instances of equivalent fractions.",4/5,Correct.,,,,,,,,"Student only added the unique fractions together, not accounting for repeat instances of equivalent fractions.",Solve word problems involving addition of fractions referring to the same whole and having like denominators
MATH-00269,4,i112681,Interim_eedi,q103183,D,B,16929.0,5.818418099119,13.881505109575,10.992970642093,69.655620532813,,,MULTICHOICE,,"Sally, Mark, and Molly share a list of household chores. By noon, Sally finishes 1/5 of the list, Mark finishes 2/5 of the list, and Molly finishes another 1/5 of the list. What fraction of the total list of household chores is finished by noon?",,1/5,Student chose the amount of chores left to complete.,4/15,Student added the numerators and the denominators separately.,3/5,Student added only one of the equivalent fractions with the other fraction (1/5 + 2/5).,4/5,Correct.,,,,,,,,Student added the numerators and the denominators separately.,Solve word problems involving addition of fractions referring to the same whole and having like denominators
MATH-00269,4,i113095,Interim_eedi,q111002,D,B,580.0,9.827586206896,13.275862068965,9.482758620689,67.413793103448,,,MULTICHOICE,,Marcus spent 4/10 of an hour doing his science homework. He spent 1/10 of an hour longer doing his math homework than he spent doing his science homework. What fraction of an hour did Marcus spend doing his math homework?,,1/10,Student confused the meaning of the quantities in the problem and took 1/10 of an hour to mean the entire length of time Marcus worked on his math homework.,5/20,Student added the numerators and denominators going across instead of keeping a denominator of 10.,3/10,Student confused a context requiring addition as one requiring subtraction.,5/10,Correct.,,,,,,,,Student added the numerators and denominators going across instead of keeping a denominator of 10.,Solve word problems involving addition of fractions referring to the same whole and having like denominators
MATH-00270,4,i185428,Compass,q188375,A,B,91.0,67.03296703296704,24.175824175824175,4.395604395604396,4.395604395604396,,,MULTICHOICE,,Pavan invites his parents and siblings over for dinner at his apartment. Pavan has 3 5/8 cups of rice in a container. He pours out 7/8 of a cup of rice. How many cups of rice are left over in the container?,"Image shows a container of rice with a label indicating 3 5/8 cups, and a measuring cup showing 7/8 cup being poured out.",2 6/8,Correct.,3 2/8,Student subtracted the smaller fraction from the larger fraction instead of regrouping the whole number component of the mixed number with the smaller fraction.,3 6/8,Student regrouped the whole number component of the mixed number to create a larger fraction but did not reduce the value of the whole number.,4 4/8,Student added instead of subtracting.,,,,,,,,Student subtracted the smaller fraction from the larger fraction instead of regrouping the whole number component of the mixed number with the smaller fraction.,Solve word problems involving subtraction of fractions referring to the same whole and having like denominators
MATH-00270,4,i112400,Interim_eedi,q102460,A,B,22226.0,56.420408530549,26.176549986502,9.938810402231,7.522721137406,,,MULTICHOICE,,Pavan has 3 5/8 cups of rice in a container. He pours out 7/8 of a cup of rice. How many cups of rice are left over in the container?,,2 6/8,Correct.,3 2/8,Student subtracted 5/8 from 7/8 instead of regrouping the whole number.,3 6/8,"Student regrouped 5/8 to 13/8, but did not reduce the whole number by 1.",4 4/8,Student added instead of subtracting.,,,,,,,,Student subtracted 5/8 from 7/8 instead of regrouping the whole number.,Solve word problems involving subtraction of fractions referring to the same whole and having like denominators
MATH-00270,4,i112808,Interim_eedi,q110971,B,D,22349.0,4.492371023312,52.633227437469,10.644771578146,32.498098348919,,,MULTICHOICE,,"Courtney made a snack mix of nuts and pretzels. She started with 2/8 of a pound of nuts. Then, she added pretzels. Now, there is 5/8 of a pound of snack mix. Which fraction of a pound of pretzels is in the snack mix?",,3/0,"Student meant to subtract 2/8 from 5/8, but subtracted the numerators and denominators going across instead of keeping a denominator of 8.",3/8,Correct.,7/16,Student confused a context requiring subtraction as one requiring addition and added the numerators and denominators going across instead of keeping a denominator of 8.,7/8,Student confused a context requiring subtraction as one requiring addition; added 5/8 and 2/8.,,,,,,,,Student confused a context requiring subtraction as one requiring addition; added 5/8 and 2/8.,Solve word problems involving subtraction of fractions referring to the same whole and having like denominators
MATH-00270,4,i175339,Interim_eedi,q177948,A,B,15727.0,57.232784383544,25.815476568957,9.645832008647,7.382208940039,,,MULTICHOICE,,Pavan invites his parents and siblings over for dinner at his apartment. Pavan has 3 5/8 cups of rice in a container. He pours out 7/8 of a cup of rice. How many cups of rice are left over in the container?,"A grayscale illustration showing a man (Pavan) standing in a modern kitchen, cooking at a stovetop. He is stirring a pot. Various kitchen elements are visible including cabinets, a refrigerator, and food items on the counter.",2 6/8,Correct.,3 2/8,Student subtracted 5/8 from 7/8 instead of regrouping the whole number.,3 6/8,"Student regrouped 5/8 to 13/8, but did not reduce the whole number by 1.",4 4/8,Student added instead of subtracting.,,,,,,,,Student subtracted 5/8 from 7/8 instead of regrouping the whole number.,Solve word problems involving subtraction of fractions referring to the same whole and having like denominators
MATH-00274,4,i110188,Interim_eedi,q102697,D,A,36670.0,27.807472047995,19.552767930188,17.668393782383,35.192255249522,,,MULTICHOICE,,Each circle is equal to one whole. Which expression represents the shaded area above?,"Three circles each divided into 5 equal wedge-shaped parts. In each circle, 4 out of 5 parts are shaded gray, representing 4/5 shaded per circle across 3 circles (12/5 total).",3 + 4/5,Student added the number of fraction circles (3) to the fraction of each circle shaded (4/5).,3 + 12/5,Student added the number of fraction circles (3) to the fraction of all circles shaded.,4 x 1/5,Student represented the amount shaded in 1 circle.,12 x 1/5,Correct.,,,,,,,,Student added the number of fraction circles (3) to the fraction of each circle shaded (4/5).,Represent a multiple of a/b as a multiple of 1/b
MATH-00274,4,i116784,Interim_eedi,q114124,D,B,36596.0,20.390206579954,36.523117280577,6.323095420264,36.957590993551,,,MULTICHOICE,,Which expression is equivalent to 2 x 6/4?,,2 x 4/6,Student thought that reversing the numerator and denominator of the fraction and then multiplying by the whole-number factor represents an equivalent expression.,(2 x 6) / (2 x 4),Student thought that multiplying the whole-number factor by both the numerator and the denominator of the fraction represents an equivalent expression.,8 x 6/1,Student thought that multiplying the product of the whole-number factor and the denominator by the numerator represents an equivalent expression.,12 x 1/4,Correct.,,,,,,,,Student thought that multiplying the whole-number factor by both the numerator and the denominator of the fraction represents an equivalent expression.,Represent a multiple of a/b as a multiple of 1/b
MATH-00279,4,i138932,Interim_eedi,q144070,C,B,10585.0,20.670760510155,32.243741143127,43.051487954652,4.062352385451,,,MULTICHOICE,,Solve. 63/100 + 4/10 = ?,,67/110,Student added the numerators and the denominators separately without creating common denominators.,67/100,Student added the numerators and kept the larger denominator without creating common denominators.,1 3/100,Correct.,1 57/100,Student tried to make an equivalent fraction for 4/10 by adding 90 to the numerator and denominator to get 94/100.,,,,,,,,Student added the numerators and kept the larger denominator without creating common denominators.,Add two fractions with respective denominators 10 and 100
MATH-00279,4,i138933,Interim_eedi,q144072,C,B,6340.0,16.025236593059,27.429022082018,47.365930599369,9.211356466876,,,MULTICHOICE,,Add. 6/100 + 3/10 = ?,,9/110,Student added the numerators and the denominators separately without creating common denominators.,9/100,Student added the numerators and kept the larger denominator without creating common denominators.,36/100,Correct.,63/100,Student combined the numerators 6 and 3 into 63 and kept the larger denominator.,,,,,,,,Student added the numerators and kept the larger denominator without creating common denominators.,Add two fractions with respective denominators 10 and 100
MATH-00279,4,i138935,Interim_eedi,q144076,B,A,1384.0,33.092485549132,43.85838150289,18.85838150289,4.190751445086,,,MULTICHOICE,,Add. 76/100 + 2/10 = ?,,78/100,Student added the numerators and kept the larger denominator without creating common denominators.,96/100,Correct.,78/110,Student added the numerators and the denominators separately without creating common denominators.,96/110,"Student correctly changed the numerator of 2/10, but added the denominators 100 and 10 without changing 10 to a common denominator of 100.",,,,,,,,Student added the numerators and kept the larger denominator without creating common denominators.,Add two fractions with respective denominators 10 and 100
MATH-00279,4,i183838,Interim_eedi,q186159,C,B,2037.0,14.383897889052,31.173294059891,43.740795287187,10.702012763868,,,MULTICHOICE,,Add. 6/100 + 3/10 = ?,,9/110,Student added the numerators and the denominators separately without creating common denominators.,9/100,Student added the numerators and kept the larger denominator without creating common denominators.,36/100,Correct.,63/100,Student combined the numerators 6 and 3 into 63 and kept the larger denominator.,,,,,,,,Student added the numerators and kept the larger denominator without creating common denominators.,Add two fractions with respective denominators 10 and 100
MATH-00282,4,i138914,Interim_eedi,q144025,C,B,8115.0,9.377695625385,22.98213185459,48.41651263093,19.260628465804,,,MULTICHOICE,,Which point represents 1.15 on the number line?,"A horizontal number line ranging from 0 to 2, with evenly-spaced tick marks. Four labeled points are shown: Point A is between 0 and 1, positioned at approximately 0.85 (0.15 to the left of 1). Point B is just to the right of 1, at approximately 1.05. Point C is slightly further right, at approximately 1.15. Point D is between 1 and 2, at approximately 1.85 (0.15 to the left of 2).",A,"Student chose a point 0.15 to the left of 1, possibly starting at 1 and moving 0.15 to the left of it instead of 0.15 to the right.",B,Student chose the point closest to 1; possibly thought that 1.15 is a point between 1 and 1.1 instead of 1.1 and 1.2.,C,Correct.,D,"Student chose a point 0.15 to the left of 2, possibly thinking the 0.15 in 1.15 represents how much more to get to the next whole.",,,,,,,,Student chose the point closest to 1; possibly thought that 1.15 is a point between 1 and 1.1 instead of 1.1 and 1.2.,Locate decimals to the tenths or hundredths place on a number line
MATH-00283,4,i139001,Compass,q144188,BCD,E,1393.0,30.437903804737,78.176597272074,76.166547020818,43.790380473797,36.468054558506,17.085427135678,MULTISELECT,,Select three equations that are true.,,4/10 = 0.04,Student may have confused the tenths place and the hundredths place.,8/10 = 0.8,Correct.,9/100 = 0.09,Correct.,30/100 = 0.3,Correct.,36/100 = 3.6,"Student may have confused the tenths place and the ones place, seeing the fraction as a value greater than 1.",7/100 = 7.100,Student wrote the numerator as a whole number and the denominator after the decimal point.,,,,"Student may have confused the tenths place and the ones place, seeing the fraction as a value greater than 1.",Use decimal notation for fractions with a denominator of 100
MATH-00287,4,i130928,Interim_eedi,q126769,D,A,999.0,20.02002002002,18.418418418418,18.518518518518,43.043043043043,,,MULTICHOICE,,Which comparison is true?,,0.5 < 0.49,"Student compared 5 and 49, ignoring the place values, OR student compared the 5 with the 9.",0.8 = 0.08,Student compared 8 and 8; possibly thought the zero in the tenths place could be removed without affecting the value of 0.08.,0.60 > 0.6,Student did not realize that a zero in the hundredths place does not change the value of a number.,0.45 < 0.6,Correct.,,,,,,,,"Student compared 5 and 49, ignoring the place values, OR student compared the 5 with the 9.",Compare two decimals to the hundredths place
MATH-00287,4,i130929,Interim_eedi,q126770,CD,A,9549.0,34.68426013195,20.808461619017,55.628861660906,42.245261283904,11.823227563095,14.755471777149,MULTISELECT,,Select two values that would make the comparison true. 0.6 < ____,,0.08,Student compared the digits and did not recognize that 8 hundredths is a smaller value than 6 tenths.,0.49,Student compared the digits and did not recognize that 6 tenths is a greater value than 49 hundredths.,0.61,Correct.,8 tenths,Correct.,9 hundredths,Student compared the digits and did not recognize that 9 hundredths is a smaller value than 6 tenths.,9 hundredths + 3 tenths,"Student confused the place value of the 9 and 3, comparing 0.6 with 0.93 instead of 0.6 with 0.39 OR student compared the digits and did not recognize 6 tenths as greater than 39 hundredths.",,,,Student compared the digits and did not recognize that 8 hundredths is a smaller value than 6 tenths.,Compare two decimals to the hundredths place
MATH-00288,4,i138312,Interim_eedi,q142774,D,C,41362.0,14.547168898989,16.348339055171,21.681736859919,47.61858710894,,,MULTICHOICE,,Which statement correctly describes the equation below? 63 = 9 x 7,,63 is 9 more than 7.,"Student confused ""more than"" with ""times.""",7 is 9 times as many as 63.,Student confused the role of the multiplicand and the product.,9 is 7 times as many as 63.,Student confused the role of the multiplier and the product.,63 is 9 times as many as 7.,Correct.,,,,,,,,Student confused the role of the multiplier and the product.,Interpret a multiplication equation as a comparison
MATH-00291,4,i112336,Interim_eedi,q100521,A,D,1001.0,46.653346653346,8.991008991008,13.186813186813,31.168831168831,,,MULTICHOICE,,"On Friday, Ally's grandmother gave her 4 times as many dollars as Ally had on Monday. Ally's grandmother gave her 32 dollars on Friday. How many dollars did Ally have on Monday?",,8,Correct.,28,Student confused the concept of multiplicative comparison with the concept of additive comparison and subtracted 4 from 32.,36,Student confused the concept of multiplicative comparison with the concept of additive comparison and confused the relative sizes and added the two values.,128,Student applied multiplicative comparison by multiplying the two numbers; possibly confused the relative sizes.,,,,,,,,Student applied multiplicative comparison by multiplying the two numbers; possibly confused the relative sizes.,Divide to solve word problems involving multiplicative comparison
MATH-00291,4,i138594,Interim_eedi,q143327,C,A,41083.0,18.394469732005,11.133558892972,56.444271353114,14.219993671348,,,MULTICHOICE,,Rosalind has 9 marbles. Marie has 36 marbles. Which statement is true?,,Rosalind has 4 times as many marbles as Marie.,Student confused the amount of marbles each girl has; inverted the relationship.,Rosalind has 27 times as many marbles as Marie.,Student used the additive comparison (+27) as the multiplicative comparison (x4) and inverted the number of marbles each girl has.,Marie has 4 times as many marbles as Rosalind.,Correct.,Marie has 27 times as many marbles as Rosalind.,Student used the additive comparison (+27) as the multiplicative comparison (x4).,,,,,,,,Student confused the amount of marbles each girl has; inverted the relationship.,Divide to solve word problems involving multiplicative comparison
MATH-00292,4,i138311,Compass,q142773,BE,C,23314.0,26.185982671356,54.984129707471,26.537702667924,11.538131594749,44.458265419919,5.923479454405,MULTISELECT,,"Luciana drew 4 times as many pictures as Brian. Luciana drew 28 pictures. Which equation can be used to determine p, the number of pictures that Brian drew? Select two that apply.",,4 ÷ 28 = p,"Student recognized that division could be used to solve for the number of pictures Brian drew, but confused the role of the dividend and divisor.",28 ÷ 4 = p,Correct.,28 × 4 = p,Student confused the relative sizes of the number of pictures Luciana and Brian drew and multiplied Luciana's number of pictures by 4 to equal Brian's number of pictures.,28 × p = 4,Student thought that the number of pictures Luciana drew times the number of pictures Brian drew equals 4.,p × 4 = 28,Correct.,p + 4 = 28,Student confused additive comparison with multiplicative comparison.,,,,Student confused the relative sizes of the number of pictures Luciana and Brian drew and multiplied Luciana's number of pictures by 4 to equal Brian's number of pictures.,Use equations with a symbol for the unknown number to represent word problems involving multiplicative comparison
MATH-00292,4,i172942,Compass,q176851,BE,A,17564.0,25.72876337964,61.466636301525,24.766567979959,10.669551355044,45.063766795718,5.630835800501,MULTISELECT,,"Luciana and Brian are creating posters to advocate for equal pay for people of all genders. Luciana created 4 times as many posters as Brian. Luciana created 28 posters. Which equation can be used to determine p, the number of posters that Brian created? Select two that apply.",A black-and-white illustration showing two people (a woman with curly hair on the left and a man on the right) sitting at a table and working together on posters. The posters visible on the table read 'EQUAL PAY' in large letters. The image depicts a collaborative advocacy scene for equal pay.,4 ÷ 28 = p,"Student recognized that division could be used to solve for the number of posters Brian drew, but confused the role of the dividend and divisor.",28 ÷ 4 = p,Correct.,28 × 4 = p,Student confused the relative sizes of the number of posters Luciana and Brian drew and multiplied Luciana's number of posters by 4 to equal Brian's number of posters.,28 × p = 4,Student thought that the number of posters Luciana drew times the number of posters Brian drew equals 4.,p × 4 = 28,Correct.,p + 4 = 28,Student confused additive comparison with multiplicative comparison.,,,,"Student recognized that division could be used to solve for the number of posters Brian drew, but confused the role of the dividend and divisor.",Use equations with a symbol for the unknown number to represent word problems involving multiplicative comparison
MATH-00292,4,i138649,Interim_eedi,q143446,A,D,3931.0,39.201221063342,7.784278809463,9.844823200203,43.195115746629,,,MULTICHOICE,,Sofia's book case has 186 books. The book case has 6 times as many books as the bottom shelf. Which equation can Sofia solve for the diamond symbol to find the number of books on the bottom shelf?,,186 / 6 = [diamond],Correct.,186 - 6 = [diamond],Student confused the concept of multiplicative comparison with the concept of additive comparison.,186 = [diamond] / 6,Student confused the relative sizes of the book case and number of books.,186 x 6 = [diamond],"Student multiplied instead of dividing; student possibly only interpreted the word ""times.""",,,,,,,,"Student multiplied instead of dividing; student possibly only interpreted the word ""times.""",Use equations with a symbol for the unknown number to represent word problems involving multiplicative comparison
MATH-00293,4,i185423,Compass,q188370,A,D,61.0,49.18032786885246,18.0327868852459,6.557377049180328,26.229508196721312,,,MULTICHOICE,,"A school orders 288 new desks to be shared equally across 9 classrooms, including Ms. Morelli's classroom. Ms. Morelli's classroom already has 8 desks. Which equation represents d, the number of desks there will be in Ms. Morelli's classroom after the new desks are shared equally?",,(288 ÷ 9) + 8 = d,Correct.,(288 - 8) ÷ 9 = d,Student misinterpreted the context and represented subtracting before dividing when the context calls for division and then addition.,(288 + 8) ÷ 9 = d,Student misinterpreted the context and represented adding before dividing when the context calls for division and then addition.,(288 ÷ 9) - 8 = d,"Student identified the context as first requiring division, but then represented subtraction instead of addition.",,,,,,,,"Student identified the context as first requiring division, but then represented subtraction instead of addition.",Represent multi-step real-world problems using the four operations with an equation with a letter standing for the unknown
MATH-00293,4,i129666,Interim_eedi,q125211,A,D,2397.0,44.931163954943,14.559866499791,14.768460575719,25.740508969545,,,MULTICHOICE,,"A school orders 288 new desks to be shared equally across 9 classrooms, including Ms. Morelli's classroom. Ms. Morelli's classroom already has 8 desks. Which equation represents d, the number of desks there will be in Ms. Morelli's classroom after the new desks are shared equally?",,(288 / 9) + 8 = d,Correct.,(288 - 8) / 9 = d,Student subtracted the number of extra desks in Ms. Morelli's classroom before dividing the desks across the 9 classrooms; possibly thought the 8 extra desks reduced the number of desks available to be distributed.,(288 + 8) / 9 = d,Student added the number of extra desks in Ms. Morelli's classroom before dividing the desks across the 9 classrooms; possibly thought the 8 extra desks increased the number of desks available to be distributed.,(288 / 9) - 8 = d,"Student correctly distributed the 288 desks across the 9 classrooms but then subtracted 8 desks from the number of desks per classroom, thinking Ms. Morelli's classroom would get 8 fewer desks.",,,,,,,,"Student correctly distributed the 288 desks across the 9 classrooms but then subtracted 8 desks from the number of desks per classroom, thinking Ms. Morelli's classroom would get 8 fewer desks.",Represent multi-step real-world problems using the four operations with an equation with a letter standing for the unknown
MATH-00295,4,i185424,Compass,q188371,C,B,56.0,16.071428571428573,17.857142857142858,48.214285714285715,17.857142857142858,,,MULTICHOICE,,"Mr. Walker buys 6 packs of pens for his children. Each pack contains 12 pens. Mr. Walker keeps 4 pens for himself. Then, Mr. Walker gives out pens to his 5 children. Each child receives the same number of pens. What is the greatest number of pens each child could receive?",,2,"Student misrepresented the situation and added the number of groups to the number in each group instead of multiplying, leading to an incorrect total before dividing.",3,Student confused the remainder with the quotient.,13,Correct.,14,Student calculated the correct quotient and remainder but incorrectly rounded up to the next whole number due to the remainder.,,,,,,,,Student confused the remainder with the quotient.,Solve multi-step real-world problems using the four operations in situations where a remainder must be interpreted
MATH-00295,4,i129668,Interim_eedi,q125213,C,D,23445.0,15.248453828108,18.980592876946,43.352527191298,22.469609724888,,,MULTICHOICE,,"Mr. Walker buys 6 packs of pens for his children. Each pack contains 12 pens. Mr. Walker keeps 4 pens for himself. Then, Mr. Walker gives out pens to his 5 children. Each child receives the same number of pens. What is the greatest number of pens each child could receive?",,2,Student added the number of packs to the number of pens in each pack instead of multiplying; calculated (6 + 12 - 4) / 5.,3,Student confused the remainder with the quotient.,13,Correct.,14,Student incorrectly interpreted 13 and a remainder and rounded up to the next whole number.,,,,,,,,Student incorrectly interpreted 13 and a remainder and rounded up to the next whole number.,Solve multi-step real-world problems using the four operations in situations where a remainder must be interpreted
MATH-00295,4,i171748,Interim_eedi,q175903,C,A,13043.0,34.087249865828,22.579161235911,26.527639346776,16.997623246185,,,MULTICHOICE,,5 classes are going on a field trip. 1 class has 18 students. The other 4 classes have 26 students each. Each student is placed in a group. Each group can have 8 students at the most. What is the fewest number of groups needed to include all the students?,,6,"Student correctly interpreted the remainder, but only accounted for 26 students + 18 students instead of 26 x 4 students + 18 students.",15,"Student incorrectly interpreted the remainder, rounding down; did not recognize this would mean 2 students would not be in a group.",16,Correct.,22,"Student wrote the expression 18 + 26 x 4 to represent the total number of students, but added 18 and 26 before multiplying by 4, then divided by 8.",,,,,,,,"Student correctly interpreted the remainder, but only accounted for 26 students + 18 students instead of 26 x 4 students + 18 students.",Solve multi-step real-world problems using the four operations in situations where a remainder must be interpreted
MATH-00295,4,i172941,Interim_eedi,q176850,C,D,16963.0,15.138831574603,19.937511053469,42.48658845723,22.513706301951,,,MULTICHOICE,,"Mr. Walker is starting a youth activism program after school, where students can write letters to local representatives for making improvements in their community. Mr. Walker buys 6 packs of pens for the students. Each pack contains 12 pens. Mr. Walker keeps 4 pens for himself. Then, Mr. Walker gives out pens to 5 students. Each student receives the same number of pens. What is the greatest number of pens each student could receive?",,2,Student added the number of packs to the number of pens in each pack instead of multiplying; calculated (6 + 12 - 4) / 5.,3,Student confused the remainder with the quotient.,13,Correct.,14,Student incorrectly interpreted 13 and a remainder and rounded up to the next whole number.,,,,,,,,Student incorrectly interpreted 13 and a remainder and rounded up to the next whole number.,Solve multi-step real-world problems using the four operations in situations where a remainder must be interpreted
MATH-00297,4,i185037,Compass,q187841,C,A,174.0,29.310344827586206,8.620689655172415,54.59770114942529,7.471264367816092,,,MULTICHOICE,,Which number is a multiple of both 4 and 6?,,2,Student confused a common factor with a common multiple.,8,Student chose a number that is a multiple of only one given number when looking for a common multiple between two numbers.,12,Correct.,18,Student chose a number that is a multiple of only one given number when looking for a common multiple between two numbers.,,,,,,,,Student confused a common factor with a common multiple.,Determine whether a whole number within 100 is a multiple of a given one-digit number
MATH-00297,4,i113254,Interim_eedi,q100440,C,A,23635.0,32.396869050137,10.509837105986,48.474719695367,8.859741908187,,,MULTICHOICE,,Which number is a multiple of both 4 and 6?,,2,Student chose a common factor instead of a common multiple.,8,Student chose a multiple of 4 only.,12,Correct.,18,Student chose a multiple of 6 only.,,,,,,,,Student chose a common factor instead of a common multiple.,Determine whether a whole number within 100 is a multiple of a given one-digit number
MATH-00298,4,i185038,Compass,q187842,ABE,C,174.0,71.83908045977012,81.03448275862068,36.7816091954023,27.586206896551722,66.0919540229885,,MULTISELECT,,Select three numbers that are prime.,,2,Correct.,11,Correct.,15,"Student possibly thought all odd numbers are prime, OR confused prime and composite.",18,Student possibly confused prime and composite.,43,Correct.,,,,,,"Student possibly thought all odd numbers are prime, OR confused prime and composite.",Determine whether a whole number within 100 is prime or composite
MATH-00298,4,i113014,Interim_eedi,q107831,ABE,C,23474.0,71.040299906279,73.62613955866,42.033739456419,34.246400272642,59.389111357246,,MULTISELECT,,Select three numbers that are prime.,,2,Correct.,11,Correct.,15,"Student possibly thought all odd numbers are prime, OR confused prime and composite.",18,Student possibly confused prime and composite.,43,Correct.,,,,,,"Student possibly thought all odd numbers are prime, OR confused prime and composite.",Determine whether a whole number within 100 is prime or composite
MATH-00300,4,i185072,Compass,q187885,C,D,177.0,17.51412429378531,12.994350282485875,50.847457627118644,18.64406779661017,,,MULTICHOICE,,Which pair of numbers are both factors of 60?,,5 and 36,Student selected a factor of the given number and a number that shares factors with the given number but is not itself a factor.,9 and 30,Student identified a multiple of one of the factors rather than the factor itself.,12 and 30,Correct.,25 and 35,"Student identified numbers based on their sum rather than their product, OR selected numbers that share a common factor with the given number.",,,,,,,,"Student identified numbers based on their sum rather than their product, OR selected numbers that share a common factor with the given number.",Find all factor pairs of a whole number within 100
MATH-00300,4,i112651,Interim_eedi,q100574,C,D,1135.0,16.916299559471,12.599118942731,42.995594713656,27.48898678414,,,MULTICHOICE,,Which pair of numbers are both factors of 60?,,5 and 36,"Student may have confused 36 as a factor of 60 because 3 and 12, two factors of 60, are also factors of 36.",9 and 30,Student may have confused 9 being a factor with 3 being a factor.,12 and 30,Correct.,25 and 35,"Student assumed that the pair of numbers that have a sum of 60 are factors, OR identified numbers that, like 60, share a factor of 5.",,,,,,,,"Student assumed that the pair of numbers that have a sum of 60 are factors, OR identified numbers that, like 60, share a factor of 5.",Find all factor pairs of a whole number within 100
MATH-00302,4,i112828,Compass,q103084,C,A,12579.0,35.948803561491,17.648461721917,42.555052070911,3.927180221003,,,MULTICHOICE,,Mrs. Williams wrote the following on the board during a math class. Which value belongs in this pattern?,"A box/card on the board showing: Rule: Add 5 followed by the sequence 4, 9, 14, ... (three dots indicating the pattern continues).",27,"Student added the first 3 values in the pattern instead of using a pattern of ""add 5.""",45,Student ignored the number at the start and assumed that a multiple of 5 belongs to the pattern.,74,Correct.,142,Student considered the middle digit 4 and assumed the number belonged to the pattern (did not recognize that only numbers ending in 4 or 9 fit the pattern).,,,,,,,,"Student added the first 3 values in the pattern instead of using a pattern of ""add 5.""",Generate a number pattern that follows a specified rule
MATH-00305,5,i185763,Compass,q188813,B,D,35.0,,62.857142857142854,,37.142857142857146,,,MULTICHOICE,,"Which location does the point (0, 4) represent on the graph below?","Image shows a coordinate grid in the first quadrant with four labeled locations: House, Library, Park, and School. The Library is located at (0, 4) on the y-axis.",House,Student chose a point whose coordinates have a sum that equals the value of the non-zero coordinate in the given ordered pair; possibly unsure of how to graph a zero in an ordered pair.,Library,Correct.,Park,Student chose a point where both coordinates are the same as the non-zero coordinate in the given ordered pair; possibly unsure of how to graph a zero in a coordinate pair.,School,Student switched the x- and y-coordinates.,,,,,,,,Student switched the x- and y-coordinates.,Interpret the x-coordinate of an ordered pair as the distance to travel along the x-axis from the origin and the y-coordinate of an ordered pair as the distance to travel along the y-axis from the origin
MATH-00305,5,i112181,Interim_eedi,q103071,B,D,5270.0,3.130929791271,61.650853889943,4.648956356736,30.569259962049,,,MULTICHOICE,,"Which location does the point (0, 4) represent on the graph below?","Coordinate grid with y-axis 0-5 and x-axis 0-5. Four labeled points: House at approximately (2, 2), Library at (0, 4), Park at approximately (4, 4), School at approximately (4, 0).",House,Student chose a point whose coordinates have a sum of 4; possibly unsure of how to graph a zero in a coordinate pair.,Library,Correct.,Park,Student used the y-coordinate's value for both coordinates; possibly unsure of how to graph a zero in a coordinate pair.,School,Student switched the x- and y-coordinates.,,,,,,,,Student switched the x- and y-coordinates.,Interpret the x-coordinate of an ordered pair as the distance to travel along the x-axis from the origin and the y-coordinate of an ordered pair as the distance to travel along the y-axis from the origin
MATH-00305,5,i112217,Interim_eedi,q107706,BDE,A,5222.0,41.478360781309,54.098046725392,26.962849482956,64.553810800459,54.883186518575,35.254691689008,MULTISELECT,,Which statements about the coordinate system are true? Select three that apply.,,"The point (0, 3) is located on the x-axis.",Student thought that an x-coordinate of zero meant that the point was located on the x-axis; did not realize that this point would be located on the y-axis.,"The point (7, 0) is located on the x-axis.",Correct.,"The origin is located at the point (1, 1).","Student thought the origin is located at (1, 1) instead of (0, 0).",The origin is located at the intersection of the x- and y-axes.,Correct.,"In the ordered pair (4, 3), the 3 indicates how far the point is above the x-axis.",Correct.,"In the ordered pair (4, 3), the 3 indicates how far to travel on the x-axis from the origin.","Student confused the second number in an ordered pair as indicating the distance along the x-axis, instead of the y-axis, from the origin.",,,,Student thought that an x-coordinate of zero meant that the point was located on the x-axis; did not realize that this point would be located on the y-axis.,Interpret the x-coordinate of an ordered pair as the distance to travel along the x-axis from the origin and the y-coordinate of an ordered pair as the distance to travel along the y-axis from the origin
MATH-00308,5,i185766,Compass,q188816,B,A,35.0,14.285714285714286,71.42857142857143,5.714285714285714,8.571428571428571,,,MULTICHOICE,,The cost of apples at the store is shown on the graph below. Which statement is true?,"Image shows a line graph with the x-axis labeled 'Number of Bags of Apples' and the y-axis labeled 'Cost in Dollars.' The line passes through the origin and through the point (4, 20), showing a proportional relationship where each bag costs $5.",25 bags of apples cost $5.,"Student may have thought the x-coordinate represented the output, and the y-coordinate represented the input.",4 bags of apples cost $20.,Correct.,It costs $5 for 5 bags of apples.,Student identified a point but interpreted its vertical position based on unit count rather than the scale provided.,It costs $2 for 10 bags of apples.,Student identified a point but misinterpreted which value was represented by each axis.,,,,,,,,"Student may have thought the x-coordinate represented the output, and the y-coordinate represented the input.",Interpret coordinate values of points in the context of the situation
MATH-00308,5,i113068,Interim_eedi,q102323,B,A,3198.0,21.91994996873,58.161350844277,10.131332082551,9.78736710444,,,MULTICHOICE,,The cost of apples at the store is shown on the graph below. Which statement is true?,"Scatter plot titled Cost of Apples with x-axis labeled Number of Bags of Apples (0-10) and y-axis labeled Cost in dollars (0-50). Points plotted at (1,5)(2,10)(3,15)(4,20)(5,25)(6,30)(7,35)(8,40)(9,45)(10,50) showing a linear relationship where cost = 5 x number of bags.",25 bags of apples cost $5.,Student confused the meaning of the x- and y-coordinates.,4 bags of apples cost $20.,Correct.,It costs $5 for 5 bags of apples.,"Student misinterpreted the cost per bag as the y-coordinate; may have counted each grid line as $1 on the y-axis, neglecting the scale.",It costs $2 for 10 bags of apples.,Student confused the meaning of the x- and y-coordinates.,,,,,,,,Student confused the meaning of the x- and y-coordinates.,Interpret coordinate values of points in the context of the situation
MATH-00308,5,i116232,Interim_eedi,q113542,D,C,4705.0,14.155154091392,21.168969181721,23.740701381509,40.977683315621,,,MULTICHOICE,,Sumaya's Smoothie Store is planning to sell an extra-large size. The extra-large size will have three times the volume of the small size. It will cost twice as much as the small size. Which coordinate pair represents the volume and cost of the extra-large size?,,"(8, 24)","Student found the correct volume and cost, but reversed the coordinates.","(12, 16)","Student confused the quantities represented by each number in the coordinate pair; multiplied the x-coordinate by 2 and the y-coordinate by 3, then reversed the coordinates.","(16, 12)",Student confused the quantities represented by each number in the coordinate pair; multiplied the x-coordinate by 2 and the y-coordinate by 3.,"(24, 8)",Correct.,,,,,,,,Student confused the quantities represented by each number in the coordinate pair; multiplied the x-coordinate by 2 and the y-coordinate by 3.,Interpret coordinate values of points in the context of the situation
MATH-00309,5,i185767,Compass,q188817,B,A,35.0,11.428571428571429,80.0,5.714285714285714,2.857142857142857,,,MULTICHOICE,,"The coordinate grid below has four labeled points. Another point, Point E, will be graphed at (5, 2). Which point will be closest to Point E?","Image shows a coordinate grid in the first quadrant with four labeled points: Point A, Point B, Point C, and Point D. Point B is located closest to where Point E will be plotted at (5, 2).",Point A,Student switched the x-coordinate and y-coordinate.,Point B,Correct.,Point C,Student chose a point with the same x-coordinate as the given ordered pair.,Point D,Student chose a point with the same y-coordinate as the given ordered pair.,,,,,,,,Student switched the x-coordinate and y-coordinate.,Represent mathematical problems by graphing points in the first quadrant of the coordinate plane
MATH-00309,5,i111715,Interim_eedi,q103261,B,A,3191.0,22.062049514258,59.009714822939,10.404261986837,8.523973675963,,,MULTICHOICE,,"The coordinate grid below has four labeled points. Another point, Point E, will be graphed at (5, 2). Which point will be closest to Point E?","Coordinate grid with y-axis 0-10 and x-axis 0-10. Four labeled points: Point A at approximately (2, 6), Point B at approximately (5, 2), Point C at approximately (5, 5), Point D at approximately (9, 2).",Point A,"Student tried to graph the point (5, 2), but switched the x-coordinate and y-coordinate.",Point B,Correct.,Point C,"Student chose a point with the same x-coordinate as (5, 2).",Point D,"Student chose a point with the same y-coordinate as (5, 2).",,,,,,,,"Student tried to graph the point (5, 2), but switched the x-coordinate and y-coordinate.",Represent mathematical problems by graphing points in the first quadrant of the coordinate plane
MATH-00312,5,i185702,Compass,q188740,C,A,63.0,20.634920634920636,6.349206349206349,65.07936507936508,7.936507936507937,,,MULTICHOICE,,"Javier used chalk to draw some shapes on the playground. All of the shapes are parallelograms. Some, but not all, of the shapes are rectangles. Which statement must be true about the shapes Javier drew?",,All of the shapes have 4 equal angles.,Student chose a statement that is not true of parallelograms that are not rectangles; perhaps confused having 4 equal angles with having 2 pairs of equal angles.,All of the shapes have perpendicular sides.,Student chose a statement that is not true for parallelograms that are not rectangles; perhaps confused perpendicular and parallel.,All of the shapes have 2 pairs of parallel sides.,Correct.,All of the shapes have at least one angle greater than 90 degrees.,"Student chose a statement that can be true of parallelograms, but not rectangles.",,,,,,,,Student chose a statement that is not true of parallelograms that are not rectangles; perhaps confused having 4 equal angles with having 2 pairs of equal angles.,Classify quadrilaterals in a hierarchy based on properties
MATH-00312,5,i112306,Interim_eedi,q100865,D,B,55.0,10.90909090909,18.181818181818,9.090909090909,61.818181818181,,,MULTICHOICE,,Khanh drew a shape on a piece of paper. She knows the shape is a quadrilateral but not a parallelogram. Which shape could Khanh have drawn?,,Rectangle,Student did not identify that rectangles belong in the category of parallelogram; perhaps thought parallelograms could not have right angles.,Rhombus,Student did not identify that rhombuses belong in the category of parallelogram; perhaps thought parallelograms could not have equal sides.,Square,Student did not identify that squares belong in the category of parallelogram; perhaps thought parallelograms could not have right angles or equal sides.,Trapezoid,Correct.,,,,,,,,Student did not identify that rhombuses belong in the category of parallelogram; perhaps thought parallelograms could not have equal sides.,Classify quadrilaterals in a hierarchy based on properties
MATH-00312,5,i162777,Interim_eedi,q169263,C,A,3960.0,20.555555555555,17.070707070707,48.383838383838,14.015151515151,,,MULTICHOICE,,"Javier used chalk to draw some shapes on the playground. All of the shapes are parallelograms. Some, but not all, of the shapes are rectangles. Which statement must be true about the shapes Javier drew?",,All of the shapes have 4 equal angles.,Student chose a statement that is not true of parallelograms that are not rectangles; perhaps confused having 4 equal angles with having 2 pairs of equal angles.,All of the shapes have perpendicular sides.,Student chose a statement that is not true for parallelograms that are not rectangles; perhaps confused perpendicular and parallel.,All of the shapes have 2 pairs of parallel sides.,Correct.,All of the shapes have at least one angle greater than 90 degrees.,"Student chose a statement that can be true of parallelograms, but not rectangles.",,,,,,,,Student chose a statement that is not true of parallelograms that are not rectangles; perhaps confused having 4 equal angles with having 2 pairs of equal angles.,Classify quadrilaterals in a hierarchy based on properties
MATH-00315,5,i112931,Compass,q107827,AD,C,7513.0,40.303473978437,34.686543324903,40.290163716225,38.054039664581,22.015173698921,,MULTISELECT,,Select two measurements that are equivalent to 32 pints.,,4 gallons,Correct.,8 gallons,Student divided 32 by 4 without first dividing 32 by 2 to convert pints to quarts.,16 cups,Student divided by 2 instead of multiplying by 2 to convert pints to cups.,64 cups,Correct.,64 quarts,Student multiplied by 2 instead of dividing by 2 to convert pints to quarts.,,,,,,Student divided by 2 instead of multiplying by 2 to convert pints to cups.,"Convert a measurement of length, mass, or volume from a larger unit to a smaller unit within the same system of measurement"
MATH-00315,5,i185700,Compass,q188738,C,B,67.0,1.492537313432836,32.83582089552239,62.6865671641791,2.985074626865672,,,MULTICHOICE,,Brandi drank 1 3/10 liters of water during gym class. How many milliliters of water did Brandi drink?,,103,"Student attempted to convert a larger unit to a smaller unit but thought that ""milli"" equals 100 instead of 1,000, and misrepresented the fractional part of the larger unit as if the numerator represented the amount in the smaller unit.",130,"Student attempted to convert a larger unit to a smaller unit but thought that ""milli"" equals 100 instead of 1,000.","1,300",Correct.,"1,310",Student correctly converted the whole number of units but misinterpreted the fractional part by treating the digits in the fraction as a whole number in the smaller unit; wrote the digits in the order they appear in the fraction.,,,,,,,,"Student attempted to convert a larger unit to a smaller unit but thought that ""milli"" equals 100 instead of 1,000.","Convert a measurement of length, mass, or volume from a larger unit to a smaller unit within the same system of measurement"
MATH-00315,5,i116723,Interim_eedi,q114065,C,B,19933.0,14.52867104801,33.301560226759,36.738072543019,15.532032308232,,,MULTICHOICE,,Brandi drank 1 3/10 liters of water during gym class. How many milliliters of water did Brandi drink?,,103,"Student converted the liter with the incorrect conversion rate of 1 liter = 100 milliliters, and represented 3/10 of a liter as 3 milliliters.",130,Student converted with the incorrect conversion rate of 1 liter = 100 milliliters.,"1,300",Correct.,"1,310","Student converted 1 liter to 1,000 milliliters, but represented 3/10 of a liter as 310 milliliters; wrote the digits in the order they appear in the fraction.",,,,,,,,Student converted with the incorrect conversion rate of 1 liter = 100 milliliters.,"Convert a measurement of length, mass, or volume from a larger unit to a smaller unit within the same system of measurement"
MATH-00316,5,i185701,Compass,q188739,B,C,67.0,8.955223880597014,41.791044776119406,38.80597014925373,10.447761194029852,,,MULTICHOICE,,Which measurement is equivalent to 3 centimeters?,,0.003 meters,Student incorrectly converted from a smaller unit to a larger unit using a conversion factor that is off by a factor of 10.,0.03 meters,Correct.,300 meters,"Student reversed the relationship between the two units, converting as if the smaller unit were larger and used a conversion factor that is off by a factor of 10.","3,000 meters","Student reversed the relationship between the two units, converting as if the smaller unit were larger.",,,,,,,,"Student reversed the relationship between the two units, converting as if the smaller unit were larger and used a conversion factor that is off by a factor of 10.","Convert a measurement of length, mass, or volume from a smaller unit to a larger unit within the same system of measurement"
MATH-00316,5,i116722,Interim_eedi,q114064,B,C,291.0,20.274914089347,47.079037800687,21.649484536082,10.996563573883,,,MULTICHOICE,,Which measurement is equivalent to 3 centimeters?,,0.003 meters,"Student converted with the incorrect conversion rate of 1 meter = 1,000 centimeters.",0.03 meters,Correct.,300 meters,Student confused the relative values of meters and centimeters; converted as if 100 meters = 1 centimeter.,"3,000 meters","Student converted with the incorrect conversion rate of 1,000 meters = 1 centimeter.",,,,,,,,Student confused the relative values of meters and centimeters; converted as if 100 meters = 1 centimeter.,"Convert a measurement of length, mass, or volume from a smaller unit to a larger unit within the same system of measurement"
MATH-00337,5,i185235,Compass,q188129,C,D,64.0,1.5625,20.3125,46.875,31.25,,,MULTICHOICE,,Which statement can be placed in the blank below to make the sentence true? The value of the 3 in 64.239 is ___ the value of the 3 in 7.35.,,"1/1,000 of",Student may have thought that the place value of digits in one number determines a fixed fractional relationship to another number based solely on the number of decimal places.,1/100 of,Student found the place value of the digit in the first number instead of finding the relative place value.,1/10 of,Correct.,10 times,Student switched the relative values of the hundredths and tenths places.,,,,,,,,Student switched the relative values of the hundredths and tenths places.,"Recognize that in a multi-digit number (including decimals), a digit in one place represents 1/10 what it represents in the place to its left"
MATH-00337,5,i112619,Interim_eedi,q103260,A,B,14120.0,40.375354107648,28.541076487252,12.230878186968,18.951841359773,,,MULTICHOICE,,Which number has a 3 that is 1/10 the value of the 3 in 14.37?,,14.53,Correct.,28.38,Student identified the place value of the 3 in 14.37 and chose the number where the 3 is in the tenths place.,37.14,Student chose the number where the 3 is in the tens place.,43.91,"Student multiplied 0.3 by 10 to result in a value in the ones place, OR confused relative place values.",,,,,,,,Student identified the place value of the 3 in 14.37 and chose the number where the 3 is in the tenths place.,"Recognize that in a multi-digit number (including decimals), a digit in one place represents 1/10 what it represents in the place to its left"
MATH-00337,5,i129708,Interim_eedi,q125259,C,B,35963.0,13.928203987431,25.022940244139,40.043934043322,21.291327197397,,,MULTICHOICE,,Which statement can be placed in the blank below to make the sentence true? The value of the 3 in 64.239 is ___ the value of the 3 in 7.35.,,"1/1,000 of","Student thought that because the first number terminates in the thousandths place, the value of all digits must be 1/1,000 of a number that terminates in the hundredths place.",1/100 of,Student found the place value of the 3 in the first number instead of finding the relative place value.,1/10 of,Correct.,10 times,Student switched the relative values of the hundredths and tenths places.,,,,,,,,Student found the place value of the 3 in the first number instead of finding the relative place value.,"Recognize that in a multi-digit number (including decimals), a digit in one place represents 1/10 what it represents in the place to its left"
MATH-00337,5,i171601,Interim_eedi,q175766,B,C,6191.0,21.450492650621,30.140526570828,32.304958811177,16.168631884994,,,MULTICHOICE,,"Which statement can be placed in the blank below to make the sentence true? The value of the 3 in 64,329 is ___ the value of the 3 in 3,875.",,"1/1,000 of","Student understood that the 3 in the second number has a greater value than the 3 in the first number but thought that the difference in values was a factor of 1,000 since the 3 in the second number is in the thousands place.",1/10 of,Correct.,10 times,Student compared the relative value of the 3 in the second number to the first number instead of comparing the relative value of the 3 in the first number to the second number.,100 times,Student found the place value of the 3 in the first number instead of finding the relative place value.,,,,,,,,Student compared the relative value of the 3 in the second number to the first number instead of comparing the relative value of the 3 in the first number to the second number.,"Recognize that in a multi-digit number (including decimals), a digit in one place represents 1/10 what it represents in the place to its left"
MATH-00338,5,i185238,Compass,q188132,BCD,A,64.0,34.375,56.25,60.9375,76.5625,25.0,25.0,MULTISELECT,,Which expressions are equivalent to 370? Select three that apply.,,"0.037 × 1,000",The student may have chosen an expression based on shifting digits according to the total number of digits in a place value or selecting a factor that produces a nearby whole number.,0.037 × 10^4,Correct.,0.37 × 10^3,Correct.,3.7 × 100,Correct.,37 × 10^2,Student may have thought that multiplying by a power of ten shifts digits fewer places than it actually does.,370 × 10^1,"Student may have confused ten to the power of one with multiplying by one, OR may have thought that the exponent indicates the total number of zeros in the product.",,,,The student may have chosen an expression based on shifting digits according to the total number of digits in a place value or selecting a factor that produces a nearby whole number.,Explain patterns in the placement of the decimal point when multiplying a decimal by a power of 10
MATH-00338,5,i111855,Interim_eedi,q110764,C,A,15358.0,23.388462039328,15.555410860789,56.153144940747,4.974606068498,,,MULTICHOICE,,"Which number could go in the blank to make the statement true? 9.43 × ___ = 9,430",,10,Student selected a factor that results in a value of 94.3; perhaps inserted a zero at the end of the number without accounting for the shifting of the digits with respect to the decimal point.,100,"Student selected a factor that results in a value of 943; perhaps identified the factor that would make the digits shift to result in a whole number, OR shifted the digits 3 places because there are 3 digits in 100.","1,000",Correct.,"10,000","Student selected an expression that results in a value of 94,300; perhaps tried to shift the digits four places to the left, but counted their original position as the first shift, OR counted the number of digits in the product to determine the number of zeros in the factor.",,,,,,,,Student selected a factor that results in a value of 94.3; perhaps inserted a zero at the end of the number without accounting for the shifting of the digits with respect to the decimal point.,Explain patterns in the placement of the decimal point when multiplying a decimal by a power of 10
MATH-00338,5,i162823,Interim_eedi,q169327,BCD,E,34645.0,26.959157165536,45.853658536585,58.14980516669,68.503391542791,33.274642805599,33.268869966806,MULTISELECT,,Which expressions are equivalent to 370? Select three that apply.,,"0.037 × 1,000","Student selected an expression that results in a value of 37; perhaps identified the factor that would make the digits shift to result in a whole number, OR shifted the digits 4 places to the left because there are 4 digits in 1,000.",0.037 × 10^4,Correct.,0.37 × 10^3,Correct.,3.7 × 100,Correct.,37 × 10^2,"Student selected an expression that results in a value of 3,700; perhaps thought that multiplying by 100 only shifted the digits 1 place to the left.",370 × 10^1,"Student selected an expression that results in a value of 3,700; perhaps thought that multiplying by 10 to the power of 1 was the same as multiplying by 1, OR thought the exponent reflected the number of zeros in the product.",,,,"Student selected an expression that results in a value of 3,700; perhaps thought that multiplying by 100 only shifted the digits 1 place to the left.",Explain patterns in the placement of the decimal point when multiplying a decimal by a power of 10
MATH-00338,5,i178047,Interim_eedi,q179852,BCD,E,613.0,25.774877650897,36.052202283849,54.649265905383,67.210440456769,44.37194127243,37.520391517128,MULTISELECT,,Which expressions are equivalent to 480? Select three that apply.,,"0.048 × 1,000","Student selected an expression that results in a value of 48; perhaps identified the factor that would make the digits shift to result in a whole number, OR shifted the digits 4 places to the left because there are 4 digits in 1,000.",0.048 × 10^4,Correct.,0.48 × 10^3,Correct.,4.8 × 100,Correct.,48 × 10^2,"Student selected an expression that results in a value of 4,800; perhaps thought that multiplying by 100 only shifted the digits 1 place to the left.",480 × 10^1,"Student selected an expression that results in a value of 4,800; perhaps thought that multiplying by 10 to the power of 1 was the same as multiplying by 1, OR thought the exponent reflected the number of zeros in the product.",,,,"Student selected an expression that results in a value of 4,800; perhaps thought that multiplying by 100 only shifted the digits 1 place to the left.",Explain patterns in the placement of the decimal point when multiplying a decimal by a power of 10
MATH-00340,5,i185241,Compass,q188135,B,A,64.0,12.5,75.0,7.8125,4.6875,,,MULTICHOICE,,What is one hundred thousand written as a power of 10?,,10^4,Student thought that the exponent in a power of 10 indicates how many zeros after 10 there are in a number.,10^5,Correct.,10^6,"Student may have written the number correctly but used the exponent to reflect the number of digits, not zeros.",10^8,Student may have confused the hundred millions place with the hundred thousands place.,,,,,,,,Student thought that the exponent in a power of 10 indicates how many zeros after 10 there are in a number.,Use whole-number exponents to denote powers of 10
MATH-00340,5,i113132,Interim_eedi,q100046,B,A,37592.0,15.31442860183,68.605022345179,10.190998084698,6.102362204724,,,MULTICHOICE,,What is one hundred thousand written as a power of 10?,,10^4,"Student thought that 100,000 would be written as 10^4 because the exponent indicates how many zeros after 10 there are in a number.",10^5,Correct.,10^6,"Student chose 1 million; may have written the number correctly but used the exponent to reflect the number of digits, not zeros.",10^8,Student chose 100 million instead of 100 thousand; may have confused the millions place with the thousands place.,,,,,,,,"Student thought that 100,000 would be written as 10^4 because the exponent indicates how many zeros after 10 there are in a number.",Use whole-number exponents to denote powers of 10
MATH-00343,5,i138075,Compass,q142488,BF,A,37446.0,23.642044544143,57.405330342359,19.195641724082,12.658227848101,22.400256369171,55.437162847834,MULTISELECT,,Select two answers that are equivalent to 39.107.,,30 + 9 + 1/10 + 7/100,Student selected a value of 39.17; confused the place value of the 7 as in the hundredths place instead of the thousandths place.,"30 + 9 + 1/10 + 7/1,000",Correct.,"30 + 9 + 1/100 + 7/1,000",Student selected a value of 39.017; confused the place value of the 1 as in the hundredths place instead of the tenths place.,Thirty-nine and seventeen thousandths,Student selected a value of 39.017; confused the place value of the 1 as in the hundredths place instead of the tenths place.,Thirty-nine and one hundred seven hundredths,Student selected a value of 40.07; confused the place value of the 7 as in the hundredths place instead of the thousandths place.,Thirty-nine and one hundred seven thousandths,Correct.,,,,Student selected a value of 39.17; confused the place value of the 7 as in the hundredths place instead of the thousandths place.,Read and write decimals to thousandths by moving between base-ten numerals (standard form) and number names (word form)
MATH-00343,5,i185443,Compass,q188400,A,C,220.0,79.54545454545455,4.545454545454546,12.272727272727273,3.6363636363636362,,,MULTICHOICE,,Which is another way to write three hundred two and fifteen hundredths?,,302.15,Correct.,320.15,Student confused the standard form of a value in the tens place with a verbal description of a value in the ones place.,302.015,Student thought that the hundredths place was 3 places to the right of the decimal point because the hundreds place is 3 places to the left of the decimal point.,"302,015",Student thought that the hundredths place was 3 places to the right of the decimal point and did not recognize a verbal description that indicated a decimal value; may have interpreted the comma as a decimal.,,,,,,,,Student thought that the hundredths place was 3 places to the right of the decimal point because the hundreds place is 3 places to the left of the decimal point.,Read and write decimals to thousandths by moving between base-ten numerals (standard form) and number names (word form)
MATH-00343,5,i112879,Interim_eedi,q100859,A,C,11626.0,78.410459315327,8.300361259246,10.811973163598,2.554618957509,,,MULTICHOICE,,Which value is equivalent to 6.4?,,Sixty-four tenths,Correct.,Sixty-four hundredths,Student chose a value equivalent to 0.64; perhaps thought that ten hundredths composed a whole.,Six hundred forty tenths,Student chose a value equivalent to 64.0; perhaps thought 100 tenths were needed to compose a whole.,Six hundred forty thousandths,Student chose a value equivalent to 0.640; perhaps thought that 100 thousandths composed a whole.,,,,,,,,Student chose a value equivalent to 64.0; perhaps thought 100 tenths were needed to compose a whole.,Read and write decimals to thousandths by moving between base-ten numerals (standard form) and number names (word form)
MATH-00343,5,i138074,Interim_eedi,q142487,A,C,31557.0,63.456602338625,10.888233989289,19.773742751212,5.989162467915,,,MULTICHOICE,,Which is another way to write three hundred two and fifteen hundredths?,,302.15,Correct.,320.15,Student confused 320 with 302.,302.015,Student thought that the hundredths place was 3 places to the right of the decimal point because the hundreds place is 3 places to the left of the decimal point.,"302,015",Student thought that the hundredths place was 3 places to the right of the decimal point and did not recognize that the description indicated a decimal value; may have interpreted the comma as a decimal.,,,,,,,,Student thought that the hundredths place was 3 places to the right of the decimal point because the hundreds place is 3 places to the left of the decimal point.,Read and write decimals to thousandths by moving between base-ten numerals (standard form) and number names (word form)
MATH-00344,5,i184842,Compass,q187570,A,B,2699.0,28.306780288995,43.497591700629,15.376065209336,12.819562801037,,,MULTICHOICE,,"Mr. Pascal is planning a weekend trip for students to volunteer at a local organization that supports people experiencing homelessness. To determine the best month for the trip, Mr. Pascal asked all the interested students if they preferred January, February, March, or April based on their schedules. The table below shows the fraction of the students who chose each month. What fraction of the students chose March as their preferred month?","A two-column table with headers 'Preferred Month' and 'Fraction of the Students'. Rows: January = 5/8, February = 1/12, March = ? (unknown), April = 1/4.",1/24,Correct.,7/24,Student added the numerators and denominators and also did not subtract to find the remaining part of the whole.,17/24,Student added the numerators and denominators to get 7/24 and then found the remaining part of the whole.,23/24,"Student found the fraction of the students who chose 'January,' 'February,' or 'April,' but did not subtract to find the remaining part of the whole.",,,,,,,,Student added the numerators and denominators and also did not subtract to find the remaining part of the whole.,Read and write decimals to the thousandths by moving between base-ten numerals (standard form) and expanded form
MATH-00344,5,i184844,Compass,q187573,D,C,3353.0,9.424396063226,12.645392186101,19.89263346257,58.067402326274,,,MULTICHOICE,,Which expression shows 0.027 written in expanded form?,,(2 × 10) + (7 × 1),Student ignored the decimal and treated 0.027 as 27.,(0 + 2 + 7) × 0.001,"Student multiplied the sum of the digits by the place value of the rightmost digit; did not recognize that this would result in 0.009, not 0.027.",(2 × 0.1) + (7 × 0.01),Student confused the place value of 0.027 with the place value of 0.27.,(2 × 0.01) + (7 × 0.001),Correct.,,,,,,,,Student confused the place value of 0.027 with the place value of 0.27.,Read and write decimals to the thousandths by moving between base-ten numerals (standard form) and expanded form
MATH-00344,5,i185444,Compass,q188401,D,C,219.0,8.219178082191782,5.47945205479452,9.132420091324201,77.1689497716895,,,MULTICHOICE,,Which expression shows 0.027 written in expanded form?,,(2 × 10) + (7 × 1),Student ignored the decimal in the given value and treated the values as if they were from a whole number.,(0 + 2 + 7) × 0.001,Student placed the digits in the order that they appeared in the problem and multiplied them by what they thought to be the correct decimal representation of the number.,(2 × 0.1) + (7 × 0.01),"Student assigned the digits to incorrect decimal positions, likely confusing smaller place values with larger ones.",(2 × 0.01) + (7 × 0.001),Correct.,,,,,,,,"Student assigned the digits to incorrect decimal positions, likely confusing smaller place values with larger ones.",Read and write decimals to the thousandths by moving between base-ten numerals (standard form) and expanded form
MATH-00344,5,i129076,Interim_eedi,q124488,B,A,13774.0,21.526063598083,62.450994627559,9.844634819224,6.294467837955,,,MULTICHOICE,,"Which number is equivalent to the expression below? 30 + 5/10 + 2/1,000",,30.052,Student put the 5 in the hundredths place instead of the tenths place.,30.502,Correct.,30.52,Student put the 2 in the hundredths place instead of the thousandths place.,35.02,Student put the 5 in the ones place instead of the tenths place and put the 2 in the hundredths place instead of the thousandths place.,,,,,,,,Student put the 5 in the hundredths place instead of the tenths place.,Read and write decimals to the thousandths by moving between base-ten numerals (standard form) and expanded form
MATH-00344,5,i138073,Interim_eedi,q142486,D,C,33482.0,11.185114389821,12.400692909623,18.054477032435,58.622543456185,,,MULTICHOICE,,Which expression shows 0.027 written in expanded form?,,(2 × 10) + (7 × 1),Student ignored the decimal and treated 0.027 as 27.,(0 + 2 + 7) × 0.001,Student placed the digits in the order that they appeared in the problem and multiplied them by what they thought to be the correct decimal representation of the number.,(2 × 0.1) + (7 × 0.01),Student confused the place value of 0.027 with the place value of 0.27.,(2 × 0.01) + (7 × 0.001),Correct.,,,,,,,,Student confused the place value of 0.027 with the place value of 0.27.,Read and write decimals to the thousandths by moving between base-ten numerals (standard form) and expanded form
MATH-00346,5,i185445,Compass,q188402,D,A,217.0,8.294930875576037,3.225806451612903,3.686635944700461,84.7926267281106,,,MULTICHOICE,,Which comparison is true?,,0.09 > 0.90,Student only compared the rightmost digits in both numbers and did not compare the other digits.,3.07 = 3.70,Student only compared the leftmost digits in both numbers and did not compare the other digits.,2.035 > 2.305,Student compared the digits in both numbers from right to left.,6.783 < 6.873,Correct.,,,,,,,,Student only compared the rightmost digits in both numbers and did not compare the other digits.,Compare two decimals to the thousandths
MATH-00346,5,i112426,Interim_eedi,q107737,BCF,A,13584.0,29.358068315665,69.596584216725,54.969081272084,29.210836277974,24.072438162544,48.726442873969,MULTISELECT,,Select three values that could go in the blank to make the statement true. ___ > 0.045,,0.006,Student may have compared 6 and 4 instead of comparing the place values of 6 and 4 in each number.,0.401,Correct.,0.05,Correct.,0.038,"Student may have only compared the values in the thousandths place (0.008 and 0.005), OR confused the meaning of the inequality symbol.",0.04,"Student may have thought 0.045 is smaller in value because it goes out to a smaller place value (the thousandths place), OR confused the meaning of the inequality symbol.",0.3,Correct.,,,,Student may have compared 6 and 4 instead of comparing the place values of 6 and 4 in each number.,Compare two decimals to the thousandths
MATH-00346,5,i161615,Interim_eedi,q168030,D,A,37664.0,14.024001699235,9.340484282073,9.104184367034,67.78090484282,,,MULTICHOICE,,Which comparison is true?,,0.09 > 0.90,Student compared the hundredths digits (last digit).,3.07 = 3.70,Student did not account for the place value of the 7 in each number.,2.035 > 2.305,"Student compared the last two digits in each number (35 and 05), OR compared right to left.",6.783 < 6.873,Correct.,,,,,,,,Student compared the hundredths digits (last digit).,Compare two decimals to the thousandths
MATH-00346,5,i161616,Interim_eedi,q168031,D,A,31318.0,16.022734529663,13.005300466185,13.57685675969,57.570726100006,,,MULTICHOICE,,Which number can go in the blank to make this comparison true? ___ < 0.069,,9 ones,"Student compared 9 to 69, disregarding that 69 is actually 69 thousandths.",9 tenths,"Student thought that because 0.9 only has one nonzero digit after the decimal point and 0.069 has two non-zero digits after the decimal point, that meant 0.069 was larger.",9 hundredths,Student confused the hundredths place with the thousandths place.,9 thousandths,Correct.,,,,,,,,"Student compared 9 to 69, disregarding that 69 is actually 69 thousandths.",Compare two decimals to the thousandths
MATH-00349,5,i185089,Compass,q187903,D,B,172.0,11.627906976744185,25.0,21.511627906976745,41.86046511627907,,,MULTICHOICE,,Multiply. 689 × 716 = ?,,"9,646",Student multiplied by single-digit values instead of correctly accounting for the place value of each digit when finding partial products.,"59,254",Student miscalculated the place value and multiplied by ten times less than the correct value when finding partial products.,"436,874","Student did not regroup when multiplying, but did regroup when adding partial products.","493,324",Correct.,,,,,,,,Student miscalculated the place value and multiplied by ten times less than the correct value when finding partial products.,Fluently multiply 3-digit by 3-digit whole numbers using the standard algorithm
MATH-00350,5,i185090,Compass,q187904,D,B,168.0,16.666666666666668,31.547619047619047,14.285714285714286,37.5,,,MULTICHOICE,,"Solve. 1,469 × 374 = ?",,"20,566",Student multiplied by single-digit values instead of correctly accounting for the place value of each digit when finding partial products.,"411,576","Student did not regroup when multiplying, but regrouped when adding.","547,306","Student correctly found each partial product, but did not regroup when adding the partial products.","549,406",Correct.,,,,,,,,"Student did not regroup when multiplying, but regrouped when adding.",Fluently multiply 3-digit by 4-digit whole numbers using the standard algorithm
MATH-00350,5,i112848,Interim_eedi,q100672,D,C,11434.0,12.585271995801,15.550113695994,15.585097078887,56.401959069442,,,MULTICHOICE,,"Solve. 1,469 × 374 = ?",,"20,566","Student multiplied 1,469 by 3 instead of by 300 and by 7 instead of by 70 when finding partial products.","411,576","Student did not regroup when multiplying, but regrouped when adding.","547,306","Student correctly found each partial product, but did not regroup when adding the partial products.","549,406",Correct.,,,,,,,,"Student correctly found each partial product, but did not regroup when adding the partial products.",Fluently multiply 3-digit by 4-digit whole numbers using the standard algorithm
MATH-00351,5,i185437,Compass,q188393,C,A,195.0,18.974358974358974,17.94871794871795,55.8974358974359,7.17948717948718,,,MULTICHOICE,,What is the product? 729 × 63 = ?,,"6,561",Student did not account for place value while multiplying the first factor by the value in the tens place of the second factor while performing the standard algorithm for multiplication.,"44,407","Student did not account for the ""carried"" digits while performing the standard algorithm for multiplication.","45,927",Correct.,"68,667","Student added the ""carried"" digits before multiplying rather than after while performing the standard algorithm for multiplication.",,,,,,,,Student did not account for place value while multiplying the first factor by the value in the tens place of the second factor while performing the standard algorithm for multiplication.,Fluently multiply 2-digit by up to 3-digit whole numbers using the standard algorithm
MATH-00352,5,i161631,Interim_eedi,q168058,D,C,24641.0,11.667545959985,12.235704719775,16.898664826914,59.336065906416,,,MULTICHOICE,,"Determine the product. 1,086 x 63 = ?",,"9,774","Student multiplied 1,086 by 6 instead of by 60 when finding partial products.","11,718","Student ignored the zero and skipped steps involving multiplying the zero; ultimately, student multiplied by 186 instead of 1,086.","63,908",Student did not regroup when multiplying.,"68,418",Correct.,,,,,,,,Student did not regroup when multiplying.,Fluently multiply 2-digit by 4-digit whole numbers using the standard algorithm
MATH-00352,5,i178048,Interim_eedi,q179853,C,B,615.0,11.544715447154,13.658536585365,71.869918699186,2.926829268292,,,MULTICHOICE,,"Determine the product. 2,102 x 17 = ?",,"3,604","Student ignored the zero and skipped steps involving multiplying the zero; ultimately, student multiplied by 212 instead of 2,102.","16,816","Student multiplied 2,102 by 1 instead of by 10 when finding partial products.","35,734",Correct.,"168,160",Student treated both the 1 and 7 from the number 17 as though they were in the tens place when multiplying.,,,,,,,,"Student multiplied 2,102 by 1 instead of by 10 when finding partial products.",Fluently multiply 2-digit by 4-digit whole numbers using the standard algorithm
MATH-00353,5,i185092,Compass,q187906,B,A,200.0,16.5,63.5,11.0,9.0,,,MULTICHOICE,,"Divide. 2,752 ÷ 16 = ?",,103,"Student incorrectly used partial quotients by combining the results as separate digits to form the final answer, rather than adding them, and ignored the remainder.",172,Correct.,"1,072","Student miscalculated the product of the divisor and the partial quotient, leading to an incorrect initial estimate in the division process.","1,720","Student incorrectly determined the number of digits in the quotient, assuming it should match the number of digits in the dividend.",,,,,,,,"Student incorrectly used partial quotients by combining the results as separate digits to form the final answer, rather than adding them, and ignored the remainder.","Find whole number quotients of whole numbers with four-digit dividends and two-digit divisors using strategies based on place value, the properties of operations, and/or the relationship between multiplication and division"
MATH-00353,5,i110176,Interim_eedi,q100488,D,A,11440.0,14.763986013986,11.424825174825,8.933566433566,65.026223776223,,,MULTICHOICE,,"Solve. 4,800 ÷ 15 = ?",,32,"Student divided 480 by 15, OR excluded a zero in the last place value of the quotient.",300,"Student may have rounded and found 4,500/15, OR student may have only found one partial quotient, then stopped dividing.",302,"Student found 15 x 300 = 4,500, but thought the difference of 4,800 and 4,500 was 30 instead of 300; then, student completed 15 x 2 = 30, resulting in an answer of 300 + 2 = 302.",320,Correct.,,,,,,,,"Student divided 480 by 15, OR excluded a zero in the last place value of the quotient.","Find whole number quotients of whole numbers with four-digit dividends and two-digit divisors using strategies based on place value, the properties of operations, and/or the relationship between multiplication and division"
MATH-00353,5,i130934,Interim_eedi,q126775,C,A,41276.0,13.092353910262,10.177827308847,67.063184417094,9.858028878767,,,MULTICHOICE,,"Solve. 5,315 ÷ 5 = ?",,163,"Student did not use a zero in the quotient in the hundreds place (represented 1,063 as 163).","1,001","Student divided the divisor (5) into each digit of the dividend separately, and strung the resulting digits together to form a quotient.","1,063",Correct.,"1,075",Student interpreted 15 as a partial quotient and added when summing partial quotients.,,,,,,,,"Student did not use a zero in the quotient in the hundreds place (represented 1,063 as 163).","Find whole number quotients of whole numbers with four-digit dividends and two-digit divisors using strategies based on place value, the properties of operations, and/or the relationship between multiplication and division"
MATH-00354,5,i185093,Compass,q187907,B,D,183.0,13.114754098360656,59.56284153005465,13.114754098360656,14.207650273224044,,,MULTICHOICE,,Divide. 608 ÷ 19 = ?,,30,Student rounded the dividend to the nearest hundred and the divisor to the nearest ten then divided.,32,Correct.,38,Student interpreted the amount remaining after removing multiples of 10 through partial quotients as the quotient.,50,"Student left-aligned the partial quotients, resulting in a place value error when adding them together.",,,,,,,,"Student left-aligned the partial quotients, resulting in a place value error when adding them together.","Find whole number quotients of whole numbers with three-digit dividends and two-digit divisors using strategies based on place value, the properties of operations, and/or the relationship between multiplication and division"
MATH-00354,5,i130932,Interim_eedi,q126773,B,C,30524.0,10.48355392478,62.524570829511,17.324072860699,9.854540689293,,,MULTICHOICE,,Divide. 608 ÷ 19 = ?,,30,Student rounded the dividend to the nearest hundred and the divisor to the nearest ten then divided (600/20 = 30).,32,Correct.,38,"Student interpreted 38, the amount remaining after removing multiples of 10 through partial quotients, as the quotient.",50,Student left-aligned the partial quotients and added 20 to 30 instead of adding 2 to 30.,,,,,,,,"Student interpreted 38, the amount remaining after removing multiples of 10 through partial quotients, as the quotient.","Find whole number quotients of whole numbers with three-digit dividends and two-digit divisors using strategies based on place value, the properties of operations, and/or the relationship between multiplication and division"
MATH-00354,5,i178049,Interim_eedi,q179854,A,C,613.0,66.068515497553,11.256117455138,16.150081566068,6.525285481239,,,MULTICHOICE,,Divide. 585 ÷ 13 = ?,,45,Correct.,60,Student rounded the dividend to the nearest hundred and the divisor to the nearest ten then divided (600/10 = 60).,65,"Student interpreted 65, the amount remaining after removing iterations of 13 x 10 through partial quotients, as the quotient.",90,Student left-aligned the partial quotients and added 50 to 40 instead of adding 5 to 40.,,,,,,,,"Student interpreted 65, the amount remaining after removing iterations of 13 x 10 through partial quotients, as the quotient.","Find whole number quotients of whole numbers with three-digit dividends and two-digit divisors using strategies based on place value, the properties of operations, and/or the relationship between multiplication and division"
MATH-00357,5,i185345,Compass,q188272,C,D,131.0,3.816793893129771,12.977099236641221,66.41221374045801,16.793893129770993,,,MULTICHOICE,,Solve. 6.2 × 1.4 = ?,,6.08,"Student multiplied the whole number and decimal parts of each factor separately, rather than treating each number as a single value with place value.",6.8,"Student multiplied the whole number and decimal parts of each factor separately, ignoring the role of place value in the full computation.",8.68,Correct.,86.8,Student multiplied both factors by powers of ten to remove decimals but then divided the product by the incorrect power of ten.,,,,,,,,Student multiplied both factors by powers of ten to remove decimals but then divided the product by the incorrect power of ten.,Multiply decimals to the hundredths using concrete models or drawings and strategies based on place value and/or properties of operations
MATH-00357,5,i111954,Interim_eedi,q100335,B,D,5.0,20.0,20.0,20.0,40.0,,,MULTICHOICE,,Multiply. 4.38 x 0.3,,0.1314,"Student multiplied factors as if they were whole numbers, and then shifted the digits four places to the right rather than three; did not assess the reasonableness of the answer, as the product should be greater than 0.3.",1.314,Correct.,1.512,Student misapplied the standard algorithm for multiplying whole numbers; mistakenly carried the ones values for each partial product and recorded the tens values.,13.14,"Student did not correctly represent the place value of 100ths x 10ths as 1,000ths; possibly thought the answer should be close to 12, not realizing the product would be less than the starting factor.",,,,,,,,"Student did not correctly represent the place value of 100ths x 10ths as 1,000ths; possibly thought the answer should be close to 12, not realizing the product would be less than the starting factor.",Multiply decimals to the hundredths using concrete models or drawings and strategies based on place value and/or properties of operations
MATH-00357,5,i112502,Interim_eedi,q100531,D,A,11318.0,24.385933910584,11.600989574129,14.366495847322,49.743770984272,,,MULTICHOICE,,Solve. 4.5 x 0.62 = ?,,0.279,Student used place value incorrectly and multiplied 0.45 by 0.62; possibly found an answer with 3 digits to the right of the decimal because the factors have a total of 3 digits to the right of the decimal point.,0.36,Student multiplied 4.5 by 0.06 and 4.5 by 0.02 and added the partial products.,2.48,Student multiplied without regrouping.,2.79,Correct.,,,,,,,,Student used place value incorrectly and multiplied 0.45 by 0.62; possibly found an answer with 3 digits to the right of the decimal because the factors have a total of 3 digits to the right of the decimal point.,Multiply decimals to the hundredths using concrete models or drawings and strategies based on place value and/or properties of operations
MATH-00357,5,i138313,Interim_eedi,q142775,C,B,37583.0,8.905622222813,30.109357954394,46.656733097411,14.490594151611,,,MULTICHOICE,,Solve. 6.2 x 1.4 = ?,,6.08,"Student correctly used place value to multiply 0.2 and 0.4, but multiplied the whole numbers and decimals separately.",6.8,"Student multiplied the whole numbers and the decimals separately, ignoring place value.",8.68,Correct.,86.8,Student possibly multiplied each factor by 10 to use whole numbers but then only divided the product by 10 instead of 100; did not recognize that the answer should be around 8 and not 86.,,,,,,,,"Student multiplied the whole numbers and the decimals separately, ignoring place value.",Multiply decimals to the hundredths using concrete models or drawings and strategies based on place value and/or properties of operations
MATH-00359,5,i185243,Compass,q188137,B,D,220.0,5.454545454545454,72.27272727272727,5.0,17.272727272727273,,,MULTICHOICE,,Solve. 53.71 - 4 = ?,,13.71,Student left-aligned the digits and subtracted.,49.71,Correct.,53.31,"The student may have confused whole numbers with decimal values, treating a whole number as a fractional amount when subtracting.",53.67,Student right-aligned the digits and subtracted.,,,,,,,,Student right-aligned the digits and subtracted.,"Subtract decimals to the hundredths using concrete models or drawings and strategies based on place value, properties of operations, and/or the relationship between addition and subtraction"
MATH-00359,5,i111952,Interim_eedi,q100746,B,A,15712.0,37.009928716904,44.023676171079,14.568482688391,4.493380855397,,,MULTICHOICE,,Solve. 5 − 2.38 = ?,,2.33,Student subtracted 0.05 from 2.38 instead of 5.00 - 2.38.,2.62,Correct.,3.38,"Student thought that because 5 has 0 tenths and 0 hundredths, they should calculate 0.38 - 0; did not decompose 5 ones as 4 ones, 9 tenths, and 10 hundredths.",3.62,"Student regrouped in the tenths place, but not in the ones place.",,,,,,,,Student subtracted 0.05 from 2.38 instead of 5.00 - 2.38.,"Subtract decimals to the hundredths using concrete models or drawings and strategies based on place value, properties of operations, and/or the relationship between addition and subtraction"
MATH-00359,5,i111960,Interim_eedi,q100535,C,D,16895.0,16.649896419058,10.239715892275,52.382361645457,20.816809707013,,,MULTICHOICE,,Solve. 17.8 - 4.35,,3.43,"Student subtracted as if the numbers were whole numbers; ignored the decimal, subtracted the 1 from the 4, and placed the decimal point to match 4.35.",13.27,Student subtracted the whole numbers (17 - 4 = 13) and the digits following the decimal points (35 - 8 = 27) and made the decimal 13.27.,13.45,Correct.,13.55,"Student did not regroup 8 tenths as 7 tenths and 10 hundredths, OR student thought that because 17.8 has zero hundredths they should calculate 0.05 - 0 in the hundredths place.",,,,,,,,"Student did not regroup 8 tenths as 7 tenths and 10 hundredths, OR student thought that because 17.8 has zero hundredths they should calculate 0.05 - 0 in the hundredths place.","Subtract decimals to the hundredths using concrete models or drawings and strategies based on place value, properties of operations, and/or the relationship between addition and subtraction"
MATH-00359,5,i138316,Interim_eedi,q142778,B,D,37442.0,9.321083275466,60.784680305539,6.570161850328,23.41755248117,,,MULTICHOICE,,Solve. 53.71 - 4 = ?,,13.71,Student left aligned the digits and subtracted 40 instead of 4.,49.71,Correct.,53.31,Student misrepresented 4 units as 4 tenths and subtracted 0.4 instead of 4.,53.67,Student right aligned the digits and subtracted 0.04 instead of 4.,,,,,,,,Student right aligned the digits and subtracted 0.04 instead of 4.,"Subtract decimals to the hundredths using concrete models or drawings and strategies based on place value, properties of operations, and/or the relationship between addition and subtraction"
MATH-00361,5,i185245,Compass,q188139,C,B,219.0,5.47945205479452,19.17808219178082,70.31963470319634,5.0228310502283104,,,MULTICHOICE,,The two large squares below each represent 1 unit. What is the sum of the shaded sections of both squares?,"Two large squares, each representing 1 unit (i.e., 1 whole), subdivided into a 10x10 grid of 100 smaller squares each. The first square has a portion of its grid shaded, and the second square also has a portion shaded. Together the shaded sections of both squares sum to 1.36 units (136 out of 200 smaller squares are shaded across both squares).",0.136,"Student did not regroup properly from the tenths to the ones place, OR student regrouped correctly but did not know how to use place value to correctly place the decimal point.",0.82,"Student did not account for place value when adding, and wrote the answer as hundredths.",1.36,Correct.,6.76,"Student may have mistaken fractional units for whole numbers, leading to an incorrect combination of whole and decimal values.",,,,,,,,"Student did not account for place value when adding, and wrote the answer as hundredths.","Add decimals to the hundredths using concrete models or drawings and strategies based on place value, properties of operations, and/or the relationship between addition and subtraction"
MATH-00361,5,i111974,Interim_eedi,q102791,B,A,16873.0,33.764001659455,52.835891661233,5.902921827772,7.603864161678,,,MULTICHOICE,,"The two large squares below each represent 1 unit. What is the sum, in units, of the shaded sections of both squares?","Two large squares each representing 1 unit are shown side by side with a plus sign between them. The left square is a 10x10 grid with the bottom portion shaded, labeled 0.26 below. The right square is divided into 10 horizontal rows (tenths) with 6 rows fully shaded, labeled 0.6 below.",0.32,"Student lined up all of the numbers on the right-hand side, essentially adding 0.26 and 0.06.",0.86,Correct.,3.2,Student wrote 0.26 as 2.6 and added 2.6 and 0.6.,6.26,Student wrote 0.6 as 6.0 and added 0.26 and 6.0.,,,,,,,,"Student lined up all of the numbers on the right-hand side, essentially adding 0.26 and 0.06.","Add decimals to the hundredths using concrete models or drawings and strategies based on place value, properties of operations, and/or the relationship between addition and subtraction"
MATH-00361,5,i138307,Interim_eedi,q142769,C,B,36915.0,10.602736015169,28.197209806311,55.061628064472,6.287417039143,,,MULTICHOICE,,The two large squares below each represent 1 unit. What is the sum of the shaded sections of both squares?,"Two large squares each representing 1 unit are shown side by side with a plus sign between them. The left square is a 10x10 grid with most rows shaded, labeled 0.76 below. The right square is divided into 10 horizontal rows (tenths) with 6 rows fully shaded, labeled 0.6 below.",0.136,"Student did not regroup properly from the tenths to the ones place, OR student regrouped correctly but did not know how to use place value to correctly place the decimal point.",0.82,"Student ignored place value, added 76 + 6, and wrote the answer as hundredths.",1.36,Correct.,6.76,Student misinterpreted the 6 tenths bars as wholes and added 6 + 0.76.,,,,,,,,"Student ignored place value, added 76 + 6, and wrote the answer as hundredths.","Add decimals to the hundredths using concrete models or drawings and strategies based on place value, properties of operations, and/or the relationship between addition and subtraction"
MATH-00363,5,i185344,Compass,q188271,D,C,131.0,1.5267175572519085,17.557251908396946,26.717557251908396,54.19847328244275,,,MULTICHOICE,,Solve. 8.6 ÷ 0.2 = ?,,0.023,Student reversed the dividend and divisor.,0.43,"Student correctly multiplied both the dividend and divisor by the same power of ten but then mistakenly divided the quotient by 100, misapplying place value reasoning.",4.3,Student treated the divisor as if it were a whole number rather than a decimal.,43,Correct.,,,,,,,,Student treated the divisor as if it were a whole number rather than a decimal.,Divide decimals to the hundredths using concrete models or drawings and strategies based on place value and/or properties of operations
MATH-00363,5,i112470,Interim_eedi,q100336,D,C,1128.0,9.751773049645,24.113475177304,39.18439716312,26.950354609929,,,MULTICHOICE,,Solve. 8.6 divided by 0.2 = ?,,0.023,Student switched the dividend and divisor and rounded the quotient.,0.43,"Student may have thought that because the dividend and divisor were multiplied by 10 to divide, the quotient should be divided by 100; used a strategy to multiply decimals to divide.",4.3,Student divided by 2 instead of 0.2.,43,Correct.,,,,,,,,Student divided by 2 instead of 0.2.,Divide decimals to the hundredths using concrete models or drawings and strategies based on place value and/or properties of operations
MATH-00363,5,i112606,Interim_eedi,q100576,B,A,10738.0,16.315887502328,71.829018439187,5.969454274539,5.969454274539,,,MULTICHOICE,,Solve. 31.5 ÷ 7 = ?,,4.05,"Student placed a zero in the tenths place of the quotient after trying to divide 7 into 3, instead of into 3.5.",4.5,Correct.,4.8,"Student divided the whole numbers, and interpreted the remainder (3) as 0.3 and added it to the existing decimal (0.5).",45,"Student divided correctly but ignored the decimal in the dividend, OR multiplied the dividend by 10 to get the decimal point at the end without multiplying the divisor by 10.",,,,,,,,"Student placed a zero in the tenths place of the quotient after trying to divide 7 into 3, instead of into 3.5.",Divide decimals to the hundredths using concrete models or drawings and strategies based on place value and/or properties of operations
MATH-00376,5,i185704,Compass,q188742,D,B,63.0,17.46031746031746,26.984126984126984,3.1746031746031744,52.38095238095238,,,MULTICHOICE,,What is the value of the expression below? 3/4 × 8,,3/32,Student multiplied the whole number by the denominator instead of the numerator.,24/32,"Student multiplied both the numerator and denominator by the whole number, not realizing this would create an equivalent fraction.",1 8/24,"Student reversed the roles of the numerator and denominator and then incorrectly applied the multiplication, multiplying both parts of the fraction by the whole number.",6,Correct.,,,,,,,,"Student multiplied both the numerator and denominator by the whole number, not realizing this would create an equivalent fraction.",Multiply a fraction or whole number by a fraction
MATH-00376,5,i110168,Interim_eedi,q110210,D,B,20255.0,18.183164650703,29.716119476672,11.073808936065,41.120710935571,,,MULTICHOICE,,What is the value of the expression below? 3/4 x 8,,3/32,Student multiplied the whole number by the denominator instead of the numerator.,24/32,"Student multiplied both the numerator and denominator by the whole number, not realizing this would create a fraction equivalent to 3/4.",1 8/24,Student confused the role of the numerator and denominator; multiplied 4/3 by 8 but multiplied both the numerator and denominator by the whole number.,6,Correct.,,,,,,,,"Student multiplied both the numerator and denominator by the whole number, not realizing this would create a fraction equivalent to 3/4.",Multiply a fraction or whole number by a fraction
MATH-00384,5,i113207,Compass,q102914,C,A,3045.0,26.666666666666,15.008210180623,34.942528735632,23.382594417077,,,MULTICHOICE,,Which expression will result in a product less than 15?,,15 × 3/2,"Student chose an expression that would result in a product that is greater than 15; student may have thought that because 3/2 is a fraction, multiplying it by 15 would result in a value less than 15; may not recognize 3/2 as a value greater than 1.",15 × 4/4,Student chose an expression that would result in a product that is equal to 15; student thought that multiplying a value by n/n would result in a product less than the original value.,15 × 5/6,Correct.,15 × 1 1/3,"Student chose an expression that would result in a product that is greater than 15; may not realize that even though 1/3 is a fraction, multiplying 15 by 1 1/3 would result in a value greater than 15.",,,,,,,,"Student chose an expression that would result in a product that is greater than 15; student may have thought that because 3/2 is a fraction, multiplying it by 15 would result in a value less than 15; may not recognize 3/2 as a value greater than 1.",Interpret multiplication as scaling (resizing) by comparing the size of a product to the size of one factor on the basis of the size of the other factor
MATH-00384,5,i138666,Interim_eedi,q143468,ACE,B,35249.0,76.98090725978,33.436409543533,57.516525291497,23.583647763057,73.380805129223,,MULTISELECT,,"Which three expressions will result in a product greater than 389,274? Select three that apply.",,"389,274 x 7/5",Correct.,"389,274 x 6/6","Student chose an expression that would result in a product equal to 389,274; student thought that multiplying a value by n/n would result in a product greater than the original value.","3/2 x 389,274",Correct.,"2/9 x 389,274","Student chose an expression that would result in a product less than 389,274; student thought that multiplying a value by a proper fraction would result in a product greater than the original value.","389,274 x 1 3/5",Correct.,,,,,,"Student chose an expression that would result in a product equal to 389,274; student thought that multiplying a value by n/n would result in a product greater than the original value.",Interpret multiplication as scaling (resizing) by comparing the size of a product to the size of one factor on the basis of the size of the other factor
MATH-00384,5,i138667,Interim_eedi,q143469,C,D,1472.0,25.951086956521,13.51902173913,30.842391304347,29.6875,,,MULTICHOICE,,Which expression will result in a product less than 24?,,24 x 4/3,Student chose an expression that would result in a product greater than 24; student may not recognize 4/3 as a value greater than 1 and thought that because 4/3 is a fraction multiplying it by 24 would result in a value less than 24.,24 x 5/5,Student chose an expression that would result in a product equal to 24; student thought that multiplying a value by n/n would result in a product less than the original value.,24 x 4/9,Correct.,24 x 1 1/7,Student chose an expression that would result in a product greater than 24; may not realize that even though 1/7 is a fraction multiplying 24 by 1 1/7 would result in a value greater than 24.,,,,,,,,Student chose an expression that would result in a product greater than 24; may not realize that even though 1/7 is a fraction multiplying 24 by 1 1/7 would result in a value greater than 24.,Interpret multiplication as scaling (resizing) by comparing the size of a product to the size of one factor on the basis of the size of the other factor
MATH-00389,5,i185346,Compass,q188273,C,A,147.0,15.646258503401361,11.564625850340136,71.42857142857143,1.3605442176870748,,,MULTICHOICE,,"Marcus uses 5/8 of a liter of water to fill the class fish tanks. He uses 1/3 of this amount to fill the goldfish tank. Which equation shows how much water, in liters, Marcus used to fill the goldfish tank?",,5/8 - 1/3 = 7/24,Student interpreted a problem in which multiplication is necessary as a problem in which subtraction is necessary.,5/8 - 1/3 = 4/5,"Student interpreted a problem in which multiplication is necessary as a problem in which subtraction is necessary, then subtracted the numerators from each other and the denominators from each other.",1/3 × 5/8 = 5/24,Correct.,1/3 × 5/8 = 120/24,"Student found a common denominator before multiplying, then multiplied the numerators and kept the common denominator.",,,,,,,,Student interpreted a problem in which multiplication is necessary as a problem in which subtraction is necessary.,Use equations to represent and solve a real-world fraction or mixed-number multiplication problem
MATH-00389,5,i130301,Interim_eedi,q125894,C,A,1530.0,28.366013071895,20.915032679738,43.790849673202,6.928104575163,,,MULTICHOICE,,"Marcus uses 5/8 of a liter of water to fill the class fish tanks. He uses 1/3 of this amount to fill the goldfish tank. Which equation shows how much water, in liters, Marcus used to fill the goldfish tank?",,5/8 - 1/3 = 7/24,Student interpreted a problem in which multiplication is necessary as a problem in which subtraction is necessary.,5/8 - 1/3 = 4/5,"Student interpreted a problem in which multiplication is necessary as a problem in which subtraction is necessary, then subtracted the numerators from each other and the denominators from each other.",1/3 × 5/8 = 5/24,Correct.,1/3 × 5/8 = 120/24,"Student found a common denominator before multiplying; converted 5/8 to 15/24 and 1/3 to 8/24 and multiplied the numerators, keeping 24 as the denominator.",,,,,,,,Student interpreted a problem in which multiplication is necessary as a problem in which subtraction is necessary.,Use equations to represent and solve a real-world fraction or mixed-number multiplication problem
MATH-00390,5,i185347,Compass,q188274,B,C,145.0,12.413793103448276,12.413793103448276,55.86206896551724,19.310344827586206,,,MULTICHOICE,,Sage is throwing a party to celebrate her sister graduating from law school. She bakes an apple pie for the party. She has 2 3/4 pounds of apples. She uses 1/5 of the apples. How many pounds of apples does Sage use?,,10/20,"Student incorrectly converted a mixed number to an improper fraction by multiplying the whole number by the numerator and then adding the denominator, placing that result as the new numerator.",11/20,Correct.,2 3/20,Student multiplied only the fractional part of the mixed number by the given fraction and then placed the whole number in front of the product.,2 11/20,Student interpreted a situation requiring multiplication as a situation requiring subtraction.,,,,,,,,Student multiplied only the fractional part of the mixed number by the given fraction and then placed the whole number in front of the product.,Solve a real-world problem involving multiplication of fractions and mixed numbers
MATH-00390,5,i112523,Interim_eedi,q102494,A,C,1119.0,17.336907953529,30.83109919571,44.14655942806,7.864164432529,,,MULTICHOICE,,"Micah bought a scarf with an area of 4 1/2 square feet. 2/3 of the scarf is green. How much of the scarf, in square feet, is green?",,3,Correct.,3 5/6,Student confused a context requiring multiplication for a context requiring subtraction.,4 2/6,"Student multiplied the fractions 1/2 and 2/3, then wrote the whole number in the answer.",6 3/4,"Student converted the mixed number to an improper fraction, then cross-multiplied (9 x 3) / (2 x 2), not recognizing an unreasonable answer.",,,,,,,,"Student multiplied the fractions 1/2 and 2/3, then wrote the whole number in the answer.",Solve a real-world problem involving multiplication of fractions and mixed numbers
MATH-00390,5,i115580,Interim_eedi,q102663,A,D,1202.0,68.302828618968,7.986688851913,8.402662229617,15.391014975041,,,MULTICHOICE,,"At the school library, 3/5 of the books are fiction books, and 1/9 of the fiction books have pictures. What fraction of the books at the school library are fiction books that have pictures?",,3/45,Correct.,5/27,Student multiplied the numerator of each fraction by the denominator of the other fraction and placed the smaller product in the numerator of their answer.,4/14,Student interpreted a context requiring multiplication as one requiring addition and added across numerators and denominators instead of finding a common denominator.,22/45,Student interpreted a context requiring multiplication as one requiring subtraction.,,,,,,,,Student interpreted a context requiring multiplication as one requiring subtraction.,Solve a real-world problem involving multiplication of fractions and mixed numbers
MATH-00390,5,i130299,Interim_eedi,q125893,C,B,25810.0,8.333979077876,39.806276636962,32.932971716388,19.101123595505,,,MULTICHOICE,,"Alyse and Milton are each making cookies. Alyse's recipe uses 2 5/6 cups of flour. Milton's recipe uses 1 1/4 as much flour as Alyse's recipe. How much flour, in cups, does Milton's recipe use?",,2 8/30,"Student converted the mixed numbers to improper fractions, then reversed the role of the numerator and denominator of 5/4 and multiplied it by 17/6.",2 5/24,Student multiplied the whole numbers and fractions separately and combined the products.,3 13/24,Correct.,4 2/24,Student interpreted a context requiring multiplication as one requiring addition.,,,,,,,,Student multiplied the whole numbers and fractions separately and combined the products.,Solve a real-world problem involving multiplication of fractions and mixed numbers
MATH-00390,5,i162824,Interim_eedi,q169328,A,D,11549.0,23.049614685254,26.772880768897,17.36081045978,32.955234219412,,,MULTICHOICE,,"In a fifth grade class, 2/3 of the students play basketball. Of the students who play basketball, 1/4 also play an instrument. What fraction of the students in the class play both basketball and an instrument?",,1/6,Correct.,5/12,Student interpreted a context requiring multiplication as one requiring subtraction.,3/8,Student multiplied the numerator of each fraction by the denominator of the other fraction and placed the smaller product in the numerator of their answer.,11/12,Student interpreted a context requiring multiplication as one requiring addition.,,,,,,,,Student interpreted a context requiring multiplication as one requiring addition.,Solve a real-world problem involving multiplication of fractions and mixed numbers
MATH-00390,5,i162825,Interim_eedi,q169329,B,C,17651.0,9.993768058466,28.774573678545,35.799671406719,25.477310067418,,,MULTICHOICE,,Sage has 2 3/4 pounds of apples. She uses 1/5 of the apples. How many pounds of apples does Sage use?,,10/20,"Student incorrectly changed 2 3/4 into the improper fraction 10/4 by multiplying the whole number and the numerator, adding the denominator, and making the result the new numerator.",11/20,Correct.,2 3/20,Student multiplied 3/4 x 1/5 and brought the whole number 2 in front of the product.,2 11/20,Student interpreted a situation requiring multiplication as a situation requiring subtraction.,,,,,,,,Student multiplied 3/4 x 1/5 and brought the whole number 2 in front of the product.,Solve a real-world problem involving multiplication of fractions and mixed numbers
MATH-00390,5,i175342,Interim_eedi,q177951,B,C,11003.0,9.588294101608,29.428337726074,38.762155775697,22.35753885304,,,MULTICHOICE,,Sage is throwing a party to celebrate her sister graduating from law school. She bakes an apple pie for the party. She has 2 3/4 pounds of apples. She uses 1/5 of the apples. How many pounds of apples does Sage use?,,10/20,"Student incorrectly changed 2 3/4 into the improper fraction 10/4 by multiplying the whole number and the numerator, adding the denominator, and making the result the new numerator.",11/20,Correct.,2 3/20,Student multiplied 3/4 x 1/5 and brought the whole number 2 in front of the product.,2 11/20,Student interpreted a situation requiring multiplication as a situation requiring subtraction.,,,,,,,,Student multiplied 3/4 x 1/5 and brought the whole number 2 in front of the product.,Solve a real-world problem involving multiplication of fractions and mixed numbers
MATH-00393,5,i185348,Compass,q188275,A,D,145.0,86.20689655172414,2.7586206896551726,4.827586206896552,6.206896551724138,,,MULTICHOICE,,Which fraction is equal to m in the equation below? 1/4 ÷ 3 = m,,1/12,Correct.,1/4,Student selected the given fraction from the equation rather than performing the operation to find the value of the variable.,3/4,"Student multiplied the fraction by the whole number instead of dividing, possibly thinking the numerator should increase to reflect more parts.",12,"Student attempted to divide a fraction by a whole number but took the reciprocal of the dividend, instead of the divisor, before multiplying.",,,,,,,,"Student attempted to divide a fraction by a whole number but took the reciprocal of the dividend, instead of the divisor, before multiplying.",Compute quotients of a unit fraction and a non-zero whole number
MATH-00393,5,i112016,Interim_eedi,q102410,A,B,3184.0,64.007537688442,18.278894472361,8.040201005025,9.767587939698,,,MULTICHOICE,,What is 1/6 ÷ 3?,,1/18,Correct.,1/2,Student kept the numerator the same and divided only the denominator of the fraction by 3.,2,Student ignored the numerator and divided the denominator (6) by 3.,18,Student divided 3 by 1/6 instead of dividing 1/6 by 3.,,,,,,,,Student kept the numerator the same and divided only the denominator of the fraction by 3.,Compute quotients of a unit fraction and a non-zero whole number
MATH-00393,5,i139059,Interim_eedi,q144248,A,C,1570.0,53.312101910828,10.955414012738,20.191082802547,15.541401273885,,,MULTICHOICE,,Which fraction is equal to m in the equation below? 1/4 ÷ 3 = m,,1/12,Correct.,1/4,Student represented the dividend of the equation.,3/4,"Student multiplied 1/4 by 3 instead of dividing; may have attempted to triple the denominator to represent smaller pieces, but tripled the numerator instead.",12,"Student confused the role of the numerator and denominator of the dividend and multiplied 4/1 by 3 instead of dividing by 3, OR reversed the dividend and divisor and solved 3 ÷ 1/4.",,,,,,,,"Student multiplied 1/4 by 3 instead of dividing; may have attempted to triple the denominator to represent smaller pieces, but tripled the numerator instead.",Compute quotients of a unit fraction and a non-zero whole number
MATH-00393,5,i172809,Interim_eedi,q176709,A,C,478.0,73.849372384937,5.230125523012,11.924686192468,8.995815899581,,,MULTICHOICE,,Which fraction is equal to h in the equation below? 1/5 ÷ 3 = h,,1/15,Correct.,1/3,"Student may have known to multiply by the reciprocal of 3, but selected the divisor of the equation instead of the value of h.",3/5,"Student multiplied 1/5 by 3 instead of dividing; may have attempted to triple the denominator to represent smaller pieces, but tripled the numerator instead.",15,"Student confused the role of the numerator and denominator of the dividend and multiplied 5/1 by 3 instead of dividing by 3, OR reversed the dividend and divisor and solved 3 ÷ 1/5.",,,,,,,,"Student multiplied 1/5 by 3 instead of dividing; may have attempted to triple the denominator to represent smaller pieces, but tripled the numerator instead.",Compute quotients of a unit fraction and a non-zero whole number
MATH-00393,5,i176448,Interim_eedi,q178587,A,C,655.0,57.862595419847,5.954198473282,24.73282442748,11.450381679389,,,MULTICHOICE,,Which of the following is equal to m in the equation below? 1/5 ÷ 2 = m,,1/10,Correct.,1/5,Student represented the dividend of the equation.,2/5,"Student multiplied 1/5 by 2 instead of dividing; may have attempted to double the denominator to represent smaller pieces, but doubled the numerator instead.",10,"Student confused the role of the numerator and denominator of the dividend and multiplied 5/1 by 2 instead of dividing by 2, OR reversed the dividend and divisor and solved 2 ÷ 1/5.",,,,,,,,"Student multiplied 1/5 by 2 instead of dividing; may have attempted to double the denominator to represent smaller pieces, but doubled the numerator instead.",Compute quotients of a unit fraction and a non-zero whole number
MATH-00395,5,i185349,Compass,q188276,D,A,147.0,12.244897959183673,2.7210884353741496,5.442176870748299,79.59183673469387,,,MULTICHOICE,,Solve. 9 ÷ 1/3 = ?,,1/27,Student applied the reciprocal to the dividend instead of the divisor when rewriting the division expression as multiplication.,1/3,"Student applied the reciprocal of both the dividend and the divisor, rather than just the divisor, when rewriting the division expression as multiplication.",3,Student multiplied the whole number by the fraction instead of dividing.,27,Correct.,,,,,,,,Student applied the reciprocal to the dividend instead of the divisor when rewriting the division expression as multiplication.,Compute the quotient of a whole number dividend and a unit fraction divisor
MATH-00395,5,i139062,Interim_eedi,q144254,D,A,38073.0,26.015811730097,9.387229795393,16.365928610826,48.388621858009,,,MULTICHOICE,,Solve. 9 ÷ 1/3 = ?,,1/27,Student reversed the numerator and denominator in the first number instead of the second when changing from division to multiplication.,1/3,"Student reversed the numerator and denominator in both numbers, instead of just the second number, when changing from division to multiplication.",3,Student multiplied 9 x 1/3 instead of dividing.,27,Correct.,,,,,,,,Student reversed the numerator and denominator in the first number instead of the second when changing from division to multiplication.,Compute the quotient of a whole number dividend and a unit fraction divisor
MATH-00395,5,i176449,Interim_eedi,q178588,D,A,657.0,26.940639269406,7.914764079147,21.917808219178,43.226788432267,,,MULTICHOICE,,Solve. 7 ÷ 1/4 = ?,,1/28,Student reversed the numerator and denominator in the first number instead of the second when changing from division to multiplication.,4/7,"Student reversed the numerator and denominator in both numbers, instead of just the second number, when changing from division to multiplication.",7/4,Student multiplied 7 x 1/4 instead of dividing.,28,Correct.,,,,,,,,Student reversed the numerator and denominator in the first number instead of the second when changing from division to multiplication.,Compute the quotient of a whole number dividend and a unit fraction divisor
MATH-00397,5,i185350,Compass,q188277,D,A,147.0,14.965986394557824,4.081632653061225,11.564625850340136,69.38775510204081,,,MULTICHOICE,,Valentina wants to make a set of wooden cutting boards. She has 6 yards of wood and wants to use 1/2 of a yard of wood for each cutting board. How many cutting boards can she build if she uses all of the wood?,,1/12,Student reversed the role of the dividend and the divisor.,1/3,Student took the reciprocal of both numbers when changing from division to multiplication.,3,Student thought the situation required multiplication instead of division.,12,Correct.,,,,,,,,Student reversed the role of the dividend and the divisor.,Solve real-world problems involving division of whole numbers by unit fractions
MATH-00397,5,i112143,Interim_eedi,q103198,D,A,2092.0,30.927342256214,12.476099426386,20.936902485659,35.707456978967,,,MULTICHOICE,,There are 15 boxes of raisins for snack time. A serving size is 1/5 of a box of raisins. How many servings of raisins are there for snack time?,,1/75,Student divided 1/5 by 15 instead of dividing 15 by 1/5.,1/3,Student confused the dividend and divisor and divided 5 by 15 instead of dividing 15 by 1/5.,3,Student multiplied 15 by 1/5 instead of dividing; student confused a context requiring division with one requiring multiplication.,75,Correct.,,,,,,,,Student divided 1/5 by 15 instead of dividing 15 by 1/5.,Solve real-world problems involving division of whole numbers by unit fractions
MATH-00397,5,i139064,Interim_eedi,q144256,D,A,15973.0,30.294872597508,9.159206160395,18.38101796782,42.183684968384,,,MULTICHOICE,,Valentina wants to make a set of wooden cutting boards. She has 6 yards of wood and wants to use 1/2 of a yard of wood for each cutting board. How many cutting boards can she build if she uses all of the wood?,,1/12,Student divided 1/2 by 6; reversed the role of the dividend and the divisor.,1/3,Student took the reciprocal of both numbers when changing from division to multiplication.,3,"Student thought the situation required multiplication, and multiplied 6 by 1/2 instead of dividing.",12,Correct.,,,,,,,,Student divided 1/2 by 6; reversed the role of the dividend and the divisor.,Solve real-world problems involving division of whole numbers by unit fractions
MATH-00397,5,i175341,Interim_eedi,q177950,D,A,13189.0,30.320721813632,7.999090150883,18.098415346121,43.710667980893,,,MULTICHOICE,,"Valentina owns a small business where she makes and sells cutting boards. For her current project, she has 6 yards of wood and wants to use 1/2 of a yard of wood for each cutting board. How many cutting boards can she build if she uses all of the wood?",Image shows an illustration of a person wearing safety goggles and ear protection using a circular saw to cut a piece of wood at a workbench. Tools are visible on a pegboard in the background.,1/12,Student divided 1/2 by 6; reversed the role of the dividend and the divisor.,1/3,Student took the reciprocal of both numbers when changing from division to multiplication.,3,"Student thought the situation required multiplication, and multiplied 6 by 1/2 instead of dividing.",12,Correct.,,,,,,,,Student divided 1/2 by 6; reversed the role of the dividend and the divisor.,Solve real-world problems involving division of whole numbers by unit fractions
MATH-00398,5,i185351,Compass,q188278,A,B,67.0,88.05970149253731,5.970149253731344,,5.970149253731344,,,MULTICHOICE,,"Aniyah has 1/4 of a pint of cat food that she needs to pour equally into 2 bowls. How much cat food, in pints, will be in each bowl?",,1/8,Correct.,1/2,Student thought the situation required multiplication instead of division.,2,Student took the reciprocal of both numbers when rewriting the division expression as multiplication.,8,"Student reversed the dividend and divisor when dividing, OR correctly changed the operation to multiplication but took the reciprocal of the dividend instead of the divisor.",,,,,,,,Student thought the situation required multiplication instead of division.,Solve real-world problems involving division of unit fractions by non-zero whole numbers
MATH-00398,5,i112479,Interim_eedi,q103063,A,C,2119.0,48.843794242567,10.382255781028,26.191599811231,14.629542236904,,,MULTICHOICE,,Susan uses 1/4 of a gallon of wax to make 5 candles. Each candle requires the same amount of wax. How many gallons of wax does Susan use to make each candle?,,1/20,Correct.,4/5,Student divided 4 by 5 instead of dividing 1/4 by 5.,5/4,Student interpreted the context as one requiring multiplication instead of division.,20,Student divided 5 by 1/4 instead of dividing 1/4 by 5.,,,,,,,,Student interpreted the context as one requiring multiplication instead of division.,Solve real-world problems involving division of unit fractions by non-zero whole numbers
MATH-00398,5,i139065,Interim_eedi,q144258,A,B,28441.0,58.83407756408,23.782567420273,7.439963433071,10.059421258042,,,MULTICHOICE,,"Aniyah has 1/4 of a pint of cat food that she needs to pour equally into 2 bowls. How much cat food, in pints, will be in each bowl?",,1/8,Correct.,1/2,Student multiplied instead of dividing 1/4 by 2.,2,Student took the reciprocal of both numbers when changing from division to multiplication.,8,"Student divided 2 by 1/4 instead of dividing 1/4 by 2, OR correctly changed the operation to multiplication, but reversed the numerator and denominator of the first value (1/4) instead of the second.",,,,,,,,Student multiplied instead of dividing 1/4 by 2.,Solve real-world problems involving division of unit fractions by non-zero whole numbers
MATH-00398,5,i178765,Interim_eedi,q180471,D,C,655.0,10.381679389312,8.702290076335,24.885496183206,56.030534351145,,,MULTICHOICE,,"Denise has 1/4 of a gallon of water that she needs to pour equally into 3 glasses. How much water, in gallons, will be in each glass?",,12,"Student divided 3 by 1/4 instead of dividing 1/4 by 3, OR correctly changed the operation to multiplication, but reversed the numerator and denominator of the first value (1/4) instead of the second.",4/3,Student reversed the numerator and denominator of both values when changing 1/4 divided by 3 to multiplication.,3/4,Student multiplied instead of dividing 1/4 by 3.,1/12,Correct.,,,,,,,,Student multiplied instead of dividing 1/4 by 3.,Solve real-world problems involving division of unit fractions by non-zero whole numbers
MATH-00404,5,i185768,Compass,q188818,C,A,35.0,25.714285714285715,14.285714285714286,45.714285714285715,14.285714285714286,,,MULTICHOICE,,"Ms. Filer writes two patterns, as shown below. Pattern Two follows a rule that each number in it is 3 times the corresponding number from Pattern One. Pattern One: 0, 2, 4, 6, 8 ... Pattern Two: 0, 6, 12, 18, 24 ... Which graph correctly plots ordered pairs using Pattern One for the x-values and Pattern Two for the y-values?","Four graphs are shown on coordinate planes. Choice C shows a straight line through the origin with a steep positive slope (slope = 3), correctly representing ordered pairs (0,0), (2,6), (4,12), (6,18), (8,24). Choice A shows a line with slope 1. Choice B shows a line with slope 2. Choice D shows a line with slope that reflects using the change in output values (6) as the multiplier.",[Graph A],Student may have thought that the output increased at the same rate as the input.,[Graph B],Student may have thought that the constant change in the input values given represented the multiplier in the relationship between the input and output values.,[Graph C],Correct.,[Graph D],Student may have thought that the constant change in the output values given represented the multiplier in the relationship between the input and output values.,,,,,,,,Student may have thought that the output increased at the same rate as the input.,Form ordered pairs consisting of corresponding terms from two patterns and graph the ordered pairs on a coordinate plane
MATH-00404,5,i112294,Interim_eedi,q100656,C,A,5234.0,23.614826136797,11.291555215896,55.235001910584,9.896828429499,,,MULTICHOICE,,"Ms. Filer writes two patterns, as shown below. Pattern Two follows a rule that each number in it is 3 times the corresponding number from Pattern One. Pattern One: 0, 2, 4, 6, 8. Pattern Two: 0, 6, 12, 18, 24. Which graph correctly plots ordered pairs using Pattern One for the x-values and Pattern Two for the y-values?","Four coordinate plane graphs. Graph A: y-axis 0-20 x-axis 0-20 points show 1:1 relationship. Graph B: y-axis 0-20 x-axis 0-10 points show 1:2 relationship. Graph C: y-axis 0-30 scaled by 3s x-axis 0-20 scaled by 2s points at (2,6)(4,12)(6,18)(8,24) showing correct 1:3 relationship. Graph D: y-axis 0-30 x-axis 0-10 points show 1:6 relationship.",Graph A: 1:1 relationship,Student chose a graph representing a 1:1 relationship and not a 1:3 relationship.,Graph B: 1:2 relationship,"Student chose a graph representing a 1:2 relationship, perhaps because the x-coordinates are changing by 2 in the table.",Graph C: 1:3 relationship,Correct.,Graph D: 1:6 relationship,"Student chose a graph representing a 1:6 relationship, perhaps because the y-coordinates are changing by 6 in the table.",,,,,,,,Student chose a graph representing a 1:1 relationship and not a 1:3 relationship.,Form ordered pairs consisting of corresponding terms from two patterns and graph the ordered pairs on a coordinate plane
MATH-00406,5,i185769,Compass,q188819,C,D,35.0,14.285714285714286,11.428571428571429,51.42857142857143,22.857142857142858,,,MULTICHOICE,,Which pattern below does not follow the same rule as the other three patterns?,,"2, 4, 8, 16, 32",Student may have thought that the pattern was different because the digits in the ones places do not match the characteristics of the digits in the ones places of the numbers in the other patterns.,"5, 10, 20, 40, 80",Student may have thought that the pattern was different because it is the only pattern that has just one single digit number.,"15, 25, 35, 45, 55",Correct.,"25, 50, 100, 200, 400",Student may have thought that the pattern was different because the numbers are significantly larger than those of the other patterns.,,,,,,,,Student may have thought that the pattern was different because the numbers are significantly larger than those of the other patterns.,Identify apparent relationships between corresponding terms
MATH-00406,5,i111751,Interim_eedi,q100197,C,A,5253.0,18.503712164477,11.878926327812,51.74186179326,17.875499714448,,,MULTICHOICE,,Which pattern below does not follow the same rule as the other three patterns?,,"2, 4, 8, 16, 32","Student chose a pattern that follows the rule of times 2, possibly because the pattern is the only sequence that has digits other than zero or 5 in the ones place.","5, 10, 20, 40, 80",Student chose a pattern that follows the rule of times 2.,"15, 25, 35, 45, 55",Correct.,"25, 50, 100, 200, 400","Student chose a pattern that follows the rule of times 2, possibly because the pattern includes numbers that are significantly larger than those of the other sequences.",,,,,,,,"Student chose a pattern that follows the rule of times 2, possibly because the pattern is the only sequence that has digits other than zero or 5 in the ones place.",Identify apparent relationships between corresponding terms
MATH-02602,5,i112347,Interim_eedi,q103257,B,A,14151.0,26.817892728429,52.646456080842,11.730619744187,8.932230937742,,,MULTICHOICE,,Which number is 10 times the value of the 5 in 28.915?,,0.005,Student chose the place value of the 5 instead of multiplying 0.005 by 10.,0.05,Correct.,0.5,Student multiplied 0.005 by 100 instead of 10; student chose an answer with the 5 in the tenths place.,50,Student multiplied the 5 by 10 instead of the place value of the 5 by 10.,,,,,,,,Student chose the place value of the 5 instead of multiplying 0.005 by 10.,"Recognize that in a multi-digit number (including decimals), a digit in one place represents ten times what it represents in the place to its right"
MATH-02602,5,i129707,Interim_eedi,q125258,C,A,36146.0,21.709179438942,20.591490068057,43.094671609583,14.859182205499,,,MULTICHOICE,,Which number is 10 times the value of the 4 in 283.47?,,0.04,Student chose a number representing 1/10 of 0.4 instead of 10 times 0.4.,0.4,Student chose the place value of the digit 4 instead of 10 times its place value.,4,Correct.,40,Student chose a number that is 10 times the digit 4 instead of 10 times 0.4.,,,,,,,,Student chose a number representing 1/10 of 0.4 instead of 10 times 0.4.,"Recognize that in a multi-digit number (including decimals), a digit in one place represents ten times what it represents in the place to its right"
MATH-02602,5,i171599,Interim_eedi,q175763,D,C,6289.0,4.976943870249,4.627126729209,30.338686595643,60.104945142311,,,MULTICHOICE,,"Which number is 10 times the value of the 4 in 24,837?",,40,"Student chose a number that is 10 times the digit 4 instead of 10 times 4,000.",400,"Student chose a number representing 1/10 of 4,000 instead of 10 times 4,000.","4,000",Student chose the place value of the digit 4 instead of 10 times its place value.,"40,000",Correct.,,,,,,,,Student chose the place value of the digit 4 instead of 10 times its place value.,"Recognize that in a multi-digit number (including decimals), a digit in one place represents ten times what it represents in the place to its right"
MATH-02602,5,i178046,Interim_eedi,q179851,C,A,616.0,30.357142857142,23.863636363636,38.474025974025,7.305194805194,,,MULTICHOICE,,Which number is 10 times the value of the 5 in 263.95?,,0.005,Student chose a number representing 1/10 of 0.05 instead of 10 times 0.05.,0.05,Student chose the value of the digit in its current place value instead of 10 times the value of the digit in its current place value.,0.5,Correct.,50,Student chose a number that is 10 times the digit 5 instead of 10 times 0.05.,,,,,,,,Student chose a number representing 1/10 of 0.05 instead of 10 times 0.05.,"Recognize that in a multi-digit number (including decimals), a digit in one place represents ten times what it represents in the place to its right"
MATH-00407,6,i129613,Interim_eedi,q125146,C,B,22308.0,11.708804016496,27.837547068316,53.393401470324,7.114039806347,,,MULTICHOICE,,Which expression is equivalent to the one below? 8 × 8 × 9 × 9 × 9 × 9,,2^8 × 4^9,Student confused the roles of the base and the exponent.,8^2 + 9^4,"Student understood the roles of the base and exponent, but added instead of multiplying.",8^2 × 9^4,Correct.,2(8) × 4(9),Student multiplied the digits in the expression by the number of times they appeared and then multiplied the products.,,,,,,,,"Student understood the roles of the base and exponent, but added instead of multiplying.","Write numerical expressions involving whole-number exponents in the form a^b, where a and b are non-zero whole numbers"
MATH-00408,6,i129611,Interim_eedi,q125144,D,B,22172.0,23.73263575681,28.084972036803,10.702688075049,37.538336640808,,,MULTICHOICE,,Which value is equivalent to the expression below? (2/3)^3,,6/3,Student multiplied the numerator by the exponent (3) and kept the denominator the same.,6/9,Student multiplied the numerator and denominator by the exponent (3).,8/3,Student only cubed the numerator.,8/27,Correct.,,,,,,,,Student multiplied the numerator and denominator by the exponent (3).,"Evaluate numerical expressions involving whole-number exponents, including fractions and decimals raised to whole-number exponents"
MATH-00411,6,i185088,Compass,q187902,C,A,113.0,18.58407079646018,15.929203539823009,55.75221238938053,9.734513274336283,,,MULTICHOICE,,"Which expression represents the phrase below? the product of 13 and the sum of a number, n, and 32",,13 + 32n,"Student confused the definitions of ""product"" and ""sum.""",13n + 32,Student wrote the terms and operations in the order they appear in the phrase.,13(n + 32),Correct.,13 ÷ (n + 32),"Student represented the term ""product"" with division.",,,,,,,,"Student confused the definitions of ""product"" and ""sum.""",Identify an expression that records operations with numerical values and with letters standing for numbers for a given phrase
MATH-00413,6,i185007,Compass,q187798,AB,D,111.0,72.97297297297297,50.450450450450454,25.225225225225227,32.432432432432435,9.00900900900901,,MULTISELECT,,Which phrases are equivalent to y - 6? Select all that apply.,,a number minus 6,Correct.,6 less than a number,Correct.,6 decreased by a number,Student switched the subtrahend and the minuend.,a number taken away from 6,Student switched the subtrahend and the minuend.,the quotient of a number and 6,"Student thought that the term ""quotient"" refers to subtraction.",,,,,,Student switched the subtrahend and the minuend.,"Identify a phrase that describes a given expression with operations, numerical values and with letters standing for numbers"
MATH-00416,6,i185008,Compass,q187799,C,A,113.0,21.238938053097346,21.238938053097346,39.823008849557525,17.699115044247787,,,MULTICHOICE,,Evaluate the expression below when x = 2 and z = 12. z + 5x^3,,25,Student evaluated the exponent correctly but then added the coefficient instead of multiplying.,42,Student evaluated the exponent by multiplying the exponent and the base together.,52,Correct.,"1,012",Student performed order of operations incorrectly and multiplied before performing exponentiation.,,,,,,,,Student evaluated the exponent correctly but then added the coefficient instead of multiplying.,Evaluate expressions at specific values of their variables in mathematical contexts
MATH-00416,6,i139103,Interim_eedi,q144338,C,D,17163.0,18.889471537609,20.783079881139,37.64493386937,22.711647147934,,,MULTICHOICE,,Evaluate the expression below when x = 2 and z = 12. z + 5x^3,,25,Student evaluated x^3 correctly but then added the 5 and 8 rather than multiplied and added to 12.,42,Student evaluated the exponent incorrectly by multiplying 3 times 2.,52,Correct.,"1,012","Student performed the order of operations incorrectly, multiplying 5 x 2 first, cubing the answer, and then adding 12.",,,,,,,,"Student performed the order of operations incorrectly, multiplying 5 x 2 first, cubing the answer, and then adding 12.",Evaluate expressions at specific values of their variables in mathematical contexts
MATH-00417,6,i185009,Compass,q187800,A,C,111.0,56.75675675675676,16.216216216216218,18.01801801801802,9.00900900900901,,,MULTICHOICE,,"The formula for the volume of a cube is V = s^3, where s is the length of one side of the cube. If s = 1/3 of a unit, what is the volume, in cubic units, of the cube?",,1/27,Correct.,1/9,Student evaluated a cube of a fraction by squaring the number instead.,3/9,Student evaluated a cube of a fraction by multiplying both the numerator and denominator by 3.,1,Student evaluated a cube of a fraction by multiplying the fraction by 3.,,,,,,,,Student evaluated a cube of a fraction by multiplying both the numerator and denominator by 3.,Evaluate expressions at specific values of their variables in real-world contexts
MATH-00417,6,i139102,Interim_eedi,q144337,A,B,30447.0,43.498538443853,23.197687785331,22.517817847406,10.894340985975,,,MULTICHOICE,,"The formula for the volume of a cube is V = s^3, where s is the length of one side of the cube. If s = 1/3 of a unit, what is the volume, in cubic units, of the cube?",,1/27,Correct.,1/9,"Student evaluated s^2 instead of s^3, OR student multiplied the denominator (3) by 3.",3/9,Student evaluated s^3 by multiplying the numerator (1) by 3 and the denominator (3) by 3.,1,Student evaluated s^3 by multiplying (1/3) by 3.,,,,,,,,"Student evaluated s^2 instead of s^3, OR student multiplied the denominator (3) by 3.",Evaluate expressions at specific values of their variables in real-world contexts
MATH-00419,6,i112483,Interim_eedi,q100667,D,B,5053.0,16.188402928953,21.650504650702,19.473580051454,42.707302592519,,,MULTICHOICE,,Which expression is equivalent to 3(3x + 8)?,,33x,"Student incorrectly combined the unlike terms 3x and 8 to get 11x, and then multiplied 3 by 11x.",3x + 11,Student added the number outside the parentheses to the constant inside the parentheses.,9x + 8,Student applied the distributive property incorrectly by multiplying 3 by only the first term inside the parentheses.,9x + 24,Correct.,,,,,,,,Student added the number outside the parentheses to the constant inside the parentheses.,Apply the distributive property to expand simple expressions
MATH-00419,6,i177987,Interim_eedi,q179737,D,C,712.0,16.29213483146,18.679775280898,26.404494382022,38.623595505617,,,MULTICHOICE,,Which expression is equivalent to 4(4x + 6)?,,40x,"Student incorrectly combined the unlike terms 4x and 6 to get 10x, and then multiplied 4 by 10x.",4x + 10,Student added the number outside the parentheses to the constant inside the parentheses.,16x + 6,Student applied the distributive property incorrectly by multiplying 4 by only the first term inside the parentheses.,16x + 24,Correct.,,,,,,,,Student applied the distributive property incorrectly by multiplying 4 by only the first term inside the parentheses.,Apply the distributive property to expand simple expressions
MATH-00425,6,i112443,Interim_eedi,q100663,B,A,22559.0,36.029965867281,42.160556762267,12.026242297974,9.836428919721,,,MULTICHOICE,,Which two expressions are equivalent? 1. b + b + b + b  2. b^4  3. b + 4  4. 4b,,1 and 2,Student confused addition of variables with multiplication of variables.,1 and 4,Correct.,2 and 3,Student confused adding a constant with an exponent.,3 and 4,Student confused the constant of 4 with the coefficient.,,,,,,,,Student confused addition of variables with multiplication of variables.,Determine whether expressions are equivalent using the properties of operations to simplify or expand expressions
MATH-00425,6,i112889,Interim_eedi,q107807,CD,A,22735.0,44.649219265449,20.818121838574,51.977127776555,56.938640862106,23.41323949857,,MULTISELECT,,Which expressions are equivalent to the expression below? (m + 5) + (m + 5)  Select all that apply.,,m + 10,"Student combined the two constants, but did not combine the two coefficients; perhaps rewrote m instead of counting the coefficient of m as 1.",2m + 5,Student combined both m's to get 2m but did not combine the 5s.,2m + 10,Correct.,2(m + 5),Correct.,5(m + 2),Student switched the quantity of terms (2) with the constant (5).,,,,,,"Student combined the two constants, but did not combine the two coefficients; perhaps rewrote m instead of counting the coefficient of m as 1.",Determine whether expressions are equivalent using the properties of operations to simplify or expand expressions
MATH-00429,6,i130557,Interim_eedi,q126176,B,A,23522.0,37.296998554544,38.253549868208,13.859365700195,10.653855964628,,,MULTICHOICE,,Jackson has h hats. Davonte has half as many hats as Jackson. Princeton has 5 hats. Which expression can be used to find the number of hats they have in total?,,h + 1/2 + 5,Student expressed the number of Davonte's hats as 1/2 instead of 1/2 times h.,h + h/2 + 5,Correct.,h + 2h + 5,"Student interpreted 'half as many' to mean 'twice as many,' OR thought that 1/2 times h is equivalent to 2 times h.",h + 1/2 h - 5,Student subtracted the number of Princeton's hats instead of adding.,,,,,,,,Student expressed the number of Davonte's hats as 1/2 instead of 1/2 times h.,Solve a real-world problem by writing an expression with variables to represent the situation
MATH-00429,6,i130558,Interim_eedi,q126177,A,C,27634.0,65.176955923861,11.735543171455,12.980386480422,10.186726496345,,,MULTICHOICE,,"Jackie bought 6 books for b dollars each and 3 magazines for m dollars each. Which expression represents the total amount, in dollars, she spent on books and magazines?",,6b + 3m,Correct.,6m + 3b,Student chose an expression in which the variables are interchanged.,(6b)(3m),Student chose an expression in which the costs are multiplied instead of added.,6 + b + 3 + m,Student chose an expression in which all values and variables are added together; perhaps read the word 'total' to mean addition only.,,,,,,,,Student chose an expression in which the costs are multiplied instead of added.,Solve a real-world problem by writing an expression with variables to represent the situation
MATH-00431,6,i137888,Interim_eedi,q142278,B,D,27381.0,15.956320075965,46.981483510463,17.475621781527,19.645009313027,,,MULTICHOICE,,Which situation can be represented by the expression below? 12x + 10,,A person drives 12 miles each day for 10 days.,"Student did not account for the variable, and multiplied the coefficient by the constant.",A person runs x miles at a rate of 12 minutes per mile then walks for 10 minutes.,Correct.,A person drives 12 miles plus 10 miles for each additional hour they drive.,Student switched the coefficient of x and the constant.,"A person runs 12 miles the first day, x miles the second day, and 10 miles the third day.",Student chose a situation that represents addition of the three values; represented 12 as a constant rather than a coefficient in the given expression.,,,,,,,,Student chose a situation that represents addition of the three values; represented 12 as a constant rather than a coefficient in the given expression.,Create a real-world situation to represent an expression using variables to represent numbers
MATH-00435,6,i131102,Compass,q127175,B,C,129.0,10.077519379844,45.736434108527,28.682170542635,15.503875968992,,,MULTICHOICE,,"Jordan mows lawns to make money. He earns $65 for every lawn, l, that he mows. Last week, he earned a total of $390 mowing lawns. Which equation represents Jordan's situation?",,390l = 65,Student switched the coefficient with the product.,390 ÷ l = 65,Correct.,65 + l = 390,Student interpreted the coefficient (unit rate for mowing a lawn) as a constant and represented the total amount earned (390) as the sum.,65 ÷ l = 390,"Student switched the dividend with the quotient, OR identified the incorrect operation (division instead of multiplication).",,,,,,,,Student interpreted the coefficient (unit rate for mowing a lawn) as a constant and represented the total amount earned (390) as the sum.,"Represent real-world problems by writing equations in the form px = q for cases in which p, q, and x are all nonnegative rational numbers"
MATH-00435,6,i185734,Compass,q188781,A,C,195.0,65.12820512820512,7.6923076923076925,23.58974358974359,3.58974358974359,,,MULTICHOICE,,"Marie sells plants. She charges $6.25 for every plant, p, that she sells. On Saturday, she collected a total of $75 selling plants. Which equation represents Marie's situation?",,6.25p = 75,Correct.,75p = 6.25,"Student confused the placement of the coefficient and the product, reversing the structure of the equation.",6.25 + p = 75,Student interpreted the coefficient as a constant and modeled the situation as a sum instead of a product.,6.25 + 75 = p,"Student interpreted both the rate and the total as constants and added them to find the value of the variable, instead of modeling the situation with multiplication.",,,,,,,,Student interpreted the coefficient as a constant and modeled the situation as a sum instead of a product.,"Represent real-world problems by writing equations in the form px = q for cases in which p, q, and x are all nonnegative rational numbers"
MATH-00437,6,i185735,Compass,q188782,A,C,206.0,50.0,13.592233009708737,25.728155339805824,10.679611650485437,,,MULTICHOICE,,Solve for x. 4/5 = 3x,,4/15,Correct.,5/12,"Student applied the inverse operation using incorrect values, multiplying the reciprocal of the coefficient by the reciprocal of the constant.",2 2/5,Student multiplied the coefficient and constant directly instead of isolating the variable by dividing.,3 3/4,"Student attempted to isolate the variable but used the reciprocal of the coefficient with the constant, rather than dividing the constant by the coefficient.",,,,,,,,Student multiplied the coefficient and constant directly instead of isolating the variable by dividing.,"Solve mathematical problems by solving equations in the form px = q for cases in which p, q, and x are all nonnegative rational numbers"
MATH-00437,6,i112246,Interim_eedi,q100187,D,B,2670.0,16.404494382022,20.224719101123,13.445692883895,49.962546816479,,,MULTICHOICE,,Solve for x. 0.8x = 3.4,,2.6,Student subtracted 0.8 from 3.4 instead of dividing; possibly thought subtraction was the inverse operation of multiplication.,2.72,Student multiplied 3.4 by 0.8 instead of dividing 3.4 by 0.8; did not use the inverse operation to solve.,4.2,"Student added 0.8 to 3.4 instead of dividing; possibly thought addition was the inverse operation of multiplication, OR student did not complete the division.",4.25,Correct.,,,,,,,,Student multiplied 3.4 by 0.8 instead of dividing 3.4 by 0.8; did not use the inverse operation to solve.,"Solve mathematical problems by solving equations in the form px = q for cases in which p, q, and x are all nonnegative rational numbers"
MATH-00437,6,i131100,Interim_eedi,q127172,A,D,128.0,40.625,11.71875,20.3125,27.34375,,,MULTICHOICE,,Solve for x. 4/5 = 3x,,4/15,Correct.,5/12,Student solved for x by multiplying the reciprocal of 4/5 by 1/3.,2 2/5,Student solved for x by multiplying 4/5 by 3.,3 3/4,Student solved for x by multiplying the reciprocal of 4/5 by 3.,,,,,,,,Student solved for x by multiplying the reciprocal of 4/5 by 3.,"Solve mathematical problems by solving equations in the form px = q for cases in which p, q, and x are all nonnegative rational numbers"
MATH-00437,6,i177988,Interim_eedi,q179738,A,C,718.0,49.442896935933,17.130919220055,24.373259052924,9.052924791086,,,MULTICHOICE,,Solve for x. 2/3 = 5x,,2/15,Correct.,3/10,Student solved for x by multiplying the reciprocal of 2/3 by 1/5.,3 1/3,Student solved for x by multiplying 2/3 by 5.,7 1/2,Student solved for x by multiplying the reciprocal of 2/3 by 5.,,,,,,,,Student solved for x by multiplying 2/3 by 5.,"Solve mathematical problems by solving equations in the form px = q for cases in which p, q, and x are all nonnegative rational numbers"
MATH-00438,6,i185746,Compass,q188793,C,D,199.0,6.030150753768845,5.527638190954774,75.37688442211055,13.06532663316583,,,MULTICHOICE,,Tania has been invited to a conference for students interested in careers in science and technology. She is on a 43.6 mile train ride to get from the city she lives in to the conference. The train has 14.3 more miles to travel before arriving at the conference. How many miles has the train already traveled?,,3.05,Student misinterpreted the context as requiring division instead of subtraction.,28.6,Student used addition as the inverse operation instead of subtraction.,29.3,Correct.,57.9,"Student misinterpreted the context and doubled the amount remaining, potentially attempting to use an estimation strategy.",,,,,,,,"Student misinterpreted the context and doubled the amount remaining, potentially attempting to use an estimation strategy.","Solve real-world problems by solving equations in the form x + p = q for cases in which p, q, and x are all nonnegative rational numbers"
MATH-00438,6,i171821,Interim_eedi,q175984,A,D,9243.0,50.362436438385,16.358325219084,13.383100724872,19.896137617656,,,MULTICHOICE,,"Tania is on a 43.6 mile train ride to get from the city she lives in to her destination. The train has 14.3 more miles to travel before arriving at Tania's destination. Which equation and solution correctly represent how many miles, m, the train has already traveled?",,m + 14.3 = 43.6 and m = 29.3,Correct.,m + 43.6 = 14.3 and m = 29.3,"Student switched the sum (43.6) with the distance left to travel (14.3) and attempted to solve for m; may have subtracted 43.6 from 14.3 to solve for m and wrote the difference as positive, OR may have reversed the order of the minuend and subtrahend.",m + 14.3 = 43.6 and m = 57.9,"Student chose a correct equation, but used addition as the inverse operation instead of subtraction.",43.6 + 14.3 = m and m = 57.9,Student switched the sum (43.6) with the distance already traveled (m) and solved for m.,,,,,,,,Student switched the sum (43.6) with the distance already traveled (m) and solved for m.,"Solve real-world problems by solving equations in the form x + p = q for cases in which p, q, and x are all nonnegative rational numbers"
MATH-00438,6,i175345,Interim_eedi,q177954,A,D,9630.0,50.020768431983,15.150571131879,13.001038421599,21.879543094496,,,MULTICHOICE,,"Tania has been invited to a conference for students interested in careers in science and technology. She is on a 43.6 mile train ride to get from the city she lives in to the conference. The train has 14.3 more miles to travel before arriving at the conference. Which equation and solution correctly represent how many miles, m, the train has already traveled?",,m + 14.3 = 43.6 and m = 29.3,Correct.,m + 43.6 = 14.3 and m = 29.3,"Student switched the sum (43.6) with the distance left to travel (14.3) and attempted to solve for m; may have subtracted 43.6 from 14.3 to solve for m and wrote the difference as positive, OR may have reversed the order of the minuend and subtrahend.",m + 14.3 = 43.6 and m = 57.9,"Student chose a correct equation, but used addition as the inverse operation instead of subtraction.",43.6 + 14.3 = m and m = 57.9,Student switched the sum (43.6) with the distance already traveled (m) and solved for m.,,,,,,,,Student switched the sum (43.6) with the distance already traveled (m) and solved for m.,"Solve real-world problems by solving equations in the form x + p = q for cases in which p, q, and x are all nonnegative rational numbers"
MATH-00440,6,i111771,Interim_eedi,q100131,B,C,1599.0,9.756097560975,42.526579111944,26.07879924953,21.701063164477,,,MULTICHOICE,,Riley needs to spend less than $250 a month on groceries to stay on budget. She has already spent $175 this month. Which graph best represents the amounts of money Riley could spend next time she goes grocery shopping this month?,Four number line graphs. A: open circle at 75 arrow pointing right range 25-125. B: open circle at 75 arrow pointing left range 25-125. C: open circle at 175 arrow pointing right range 125-225. D: open circle at 250 arrow pointing left range 200-300.,Graph A: open circle at 75 shaded right,Student chose a graph representing more than 75 instead of less than 75.,Graph B: open circle at 75 shaded left,Correct.,Graph C: open circle at 175 shaded right,Student chose a graph representing more than 175; possibly confused because she has more money to spend to get to 250.,Graph D: open circle at 250 shaded left,Student chose a graph representing Riley's budget for a month; ignored the 175 and represented less than 250.,,,,,,,,Student chose a graph representing more than 175; possibly confused because she has more money to spend to get to 250.,Represent solutions of inequalities in the form x > c or x < c on number line diagrams
MATH-00440,6,i138725,Interim_eedi,q143596,C,D,20788.0,20.535886088127,21.863575139503,31.941504714258,25.716759669039,,,MULTICHOICE,,"The number line below represents how much money, in dollars, each person commits to spending in one week. Which statement best describes the amount of money that each person commits to spending?",Number line labeled Money in dollars ranging from 40 to 100 with marks at 40 50 60 70 80 90 100. An open circle is at 70 with the line bolded and shaded to the left past 40 indicating all values less than 70.,Each person commits to spending exactly $70.,Student interpreted the open circle as inclusive and did not take the shading of the line into account.,Each person commits to spending at least $70.,Student interpreted at least to mean all values less than $70 or all values less than and including $70; may have interpreted the open circle as inclusive.,Each person commits to spending less than $70.,Correct.,Each person commits to spending between $40 and $70.,Student did not recognize that the inequality has infinitely many solutions; thought that since 40 is the smallest defined point on the bolded line the solution includes any number within the range of $40-$70.,,,,,,,,Student did not recognize that the inequality has infinitely many solutions; thought that since 40 is the smallest defined point on the bolded line the solution includes any number within the range of $40-$70.,Represent solutions of inequalities in the form x > c or x < c on number line diagrams
MATH-00441,6,i138709,Interim_eedi,q143549,B,D,19762.0,9.366460884525,59.882602975407,9.594170630502,21.192187025604,,,MULTICHOICE,,Which graph represents the inequality x < -1?,Four number line graphs ranging from -4 to 4. Graph A: open circle at 1 arrow pointing left. Graph B: open circle at -1 arrow pointing left (correct). Graph C: open circle at 1 arrow pointing right. Graph D: open circle at -1 arrow pointing right.,Graph A: open circle at 1 shaded left,Student ignored the negative sign and represented x < 1.,Graph B: open circle at -1 shaded left,Correct.,Graph C: open circle at 1 shaded right,Student ignored the negative sign and confused a graph that represents greater than with a graph that represents less than.,Graph D: open circle at -1 shaded right,Student confused a graph that represents greater than with a graph that represents less than.,,,,,,,,Student confused a graph that represents greater than with a graph that represents less than.,Write inequalities in the form x > c  or x < c to represent a constraint or condition in a mathematical problem
MATH-00442,6,i111691,Interim_eedi,q110725,BC,D,1613.0,16.800991940483,68.815871047737,64.228146311221,20.024798512089,18.598884066955,,MULTISELECT,,Which situations are most accurately represented by the inequality below? x > 60  Select all that apply.,,Reginald spent $60.,Student selected a situation represented by x is equal to 60.,Kevin earned more than $60.,Correct.,The bike path is longer than 60 miles.,Correct.,Vanna read for less than 60 minutes last night.,Student selected a situation represented by x is less than 60.,Yolanda drove at least 60 miles during her trip.,Student selected a situation represented by x is greater than or equal to 60; did not recognize that she may have driven only 60 miles.,,,,,,Student selected a situation represented by x is less than 60.,Write inequalities in the form x > c  or x < c to represent a constraint or condition in a real-world problem
MATH-00442,6,i138708,Interim_eedi,q143548,D,C,124.0,15.322580645161,15.322580645161,17.74193548387,51.612903225806,,,MULTICHOICE,,"A teacher wrote the inequality below to represent the number of students, s, that are in each classroom. s > 26. Which situation is correctly represented by the inequality?",,There are at least 26 students in each classroom.,Student selected a situation that can be represented by s is greater than or equal to 26; may have thought that 26 was a solution to the inequality.,There are at most 26 students in each classroom.,Student selected a situation that can be represented by s is less than or equal to 26; possibly confused at most with greater than.,There are less than 26 students in each classroom.,Student selected a situation that can be represented by s is less than 26; possibly confused the less than and greater than symbols.,There are more than 26 students in each classroom.,Correct.,,,,,,,,Student selected a situation that can be represented by s is less than 26; possibly confused the less than and greater than symbols.,Write inequalities in the form x > c  or x < c to represent a constraint or condition in a real-world problem
MATH-00442,6,i177989,Interim_eedi,q179739,C,B,724.0,16.850828729281,22.237569060773,39.779005524861,21.132596685082,,,MULTICHOICE,,"Jordan wrote the inequality below to represent the number of miles, m, he drives to work each day. m < 20. Which situation is correctly represented by the inequality?",,Jordan drives at least 20 miles.,Student selected a situation that can be represented by m is greater than or equal to 20; possibly confused at least with less than.,Jordan drives at most 20 miles.,Student selected a situation that can be represented by m is less than or equal to 20; possibly confused the less than and less than or equal to symbols.,Jordan drives less than 20 miles.,Correct.,Jordan drives more than 20 miles.,Student selected a situation that can be represented by m is greater than 20; possibly confused the less than and greater than symbols.,,,,,,,,Student selected a situation that can be represented by m is less than or equal to 20; possibly confused the less than and less than or equal to symbols.,Write inequalities in the form x > c  or x < c to represent a constraint or condition in a real-world problem
MATH-00444,6,i185736,Compass,q188783,BCE,D,195.0,28.71794871794872,53.333333333333336,47.69230769230769,38.97435897435897,36.92307692307692,,MULTISELECT,,"A group of people are fundraising, and each person raises a certain amount of money for every mile they walk. Each person's fundraising is represented below using d for the dollars that person raises and w for the miles that person walks. Select all the representations that can be described by the equation d = 2w.","Image shows five representations (Anya, Beau, Chloe, Davi, and Ella) of fundraising data: Anya's as a graph, Beau's as a table, Chloe's as an equation, Davi's as a table, and Ella's as a graph. Beau's table shows d = 2w, Chloe's equation states d = 2w, and Ella's graph shows a line through the origin with slope 2.",Anya's Fundraising,"Student reversed the roles of the independent and dependent variables, selecting a graphical representation that shows the opposite relationship of the given equation.",Beau's Fundraising,Correct.,Chloe's Fundraising,Correct.,Davi's Fundraising,"Student chose a table where the given equation appears to apply to some values but not all, OR used repeated addition instead of verifying a consistent multiplicative relationship.",Ella's Fundraising,Correct.,,,,,,"Student chose a table where the given equation appears to apply to some values but not all, OR used repeated addition instead of verifying a consistent multiplicative relationship.",Analyze the relationship between dependent and independent variables using graphs and tables and relate to an equation
MATH-00444,6,i114400,Interim_eedi,q102799,A,D,1752.0,43.093607305936,16.095890410958,17.579908675799,23.230593607305,,,MULTICHOICE,,"Ms. Zacoum graphs how long it takes her car to reach certain speeds, where s represents the speed in miles per hour, and t represents the time in seconds. Which equation correctly represents the graph above?",Line graph titled Car Speed Over Time with x-axis labeled Time in seconds (0-5) and y-axis labeled Speed in miles per hour (0-60). A straight line through the origin reaches approximately 50 mph at 5 seconds indicating speed increases by 10 mph per second.,s = 10t,Correct.,s = t + 10,Student confused a constant with a coefficient.,s = t/10,Student represented the relationship between time and speed as a quotient rather than a product; may have reversed the variables.,t = 10s,Student switched the independent and dependent variables.,,,,,,,,Student switched the independent and dependent variables.,Analyze the relationship between dependent and independent variables using graphs and tables and relate to an equation
MATH-00444,6,i175343,Interim_eedi,q177952,BCE,A,10080.0,35.337301587301,45.267857142857,49.603174603174,33.055555555555,55.039682539682,,MULTISELECT,,A group of students are fundraising for a new computer lab in their school and each student raises a certain amount of money for every chocolate bar they sell. Each student's fundraising is represented using d for dollars raised and c for chocolate bars sold. Select all representations that can be described by the equation d = 3c.,"Five fundraising representations. Graph A (Alejandro): axes 0-10 points suggest c=3d. Graph B (Beverly): axes 0-10 points suggest d=3c. Table C (Charlie): c values 0,2,4,6 with d values 0,6,12,18 showing d=3c. Table D (Dolores): c values 0,4,7,10 with d values 0,12,15,18 where only first two rows match d=3c. Ordered pairs E (Erika): (0,0)(3,9)(7,21)(11,33) showing d=3c.",Alejandro's Fundraising,Student switched the independent and dependent variable and chose a graph that represents c = 3d.,Beverly's Fundraising,Correct.,Charlie's Fundraising,Correct.,Dolores's Fundraising,"Student chose a table where d = 3c applies to the first two rows but does not apply to the last two rows, OR chose a table where the independent and dependent variables each increase by 3 after the second row.",Erika's Fundraising,Correct.,,,,,,Student switched the independent and dependent variable and chose a graph that represents c = 3d.,Analyze the relationship between dependent and independent variables using graphs and tables and relate to an equation
MATH-00445,6,i185737,Compass,q188784,A,B,195.0,23.076923076923077,38.97435897435897,29.743589743589745,8.205128205128204,,,MULTICHOICE,,"Melody is reading a book. The number of hours she spends reading and the number of pages she reads are shown in the table below. Which equation represents the relationship between the number of hours, h, Melody spends reading and the number of pages, p, that she reads? (Table: h=1, p=30; h=2, p=60; h=3, p=90)",,p = 30/h,"Student modeled the relationship as division rather than multiplication, or selected an equation that fit only one data point.",p = 30h,Correct.,h = 30p,"Student reversed the dependent and independent variables, misunderstanding which quantity depends on the other.",h = p + 30,Student reversed the variables and confused a coefficient with a constant when modeling the relationship.,,,,,,,,Correct.,Represent a real-world situation by writing an equation that expresses the dependent variable in terms of the independent variable
MATH-00445,6,i114443,Interim_eedi,q102798,C,B,7643.0,20.397749574774,36.163810022242,31.584456365301,12.115661389506,,,MULTICHOICE,,"Benjamin types for different amounts of time, t. He rounds the number of words he types, w, to the nearest ten, and records this information in the table below. Time (t) in minutes: 2, 3, 5. Number of Words (w): 60, 90, 150. Which equation represents the relationship between t and w?","Table with two rows. Time (t) in minutes: 2, 3, 5. Number of Words (w): 60, 90, 150.",t = 30/w,"Student tried to represent the situation in terms of t but switched the dividend and the divisor, OR student switched the independent and dependent variables and represented the product as a quotient.",t = 30w,Student switched the independent and dependent variables.,w = 30t,Correct.,w = t + 30,Student represented the change in number of words typed for 2 and 3 minutes as the constant.,,,,,,,,Student switched the independent and dependent variables.,Represent a real-world situation by writing an equation that expresses the dependent variable in terms of the independent variable
MATH-00445,6,i162181,Interim_eedi,q168543,C,A,24118.0,34.132183431461,24.168670702379,29.716394394228,12.073969649224,,,MULTICHOICE,,"Which equation represents the relationship between the independent variable, x, and the dependent variable, y?",,x = 4y,Student switched the independent and dependent variables in the equation.,x = y + 4,Student switched the independent and dependent variables and represented the coefficient as a constant.,y = 4x,Correct.,y = x + 4,Student represented the coefficient as a constant.,,,,,,,,Student switched the independent and dependent variables in the equation.,Represent a real-world situation by writing an equation that expresses the dependent variable in terms of the independent variable
MATH-00445,6,i162474,Interim_eedi,q168876,BCE,A,16833.0,34.129388700766,42.113705221885,48.280163963642,32.180835264064,52.028753044614,,MULTISELECT,,A group of people are fundraising and each person raises a certain amount of money for every chocolate bar they sell. Each person's fundraising is represented using d for dollars raised and c for chocolate bars sold. Select all representations that can be described by the equation d = 3c.,"Five fundraising representations. Graph A (Alejandro): axes 0-10 points suggest c=3d. Graph B (Beverly): axes 0-10 points at approximately (2,6) and (4,9) suggest d=3c. Table C (Charlie): c values 0,2,4,6 with d values 0,6,12,18 showing d=3c. Table D (Dolores): c values 0,4,7,10 with d values 0,12,15,18 where only first two rows match d=3c. Ordered pairs E (Erika): (0,0)(3,9)(7,21)(11,33) showing d=3c.",Alejandro's Fundraising,Student switched the independent and dependent variable and chose a graph that represents c = 3d.,Beverly's Fundraising,Correct.,Charlie's Fundraising,Correct.,Dolores's Fundraising,"Student chose a table where d = 3c applies to the first two rows but does not apply to the last two rows, OR chose a table where the independent and dependent variables each increase by 3 after the second row.",Erika's Fundraising,Correct.,,,,,,Student switched the independent and dependent variable and chose a graph that represents c = 3d.,Represent a real-world situation by writing an equation that expresses the dependent variable in terms of the independent variable
MATH-00445,6,i175344,Interim_eedi,q177953,C,B,1038.0,25.722543352601,33.718689788053,26.107899807321,14.450867052023,,,MULTICHOICE,,"Bojan is typing an essay to apply for a college scholarship. Bojan types for different amounts of time, t. He rounds the number of words he types, w, to the nearest ten, and records this information in the table below. Time (t) in minutes: 2, 3, 5. Number of Words (w): 80, 120, 200. Which equation represents the relationship between t and w?","Table with two rows. Time (t) in minutes: 2, 3, 5. Number of Words (w): 80, 120, 200.",t = 40 divided by w,"Student tried to represent the situation in terms of t but switched the dividend and the divisor, OR student switched the independent and dependent variables and represented the product as a quotient.",t = 40w,Student switched the independent and dependent variables.,w = 40t,Correct.,w = t + 40,Student represented the change in number of words typed for 2 and 3 minutes as the constant.,,,,,,,,Student switched the independent and dependent variables.,Represent a real-world situation by writing an equation that expresses the dependent variable in terms of the independent variable
MATH-00446,6,i185738,Compass,q188785,D,A,201.0,38.80597014925373,7.462686567164179,9.45273631840796,44.27860696517413,,,MULTICHOICE,,"Tom is planting a garden. Each day, he plants 4 new flowers. Which graph represents the total number of flowers, y, he plants after x days?","Image shows four graphs (A–D) of lines in the first quadrant. Graph D shows a line through the origin with a slope of 4, correctly representing y = 4x.",(Graph A),Student reversed the independent and dependent variables when calculating the rate of change and selecting a graph.,(Graph B),"Student selected a graph with a slower rate of change than the situation represents, misreading the scale or mistaking the unit rate.",(Graph C),"Student selected a graph where both variables increased by a fixed amount, ignoring the proportional relationship.",(Graph D),Correct.,,,,,,,,Student reversed the independent and dependent variables when calculating the rate of change and selecting a graph.,Model the relationship between independent and dependent variables to solve real-world problems
MATH-00446,6,i162185,Interim_eedi,q168549,D,A,130.0,47.692307692307,6.153846153846,13.846153846153,32.307692307692,,,MULTICHOICE,,"Tom is planting a garden. Each day, he plants 4 new flowers. Which graph represents the total number of flowers, y, he plants after x days?","Four scatter plots all titled Number of Flowers Planted Over Time. Graph A: x-axis 0-16 (Number of Days) y-axis 0-4 (Number of Flowers Planted) points at (4,1)(8,2)(12,3)(16,4) showing 1 flower per 4 days. Graph B: x-axis 0-4 y-axis 0-16 points at (2,4)(4,8) showing 4 flowers every 2 days. Graph C: x-axis 0-16 y-axis 0-16 points at (4,4)(8,8)(12,12) showing 4 flowers every 4 days. Graph D: x-axis 0-4 y-axis 0-16 points at (1,4)(2,8)(3,12) showing 4 flowers every 1 day.",Graph A: 1 flower every 4 days,Student chose a graph representing planting 1 flower every 4 days; reversed the independent and dependent variables.,Graph B: 4 flowers every 2 days,Student chose a graph representing planting 4 flowers every 2 days.,Graph C: 4 flowers every 4 days,Student chose a graph representing planting 4 flowers every 4 days; chose a graph in which both axes increased by 4.,Graph D: 4 flowers every 1 day,Correct.,,,,,,,,Student chose a graph representing planting 1 flower every 4 days; reversed the independent and dependent variables.,Model the relationship between independent and dependent variables to solve real-world problems
MATH-00448,6,i185514,Compass,q188485,B,A,33.0,15.151515151515152,66.66666666666667,15.151515151515152,3.0303030303030303,,,MULTICHOICE,,"Figure A is shown below. What is the area, in square centimeters, of Figure A?",Image shows a composite shape (Figure A) made up of two rectangles. The overall figure appears to be an L-shape. Dimensions given allow calculation of the total area as 55 square centimeters.,40,Student decomposed the composite shape but did not include all of the component shapes in their total area calculation.,55,Correct.,70,Student used the dimensions of the composite shape in an area formula without decomposing the shape into component shapes.,75,Student decomposed the composite shape but used the dimensions of the full figure in their calculations for one of the component shapes instead of finding the correct dimensions for that component.,,,,,,,,Student decomposed the composite shape but did not include all of the component shapes in their total area calculation.,Find area of quadrilaterals by composing into rectangles or decomposing into triangles and other shapes and use to solve mathematical problems
MATH-00452,6,i185516,Compass,q188488,B,C,33.0,9.090909090909092,66.66666666666667,18.181818181818183,6.0606060606060606,,,MULTICHOICE,,"Kari is mowing her lawn, which is represented by the shaded region below. What is the area, in square yards, of the region she mows?",Image shows a composite lawn shape (shaded region) made up of two rectangles forming an L-shape or similar composite figure. The correct total area is 56 square yards.,48,Student decomposed the composite shape but did not include all of the component shapes in their total area calculation.,56,Correct.,68,"Student attempted to decompose the composite shape, but did so in a way that resulted in overlap between the component shapes.",80,Student used the overall dimensions of the composite shape in an area formula without decomposing the shape into component shapes.,,,,,,,,"Student attempted to decompose the composite shape, but did so in a way that resulted in overlap between the component shapes.",Find area of polygons by composing into rectangles or decomposing into triangles and other shapes and use to solve real-world problems
MATH-00452,6,i129456,Interim_eedi,q124942,B,C,4948.0,20.836701697655,29.183508488278,26.293451899757,23.726758286176,,,MULTICHOICE,,"Kari is mowing her lawn, which is represented by the shaded region below. What is the area, in square yards, of the region she mows?",The lawn is shown as a U-shaped composite figure. The total width is 10 yd. The two outer vertical rectangles are each 3 yd wide and 8 yd tall. The bottom horizontal section connecting the two sides is 2 yd tall spanning the full 10 yd width. The inner cutout (unshaded) is 4 yd wide and 6 yd tall.,48,Student calculated the area of the two sides of the lawn and combined them to get 48 without calculating the area of the cross-section of the lawn; may not understand how to recompose the discrete smaller parts in order to find the entire area.,56,Correct.,68,"Student calculated the area of the two sides of the lawn, combined them to get 48, and then multiplied 10 x 2 to get the cross-section of the lawn, not recognizing this section overlaps with sections already accounted for; may not understand how to break down compound figures into discrete smaller parts.",80,"Student calculated the area of the lawn as 10 x 8, and did not subtract the area of the middle region, 6 x 4; may not understand how to decompose and recompose compound figures.",,,,,,,,"Student calculated the area of the two sides of the lawn, combined them to get 48, and then multiplied 10 x 2 to get the cross-section of the lawn, not recognizing this section overlaps with sections already accounted for; may not understand how to break down compound figures into discrete smaller parts.",Find area of polygons by composing into rectangles or decomposing into triangles and other shapes and use to solve real-world problems
MATH-00467,6,i185517,Compass,q188489,BE,D,33.0,3.0303030303030303,48.484848484848484,3.0303030303030303,33.333333333333336,96.96969696969697,,MULTISELECT,,"Which nets match Figure G, shown below? Select all that apply.","Image shows Figure G, a triangular prism (a 3D shape with two triangular faces and three rectangular faces). Five net options (A–E) are shown; nets B and E correctly fold into the triangular prism.",(Net A),"Student identified a net for a different class of three-dimensional shape, likely because they share the same face shape.",(Net B),Correct.,(Net C),Student identified a net that has the right shape for each face but has the wrong number of faces.,(Net D),Student identified a net for a three-dimensional shape of the same class as the given shape but with a different face shape.,(Net E),Correct.,,,,,,Student identified a net for a three-dimensional shape of the same class as the given shape but with a different face shape.,Represent three-dimensional figures using nets made up of rectangles and triangles
MATH-00467,6,i114396,Interim_eedi,q107839,BE,D,16659.0,12.011525301638,35.452308061708,24.821417852212,30.452007923644,77.627708746023,,MULTISELECT,,"Which nets match Figure G, shown below? Select all that apply.",Figure G is a triangular pyramid (tetrahedron) — a 3D shape with a triangular base and three triangular faces meeting at an apex. Five answer net choices are shown: A is the net of a triangular prism (two triangles and three rectangles arranged in a cross). B is a correct net of a triangular pyramid (four triangles in a fan/row). C shows a net with only three triangles. D is the net of a square pyramid (one square base with four triangles). E is another correct net of a triangular pyramid (four triangles in an alternate arrangement).,[Net A: triangular prism net],Student thought that the net of a triangular prism is the same as the net of a triangular pyramid; perhaps confused because the triangular prism has two triangles.,[Net B: correct triangular pyramid net - fan],Correct.,[Net C: three triangles only],Student thought that the net of a triangular pyramid has three triangles instead of four.,[Net D: square pyramid net],Student thought that the net of a square pyramid is the same as the net of a triangular pyramid; perhaps confused because the square pyramid and the triangular pyramid both have four triangles.,[Net E: correct triangular pyramid net - alternate],Correct.,,,,,,Student thought that the net of a square pyramid is the same as the net of a triangular pyramid; perhaps confused because the square pyramid and the triangular pyramid both have four triangles.,Represent three-dimensional figures using nets made up of rectangles and triangles
MATH-00470,6,i185556,Compass,q188565,C,A,33.0,27.272727272727273,21.21212121212121,42.42424242424242,9.090909090909092,,,MULTICHOICE,,"The figure below shows a triangular prism as well as its net. What is the total surface area, in square feet, of the triangular prism?",Image shows a triangular prism and its unfolded net. The net consists of two triangular faces and three rectangular faces. Dimensions are provided allowing calculation of total surface area = 408 square feet.,208,Student only found the area of the two large rectangles in the net of a triangular prism when finding the surface area.,328,Student did not include the area of the shape in the center of the net in their calculation for surface area of the triangular prism; may not have recognized it as a face of the prism because of its location.,408,Correct.,528,Student incorrectly calculated the area of the triangles in the net of a triangular prism when finding the surface area.,,,,,,,,Student only found the area of the two large rectangles in the net of a triangular prism when finding the surface area.,Use nets to find the surface area of three-dimensional figures
MATH-00472,6,i185450,Compass,q188407,A,C,173.0,51.445086705202314,15.028901734104046,25.433526011560694,8.092485549132949,,,MULTICHOICE,,Clark has a piece of wood that is 4/5 of a meter long. He cuts the piece of wood into 2 smaller pieces of equal length. Which model best represents the length of each smaller piece of wood?,"Four visual fraction models are shown. Choice A shows a bar model correctly representing 4/5 divided into 2 equal parts, with each part shaded to show 2/5 of a meter. Choice B misrepresents the given fraction. Choice C shows the total (full bar). Choice D shows an incorrect division of the leftover amount.",[Model A - 4/5 divided into 2 equal parts showing 2/5 each],Correct.,[Model B],Student misrepresented the given fraction before applying the operation.,[Model C],Student chose a model which represents the total instead of the fractional part.,[Model D],"Student divided the leftover amount between the given fraction and the next whole rather than dividing the fraction itself, and then added the result to the given fraction.",,,,,,,,Student chose a model which represents the total instead of the fractional part.,Solve word problems involving the division of fractions by fractions by using visual fraction models to represent the problem
MATH-00472,6,i112127,Interim_content,q103016,A,C,15795.0,33.345995568217,21.766381766381,32.693890471668,12.269705603038,,,MULTICHOICE,,Clark has a piece of wood that is 4/5 of a meter long. He cuts the piece of wood into 2 smaller pieces of equal length. Which model best represents the length of each smaller piece of wood?,Four rectangular bar models each labeled 1 meter divided into 5 equal sections. Model A: 2 sections shaded on the left (2/5). Model B: 2.5 sections shaded (half of bar). Model C: 4 sections shaded (4/5). Model D: 4 sections shaded with half of the 5th section also shaded.,Model A: 2 out of 5 sections shaded,Correct.,Model B: half of total bar shaded,Student chose the half-shaded model; did not correctly model 4/5 before taking half.,Model C: 4 out of 5 sections shaded,Student chose a model which represents the total length of wood.,Model D: 4 full sections and half of 5th section shaded,Student divided the blank fifth in half; did not understand that the last fifth is not part of the wood and that the question was asking to divide the wood that exists in half.,,,,,,,,Student chose a model which represents the total length of wood.,Solve word problems involving the division of fractions by fractions by using visual fraction models to represent the problem
MATH-00473,6,i185586,Compass,q188611,D,A,171.0,23.391812865497077,9.941520467836257,16.95906432748538,49.707602339181285,,,MULTICHOICE,,Henry has 2 1/2 feet of ribbon. Henry needs 1/2 of a foot of ribbon to make a bow. How many bows can Henry make with the ribbon he has?,,1 1/4,"Student multiplied instead of dividing, or did not take the reciprocal of the divisor when dividing fractions.",4,Student ignored the fractional part of the mixed number and only divided the whole number by the unit fraction.,4 1/2,Student attempted to divide each part of the mixed number separately but incorrectly divided the fractional part.,5,Correct.,,,,,,,,"Student multiplied instead of dividing, or did not take the reciprocal of the divisor when dividing fractions.",Solve word problems involving the division of fractions by fractions
MATH-00473,6,i113054,Interim_content,q103272,D,C,22161.0,14.945173954243,26.384188439149,31.695320608275,27.033978611073,,,MULTICHOICE,,A batch of cookies requires 3/4 of a cup of flour. How many batches of cookies can be made from 5 1/3 cups of flour?,,9/64,"Student correctly converted the mixed number into a fraction, but multiplied the reciprocal of 16/3 (3/16 x 3/4), instead of multiplying the reciprocal of 3/4 (16/3 x 4/3); perhaps did not recognize that the quotient should be greater than 1 because 3/4 is smaller than 5 1/3.",4,"Student correctly converted the mixed number into an improper fraction, but multiplied instead of dividing.",5 4/9,"Student divided 1/3 by 3/4, but left the whole number unchanged.",7 1/9,Correct.,,,,,,,,"Student divided 1/3 by 3/4, but left the whole number unchanged.",Solve word problems involving the division of fractions by fractions
MATH-00473,6,i139137,Interim_content,q144421,D,C,33840.0,24.896572104018,11.897163120567,25.351654846335,38.117612293144,,,MULTICHOICE,,Jameel has 2 2/5 feet of string. Jameel needs 1/5 of a foot of string to sew a button onto a shirt. What is the greatest number of buttons that Jameel can sew onto a shirt with the string he has?,,2 1/12,Student converted 2 2/5 into 12/5 and multiplied the reciprocal of both the dividend (12/5) and the divisor (1/5) when dividing.,10,"Student did not account for the extra 2/5 foot (calculated the number of 1/5 ft in 2 ft), OR student did not understand how to divide with a mixed number.",10 2/5,Student divided 2 by 1/5 to get 10 and divided 2/5 by 1/5 but thought that 2/5 divided by 1/5 equals 2/5 just as 2 divided by 1 equals 2.,12,Correct.,,,,,,,,Student divided 2 by 1/5 to get 10 and divided 2/5 by 1/5 but thought that 2/5 divided by 1/5 equals 2/5 just as 2 divided by 1 equals 2.,Solve word problems involving the division of fractions by fractions
MATH-00473,6,i167561,Interim_eedi,q173010,D,C,81.0,19.753086419753,12.345679012345,20.987654320987,46.913580246913,,,MULTICHOICE,,Jessica has 2 2/3 yards of ribbon. Jessica needs 1/3 of a yard of ribbon to make a bow. What is the greatest number of bows that Jessica can make with the ribbon she has?,,1 1/8,Student converted 2 2/3 into 8/3 and multiplied the reciprocal of both the dividend (8/3) and the divisor (1/3) when dividing.,6,"Student did not account for the extra 2/3 yard (calculated the number of 1/3 yards in 2 yards), OR student did not understand how to divide with a mixed number.",6 2/3,Student divided 2 by 1/3 to get 6 and divided 2/3 by 1/3 but thought that 2/3 divided by 1/3 equals 2/3 just as 2 divided by 1 equals 2.,8,Correct.,,,,,,,,Student divided 2 by 1/3 to get 6 and divided 2/3 by 1/3 but thought that 2/3 divided by 1/3 equals 2/3 just as 2 divided by 1 equals 2.,Solve word problems involving the division of fractions by fractions
MATH-00473,6,i169473,Interim_eedi,q174066,D,B,81.0,14.814814814814,22.222222222222,18.518518518518,44.444444444444,,,MULTICHOICE,,A batch of muffins requires 1/2 of a cup of butter. How many batches of muffins can be made using 3 1/4 cups of butter?,,2/13,"Student correctly converted the mixed number into a fraction, but multiplied the reciprocal of 13/4 (4/13 x 1/2) instead of multiplying the reciprocal of 1/2 (13/4 x 2/1).",1 5/8,"Student correctly converted the mixed number into an improper fraction, but multiplied instead of dividing.",3 1/2,"Student divided 1/4 by 1/2, but left the whole number unchanged.",6 1/2,Correct.,,,,,,,,"Student correctly converted the mixed number into an improper fraction, but multiplied instead of dividing.",Solve word problems involving the division of fractions by fractions
MATH-00474,6,i139107,Compass,q144342,AD,C,11807.0,42.982976200558,26.729905987973,41.577030575082,38.680443804522,24.349961887016,,MULTISELECT,,Which expressions have a quotient of 3/4? Select all that apply.,,A. 2/8 ÷ 1/3 [CORRECT],Correct.,B. 2/3 ÷ 2,"Student took the reciprocal of both the dividend (2/3) and the divisor (2) before multiplying, instead of only taking the reciprocal of the divisor.",C. 1/2 ÷ 3/8,Student took the reciprocal of the dividend (1/2) instead of the divisor (3/8) and then multiplied.,D. 1 1/4 ÷ 1 2/3 [CORRECT],Correct.,E. 4 2/3 ÷ 3 1/2,Student converted 4 2/3 into 14/3 and 3 1/2 into 7/2 but took the reciprocal of the dividend (14/3) instead of the divisor (7/2) and then multiplied.,,,,,,Student took the reciprocal of the dividend (1/2) instead of the divisor (3/8) and then multiplied.,Compute quotients of fractions
MATH-00474,6,i185451,Compass,q188408,AD,C,170.0,51.76470588235294,15.882352941176471,29.41176470588235,47.64705882352941,15.294117647058824,,MULTISELECT,,Which expressions have a quotient of 3/4? Select all that apply.,,2/8 ÷ 1/3,Correct.,2/3 ÷ 2,"Student took the reciprocal of both numbers in the division expression, rather than just the divisor, and then multiplied.",1/2 ÷ 3/8,Student took the reciprocal of the dividend instead of the divisor and then multiplied.,1 1/4 ÷ 1 2/3,Correct.,4 2/3 ÷ 3 1/2,Student correctly converted the mixed numbers to improper fractions but then took the reciprocal of the dividend instead of the divisor and then multiplied.,,,,,,Student took the reciprocal of the dividend instead of the divisor and then multiplied.,Compute quotients of fractions
MATH-00474,6,i171837,Interim_content,q176000,A,C,21683.0,32.015864963335,19.466863441405,34.317207028547,14.596688650094,,,MULTICHOICE,,Which expression has a quotient of 3/4?,,2/8 divided by 1/3,Correct.,2/3 divided by 2,"Student took the reciprocal of both the dividend (2/3) and the divisor (2) before multiplying, instead of only taking the reciprocal of the divisor.",1/2 divided by 3/8,Student took the reciprocal of the dividend (1/2) instead of the divisor (3/8) and then multiplied.,4 2/3 divided by 3 1/2,Student converted 4 2/3 into 14/3 and 3 1/2 into 7/2 but took the reciprocal of the dividend (14/3) instead of the divisor (7/2) and then multiplied.,,,,,,,,Student took the reciprocal of the dividend (1/2) instead of the divisor (3/8) and then multiplied.,Compute quotients of fractions
MATH-00479,6,i185485,Compass,q188451,D,C,220.0,15.909090909090908,18.181818181818183,30.0,35.90909090909091,,,MULTICHOICE,,Solve. 4.92 ÷ 3.28 = ?,,0.66,Student reversed the order of division and rounded the result instead of continuing to the correct decimal.,1.05,Student inserted a zero in the quotient too early and misapplied place value while continuing the division steps.,1.164,Student treated the remainder as a decimal instead of extending the division by placing a decimal point and continuing.,1.5,Correct.,,,,,,,,Student treated the remainder as a decimal instead of extending the division by placing a decimal point and continuing.,Fluently divide multi-digit decimals using the standard algorithm
MATH-00493,6,i185589,Compass,q188614,AE,B,36.0,75.0,33.333333333333336,2.7777777777777777,8.333333333333334,69.44444444444444,,MULTISELECT,,"Two points are graphed on a coordinate grid. Point A is located at (12, 4). Point B is created by reflecting point A over an axis. Which coordinates could be the coordinates of point B? Select all that apply.",,"(-12, 4)",Correct.,"(-12, -4)","Student reflected the point over both axes instead of one, misunderstanding how individual coordinate signs change with a single reflection.","(4, -12)",Student correctly changed one sign but reversed the x- and y-coordinates.,"(4, 12)",Student reversed the x- and y-coordinates and did not change the sign of either coordinate.,"(12, -4)",Correct.,,,,,,"Student reflected the point over both axes instead of one, misunderstanding how individual coordinate signs change with a single reflection.",Use the signs of numbers in ordered pairs to identify when two ordered pairs represent reflections across one or both axes
MATH-00493,6,i116514,Interim_content,q113849,AE,D,20481.0,51.369562033103,29.271031687905,27.586543625799,42.507690054196,45.876666178409,,MULTISELECT,,"Two points are graphed on a coordinate grid. Point A is located at (-8, -3). Point B is created by reflecting point A over an axis. Which coordinates could be the coordinates of point B? Select all that apply.",,"(-8, 3)",Correct.,"(-3, -8)","Student switched the x- and y-coordinates; did not recognize that (-8, -3) and (-3, -8) are in the same quadrant and therefore cannot represent a reflection over an axis.","(3, -8)",Student correctly changed the sign of only one coordinate but switched the x- and y-coordinates.,"(8, 3)","Student changed the signs of both coordinates, representing a reflection over both axes instead of one axis.","(8, -3)",Correct.,,,,,,"Student changed the signs of both coordinates, representing a reflection over both axes instead of one axis.",Use the signs of numbers in ordered pairs to identify when two ordered pairs represent reflections across one or both axes
MATH-00493,6,i165596,Interim_eedi,q171278,CD,E,19.0,26.315789473684,5.263157894736,47.368421052631,42.105263157894,63.157894736842,,MULTISELECT,,"Two points are graphed on a coordinate grid. Point C is located at (6, 2). Point D is created by reflecting point C over an axis. Which coordinates could be the coordinates of point D? Select all that apply.",,"(2, 6)","Student switched the x- and y-coordinates; did not recognize that (6, 2) and (2, 6) are in the same quadrant and therefore cannot represent a reflection over an axis.","(2, -6)",Student correctly changed the sign of only one coordinate but switched the x- and y-coordinates.,"(-6, 2)",Correct.,"(6, -2)",Correct.,"(-6, -2)","Student changed the signs of both coordinates, representing a reflection over both axes instead of one axis.",,,,,,"Student changed the signs of both coordinates, representing a reflection over both axes instead of one axis.",Use the signs of numbers in ordered pairs to identify when two ordered pairs represent reflections across one or both axes
MATH-00493,6,i171834,Interim_eedi,q175997,AE,D,2777.0,58.048253510983,28.44796543032,28.772056175729,38.818869283399,51.818509182571,,MULTISELECT,,"Two points are graphed on a coordinate grid. Point A is located at (-8, -3). Point B is created by reflecting point A over an axis. Which coordinates could be the coordinates of point B? You may use the coordinate grid below to determine your answer(s). Select all that apply.","A coordinate grid is shown with x-axis ranging from -10 to 10 and y-axis ranging from -10 to 10, with gridlines at each integer. Provided for student use to plot and reflect the point.","(-8, 3)",Correct.,"(-3, -8)","Student switched the x- and y-coordinates; did not recognize that (-8, -3) and (-3, -8) are in the same quadrant and therefore cannot represent a reflection over an axis.","(3, -8)",Student correctly changed the sign of only one coordinate but switched the x- and y-coordinates.,"(8, 3)","Student changed the signs of both coordinates, representing a reflection over both axes instead of one axis.","(8, -3)",Correct.,,,,,,"Student changed the signs of both coordinates, representing a reflection over both axes instead of one axis.",Use the signs of numbers in ordered pairs to identify when two ordered pairs represent reflections across one or both axes
MATH-00507,6,i185010,Compass,q187801,C,A,238.0,15.546218487394958,7.983193277310924,68.4873949579832,7.983193277310924,,,MULTICHOICE,,A committee of teachers and students is meeting with the school board to request funding for extracurricular activities. The committee is creating posters for the meeting using a box of markers. The box contains 28 black markers and 16 red markers. What is the ratio of black markers to red markers?,Image shows a committee meeting with teachers and students working together at tables creating posters.,4:7,Student confused the roles of the given values in setting up a ratio and found the reverse ratio.,4:11,Student interpreted the context as requiring a ratio of part to whole instead of part to part.,7:4,Correct.,7:11,Student interpreted the context as requiring a ratio of part to whole instead of part to part.,,,,,,,,Student confused the roles of the given values in setting up a ratio and found the reverse ratio.,Write a ratio to represent the relationship between two quantities
MATH-00507,6,i111744,Interim_eedi,q100372,C,A,5078.0,56.085072863332,14.257581725088,26.388341866876,3.269003544702,,,MULTICHOICE,,Derek buys 4 apples for every 5 oranges he buys. Which ratio represents the ratio of oranges to the total number of fruit?,,4:5,Student represented the number of apples to the number of oranges; represented the numbers in the order that they appeared in the question context.,5:4,Student represented the number of oranges to the number of apples.,5:9,Correct.,9:5,Student represented the total number of pieces of fruit to the number of oranges.,,,,,,,,Student represented the number of apples to the number of oranges; represented the numbers in the order that they appeared in the question context.,Write a ratio to represent the relationship between two quantities
MATH-00507,6,i129715,Interim_eedi,q125266,C,B,22234.0,14.450841054241,15.094000179904,62.251506701448,8.460016191418,,,MULTICHOICE,,A box contains 20 blue markers and 12 red markers. What is the ratio of blue markers to red markers?,,3:5,Student calculated the ratio of red markers to blue markers.,3:8,Student calculated the ratio of red markers to the total number of markers.,5:3,Correct.,5:8,Student calculated the ratio of blue markers to the total number of markers.,,,,,,,,Student calculated the ratio of red markers to the total number of markers.,Write a ratio to represent the relationship between two quantities
MATH-00507,6,i171449,Interim_eedi,q175578,C,B,11634.0,15.119477393845,15.729757607013,58.449372528794,10.787347429946,,,MULTICHOICE,,A committee of teachers and students is meeting with the school board to request funding for extracurricular activities. The committee is creating posters for the meeting using a box of markers. The box contains 28 black markers and 16 red markers. What is the ratio of black markers to red markers?,"Image shows a group of students and a teacher seated around tables in a classroom, collaborating and working on papers together.",4:7,Student calculated the ratio of red markers to black markers.,4:11,Student calculated the ratio of red markers to the total number of markers.,7:4,Correct.,7:11,Student calculated the ratio of black markers to the total number of markers.,,,,,,,,Student calculated the ratio of red markers to the total number of markers.,Write a ratio to represent the relationship between two quantities
MATH-00508,6,i129733,Compass,q125290,A,C,101.0,30.69306930693,20.79207920792,29.702970297029,18.811881188118,,,MULTICHOICE,,"In the 7th grade, there are 84 students who are either gymnasts or hockey players. 24 of the students are gymnasts, and the rest are hockey players. Which statement is true?",,"For every 5 hockey players, there are 2 gymnasts.",Correct.,"For every 5 gymnasts, there are 2 hockey players.",Student switched hockey players and gymnasts while expressing the ratio.,"For every 7 hockey players, there are 2 gymnasts.",Student used the total number of students (84) for hockey players and simplified the ratio of 84:24.,"For every 7 gymnasts, there are 5 hockey players.","Student used the total number of students (84) for gymnasts, subtracted 84 - 24 to find the number of hockey players (60), and simplified the ratio of 84:60.",,,,,,,,Student used the total number of students (84) for hockey players and simplified the ratio of 84:24.,Use ratio language to describe a ratio relationship between two quantities
MATH-00508,6,i184940,Compass,q187712,A,C,236.0,42.3728813559322,12.288135593220339,33.898305084745765,11.440677966101696,,,MULTICHOICE,,"In the 7th grade, there are 84 students who are either gymnasts or hockey players. 24 of the students are gymnasts, and the rest are hockey players. Which statement is true?",,"For every 5 hockey players, there are 2 gymnasts.",Correct.,"For every 5 gymnasts, there are 2 hockey players.",Student reversed the order of the quantities in the ratio.,"For every 7 hockey players, there are 2 gymnasts.",Student incorrectly used the total of the quantities as one part of the ratio and then correctly simplified an incorrect ratio.,"For every 7 gymnasts, there are 5 hockey players.","Student incorrectly used the total of the quantities as one part of the ratio, but determined the other quantity correctly and then correctly simplified an incorrect ratio.",,,,,,,,Student incorrectly used the total of the quantities as one part of the ratio and then correctly simplified an incorrect ratio.,Use ratio language to describe a ratio relationship between two quantities
MATH-00508,6,i162850,Interim_eedi,q169360,BE,D,29594.0,20.774481313779,70.368993714942,27.079813475704,39.565452456579,22.920186524295,,MULTISELECT,,"In the sixth grade, all students either ride the bus to school or walk to school. There are 32 students who ride the bus to school for every 16 students who walk to school. Which statements are true? Select all that apply.",,There are 16 students who ride the bus to school for every 1 student who walks to school.,"Student calculated the difference between 32 and 16, and wrote the result as a unit rate of students who ride the bus to students who walk to school.",For every 16 students who walk to school there are 32 students who ride the bus to school.,Correct.,The ratio of students who ride the bus to school to students who walk to school is 1:2.,Student switched the labels of the bus riders to walkers ratio and represented the walkers to bus riders ratio.,The ratio 2:1 describes the number of students who ride the bus to school to the total number of students.,Student represented the ratio of bus riders to walkers (2:1) instead of the ratio of bus riders to the total number of students (2:3).,The ratio 1:3 describes the number of students who walk to school to the total number of students.,Correct.,,,,,,Student represented the ratio of bus riders to walkers (2:1) instead of the ratio of bus riders to the total number of students (2:3).,Use ratio language to describe a ratio relationship between two quantities
MATH-00508,6,i165862,Interim_eedi,q171348,A,C,201.0,46.268656716417,18.905472636815,29.850746268656,4.975124378109,,,MULTICHOICE,,"Emilio is planting 32 seeds that are either flower seeds or vegetable seeds. 20 of his seeds are flower seeds, and the rest are vegetable seeds. Which statement is true?",,"For every 6 vegetable seeds, there are 10 flower seeds.",Correct.,"For every 10 vegetable seeds, there are 6 flower seeds.",Student switched vegetable seeds and flower seeds while expressing the ratio.,"For every 8 vegetable seeds, there are 5 flower seeds.",Student used the total number of seeds (32) for vegetable seeds and simplified the ratio of 32:20.,"For every 8 vegetable seeds, there are 3 flower seeds.","Student used the total number of seeds (32) for vegetable seeds, subtracted 32 - 20 to find the number of flower seeds (12), and simplified the ratio of 32:12.",,,,,,,,Student used the total number of seeds (32) for vegetable seeds and simplified the ratio of 32:20.,Use ratio language to describe a ratio relationship between two quantities
MATH-00513,6,i138165,Interim_eedi,q142599,A,B,32071.0,42.455801191107,22.300520719653,20.382900439649,15.075925290761,,,MULTICHOICE,,"Yavonee reads 14 pages in 28 minutes. At this rate, how many pages does she read in 50 minutes?",,25,Correct.,28,Student recognized that 50 minutes is about twice as much as 28 minutes and estimated that twice as many pages as 14 would be read in 50 minutes.,50 1/2,Student found the unit rate of 1/2 page per minute but then added 50 instead of multiplying by 50.,100,"Student found the unit rate of minutes per page, instead of pages per minute, and multiplied it by 50 minutes.",,,,,,,,Student recognized that 50 minutes is about twice as much as 28 minutes and estimated that twice as many pages as 14 would be read in 50 minutes.,Solve real-world problems using ratio and rate reasoning
MATH-00515,6,i184938,Compass,q187710,C,D,237.0,18.9873417721519,14.345991561181435,21.09704641350211,45.56962025316456,,,MULTICHOICE,,"The tables below show ratios of teaspoons of sugar to ounces of iced tea. Each table represents a different recipe. Which table represents the recipe with the greatest amount of sugar, in teaspoons, per ounce of iced tea?","Four tables showing different ratios. Table A: 6:24, 12:48, 15:60. Table B: 3:18, 4:24, 6:36. Table C: 1:3, 5:15, 8:24. Table D: 7:24, 14:48, 28:96.",[Table A],"Student applied an additive reasoning approach instead of a multiplicative one, comparing only the first row of each table and selecting the greatest additive difference, OR student compared tables based on a single data point rather than analyzing the proportional relationship.",[Table B],"Student correctly calculated unit rates but confused the order of quantities in the ratio, selecting the greatest value without considering the intended relationship between the two quantities, OR student correctly calculated unit rates with the correct order of quantities in the ratio, but then confused the least with the greatest.",[Table C],Correct.,[Table D],"Student thought that the table with the largest values of both quantities represented the greatest ratio, rather than analyzing the proportional relationship between the two quantities.",,,,,,,,"Student thought that the table with the largest values of both quantities represented the greatest ratio, rather than analyzing the proportional relationship between the two quantities.",Use tables to compare ratios
MATH-00515,6,i162697,Interim_eedi,q169158,C,D,36811.0,21.784249273315,21.501725027844,21.751650321914,35.513840971448,,,MULTICHOICE,,"The tables below show ratios of teaspoons of sugar to ounces of iced tea. Each table represents a different recipe. Which table represents the recipe with the greatest amount of sugar, in teaspoons, per ounce of iced tea?","Four tables each with two columns (Sugar tsp. and Iced Tea oz.): Table A: (6,24),(12,48),(15,60) ratio 1:4. Table B: (3,18),(4,24),(6,36) ratio 1:6. Table C: (1,3),(5,15),(8,24) ratio 1:3. Table D: (7,24),(14,48),(28,96) ratio 7:24.","Table A: Sugar 6/12/15 tsp, Iced Tea 24/48/60 oz","Student found the additive relationship between tsp. of sugar and oz. of iced tea by looking at the first row of each table and chose the one with the greatest additive relationship (+18), OR student identified the two tables that listed 6 tsp. of sugar and compared them, choosing the one that had the lesser corresponding amount of iced tea.","Table B: Sugar 3/4/6 tsp, Iced Tea 18/24/36 oz","Student found the unit rate of oz. of iced tea to tsp. of sugar for all four tables but confused the quantities and chose the unit rate with the greatest ratio of oz. of iced tea to tsp. of sugar (6:1), OR student found the unit rate of tsp. of sugar to oz. of iced tea for all four tables and thought that 1:6 was the greatest ratio.","Table C: Sugar 1/5/8 tsp, Iced Tea 3/15/24 oz",Correct.,"Table D: Sugar 7/14/28 tsp, Iced Tea 24/48/96 oz",Student thought the table with the highest values of tsp. of sugar and oz. of iced tea (28 tsp. and 96 oz.) had the greatest sugar-to-iced tea ratio.,,,,,,,,Student thought the table with the highest values of tsp. of sugar and oz. of iced tea (28 tsp. and 96 oz.) had the greatest sugar-to-iced tea ratio.,Use tables to compare ratios
MATH-00518,6,i184941,Compass,q187713,B,D,238.0,14.285714285714286,55.88235294117647,10.92436974789916,18.907563025210084,,,MULTICHOICE,,The table below represents equivalent ratios. 8 | 10 12 | 15 24 | 30 m | 40 What is the value of m in the table?,Table showing three complete ratio pairs and one with missing first value.,28,"Student used just the column with the missing value to identify a pattern based on multiples and incorrectly extended it, rather than considering the proportional relationship between corresponding values.",32,Correct.,34,"Student applied an additive pattern from the previous row to determine the missing value, rather than recognizing the multiplicative relationship that maintains the proportionality in the table.",36,"Student used just the column with the missing value to identify an additive pattern between two consecutive values and incorrectly extended it to determine the missing value, instead of applying a multiplicative relationship to maintain proportionality.",,,,,,,,"Student used just the column with the missing value to identify an additive pattern between two consecutive values and incorrectly extended it to determine the missing value, instead of applying a multiplicative relationship to maintain proportionality.",Find missing values in ratio tables
MATH-00518,6,i112425,Interim_eedi,q100175,B,D,3086.0,15.424497731691,44.005184705119,17.49837977965,23.071937783538,,,MULTICHOICE,,The table below represents equivalent ratios. What is the value of m in the table?,"A table with two unlabeled columns showing equivalent ratio pairs: (8, 10), (12, 15), (24, 30), (m, 40). The constant ratio between columns is 4:5.",28,"Student found the next number that is a multiple of 4, recognizing the pattern in the first two x-values in the table.",32,Correct.,34,"Student observed that in the row above m, the x to y relationship was 24 + 6 = 30, and used the same rule.",36,Student noticed a difference of 12 between 12 and 24 and applied the same rule to 24.,,,,,,,,Student noticed a difference of 12 between 12 and 24 and applied the same rule to 24.,Find missing values in ratio tables
MATH-00518,6,i165984,Interim_eedi,q171403,B,A,201.0,21.890547263681,54.726368159203,15.92039800995,7.462686567164,,,MULTICHOICE,,The table below represents equivalent ratios. What is the value of m in the table?,"A table with two unlabeled columns showing equivalent ratio pairs: (6, 9), (12, 18), (16, 24), (m, 45). The constant ratio between columns is 2:3.",20,Student noticed a difference of 4 between 12 and 16 and applied the same rule to 16.,30,Correct.,32,Student noticed in the first 2 rows that 6 was doubled to get 12 and applied the same rule to 16 (16 x 2).,37,"Student observed that in the row above m, the x to y relationship was 16 + 8 = 24, and used the same rule.",,,,,,,,Student noticed a difference of 4 between 12 and 16 and applied the same rule to 16.,Find missing values in ratio tables
MATH-00518,6,i176407,Interim_eedi,q178541,D,A,736.0,33.423913043478,27.58152173913,21.875,17.119565217391,,,MULTICHOICE,,The table below represents equivalent ratios. What is the value of n in the table?,"A table with two columns labeled x and y showing equivalent ratio pairs: (6, 15), (12, 30), (24, 60), (n, 70). The constant ratio between columns is 2:5.",48,Student observed the pattern in the x-column (doubling every row) and found the next number (24 x 2).,36,Student noticed a difference of 12 between 12 and 24 and applied the same rule to 24.,34,"Student observed that in the row above n, the x to y relationship was 24 + 36 = 60, and used the same rule.",28,Correct.,,,,,,,,Student observed the pattern in the x-column (doubling every row) and found the next number (24 x 2).,Find missing values in ratio tables
MATH-00523,6,i112471,Compass,q110914,D,B,1.0,,100.0,,,,,MULTICHOICE,,How many pints are in 43 gallons?,,86,"Student converted 43 gallons to quarts correctly (172 quarts), but then divided by 2 instead of multiplied by 2 to convert quarts to pints (172 ÷ 2).",163,"Student converted 43 gallons to liters; knew that gallons needed to be converted so used a conversion factor from the reference sheet (since gallons to pints is not provided), and rounded up.",172,"Student converted 43 gallons to quarts, and stopped there, without continuing to convert to pints.",344,Correct.,,,,,,,,"Student converted 43 gallons to liters; knew that gallons needed to be converted so used a conversion factor from the reference sheet (since gallons to pints is not provided), and rounded up.",Use ratios to convert between measurement units
MATH-00523,6,i138374,Compass,q142846,B,D,538.0,9.665427509293,23.791821561338,15.799256505576,50.743494423791,,,MULTICHOICE,,"At a craft store, 20 yards of ribbon cost $24. Which of the following statements is true?",,A. The ribbon costs $0.10 per inch.,Student converted 20 yards to 240 inches (used an incorrect conversion factor of 1 yard = 12 inches) and calculated the unit rate using the ratio $24 to 240 inches.,B. The ribbon costs $0.40 per foot. [CORRECT],Correct.,C. The ribbon costs $0.83 per foot.,"Student found the unit rate of yards per dollar and rounded to the nearest hundredth, ignoring units (""per foot"") in the answer choice.",D. The ribbon costs $1.20 per inch.,"Student found the unit cost per yard ($1.20) and applied that to the incorrect measurement of length (""per inch"").",,,,,,,,"Student found the unit cost per yard ($1.20) and applied that to the incorrect measurement of length (""per inch"").",Use ratios to convert between measurement units
MATH-00523,6,i110182,Interim_eedi,q100411,C,B,1047.0,10.410697230181,34.192932187201,50.047755491881,5.348615090735,,,MULTICHOICE,,"What is the approximate weight, in pounds, of an animal that has a mass of 1,100 kilograms?",,227,Student performed two conversions and set up the equivalent ratios incorrectly; divided by 2.2 and multiplied by 0.454.,500,"Student divided by 2.2 instead of multiplying, OR student used the conversion from pounds to kilograms and multiplied 1,100 by 0.454 and rounded up.","2,420",Correct.,"5,330","Student used a ratio of 0.454 kg/2.2 lb = 1,100 kg/x lb and rounded.",,,,,,,,"Student divided by 2.2 instead of multiplying, OR student used the conversion from pounds to kilograms and multiplied 1,100 by 0.454 and rounded up.",Use ratios to convert between measurement units
MATH-00523,6,i132075,Interim_eedi,q129687,BE,A,1039.0,25.02406159769,53.897978825794,23.195380173243,21.751684311838,43.503368623676,,MULTISELECT,,"Eleanor is training for a race. As part of training, she has a goal of running 20 miles on Saturday. Which of the following distances is approximately equal to her goal for Saturday? Select all that apply.",,12 km,"Student used the conversion factor (1 mi = 1.609 km) but divided instead of multiplied to convert (20 divided by 1.609), OR used the conversion factor (1 km = 0.62 mi) but multiplied instead of divided (20 x 0.62).",32 km,Correct.,88 yd,"Student identified the correct conversion factor but divided instead of multiplied yards by miles (1,760 divided by 20).","1,780 yd","Student identified the correct conversion factor but added to instead of multiplied by miles (1,760 + 20).","35,200 yd",Correct.,,,,,,"Student used the conversion factor (1 mi = 1.609 km) but divided instead of multiplied to convert (20 divided by 1.609), OR used the conversion factor (1 km = 0.62 mi) but multiplied instead of divided (20 x 0.62).",Use ratios to convert between measurement units
MATH-00523,6,i138370,Interim_eedi,q142840,D,B,24085.0,10.496159435333,28.004982354162,27.315756695038,34.253684866099,,,MULTICHOICE,,"How many quarts, rounded to the nearest tenth, are in 50 liters?",,3.3,"Student converted 50 liters to gallons (13.2 gallons), but then divided by 4, instead of multiplied by 4, to convert gallons to quarts (13.2 ÷ 4).",13.2,Student converted 50 liters to gallons but did not convert gallons to quarts.,47.3,"Student divided, instead of multiplied, to convert 50 liters into gallons (50 ÷ 0.264) and then divided by 4, instead of multiplied by 4, to convert to quarts.",52.8,Correct.,,,,,,,,Student converted 50 liters to gallons but did not convert gallons to quarts.,Use ratios to convert between measurement units
MATH-00523,6,i138377,Interim_eedi,q142850,B,A,26464.0,24.425634824667,46.149486094316,16.312726723095,13.168833131801,,,MULTICHOICE,,"The distance from Shreveport, Louisiana, to Jackson, Mississippi, is 354 kilometers. What is the closest approximation of how many miles apart these two cities are?",,177,Student used a conversion factor of 1 mi = 2 km (perhaps rounded because of the use of approximation).,219,Correct.,354,Student chose an answer that incorrectly shows a 1:1 ratio for miles to km; perhaps incorrectly rounded 0.62 miles up to 1 mile.,571,Student set up ratios incorrectly and divided 354 by 0.62.,,,,,,,,Student used a conversion factor of 1 mi = 2 km (perhaps rounded because of the use of approximation).,Use ratios to convert between measurement units
MATH-00523,6,i178120,Interim_eedi,q179881,C,A,737.0,20.352781546811,18.588873812754,44.097693351424,16.960651289009,,,MULTICHOICE,,"The distance from Boston, Massachusetts, to Buffalo, New York, is 450 miles. Given that 1 mile is equal to 1.609 kilometers, what is the closest approximation of how many kilometers apart these two cities are?",,280,Student set up ratios incorrectly and divided 450 by 1.609.,450,Student chose an answer that incorrectly shows a 1:1 ratio for miles to km; perhaps incorrectly rounded 1.609 km down to 1 km.,725,Correct.,900,Student used a conversion factor of 1 mi = 2 km (perhaps rounded because of the use of approximation).,,,,,,,,Student set up ratios incorrectly and divided 450 by 1.609.,Use ratios to convert between measurement units
MATH-00523,6,i180685,Interim_eedi,q181971,D,B,10512.0,24.676560121765,28.129756468797,12.300228310502,34.969558599695,,,MULTICHOICE,,How many ounces are in 20 pints?,,5,"Student converted 20 pints to cups correctly (40 cups), but then divided by 8 instead of multiplying by 8 to convert cups to ounces (40 divided by 8).",40,Student converted 20 pints to cups and stopped there without continuing to convert to ounces.,80,"Student incorrectly converted 20 pints to 10 cups using the incorrect conversion of 2 pints = 1 cup instead of 1 pint = 2 cups, but then correctly converted 10 cups to 80 ounces.",320,Correct.,,,,,,,,Student converted 20 pints to cups and stopped there without continuing to convert to ounces.,Use ratios to convert between measurement units
MATH-00526,6,i112800,Interim_eedi,q102956,A,C,3678.0,42.142468733007,19.494290375203,25.53017944535,12.860250135943,,,MULTICHOICE,,A teacher made a histogram of the scores on a Spanish quiz. Which statement about the histogram above is true?,"A histogram titled 'Students Scores on a Spanish Quiz' with x-axis labeled 'Quiz Grade (percent)' showing intervals 31-40 through 91-100, and y-axis labeled 'Number of Students' (0-10). Bars show approximately: 51-60: 6, 61-70: 8, 71-80: 9, 81-90: 8, 91-100: 6, forming a roughly symmetric bell-shaped distribution.",The distribution is symmetric because there is a vertical line of symmetry.,Correct.,The distribution is skewed right because the histogram is closer to the right side of the chart area.,"Student based skewness on the physical location of the data on the graph, not on the data itself.",The distribution is skewed left because the difference between 80 and 100 is less than the difference between 31 and 0.,Student based skewness on the location of the data on the x-axis rather than on where data points fall in relation to the whole data set.,The distribution is skewed right because the difference between 80 and 100 is less than the difference between 31 and 0.,Student based skewness on the location of the data on the x-axis rather than on where data points fall in relation to the whole data set and reversed the skewness.,,,,,,,,Student based skewness on the location of the data on the x-axis rather than on where data points fall in relation to the whole data set.,"Recognize a data distribution that is symmetric, skewed left, or skewed right"
MATH-00532,6,i110250,Compass,q103440,C,D,2803.0,14.306100606493,16.161255797359,51.480556546557,18.052087049589,,,MULTICHOICE,,"A group of students recorded how much money, to the nearest dollar, they each earned for allowance. The students created the following histogram. Which data set was used to create this histogram?","Histogram titled Students Allowance with x-axis labeled Allowance (dollars) showing intervals 0-4, 5-9, 10-14, 15-19 and y-axis labeled Number of Students ranging 0-10. Bar heights: 0-4 interval has 3 students, 5-9 interval has 4 students, 10-14 interval has 2 students, 15-19 interval has 1 student.","$1, $2, $2, $3, $3, $3, $4, $4, $4, $4","Student chose the frequency as the dollar values (3-$3, 4-$4, etc.).","$2, $3, $3, $4, $6, $7, $8, $9, $12, $14","Student incorrectly put $4, $9, and $14 in the upper range of values; put the top number for each interval into the next interval.","$2, $3, $4, $7, $7, $8, $9, $13, $14, $15",Correct.,"$3, $4, $5, $7, $7, $8, $9, $13, $15, $17","Student incorrectly put $5, $10, and $15 in the lower range of values; put the bottom number for each interval into the interval one down.",,,,,,,"A histogram titled ""Students' Allowance."" The x-axis is labeled ""Allowance (dollars)"" with four intervals: 0–4, 5–9, 10–14, and 15–19. The y-axis is labeled ""Number of Students"" ranging from 0 to 10. Bar heights are approximately: 0–4 interval has 3 students, 5–9 interval has 4 students, 10–14 interval has 2 students, and 15–19 interval has 1 student, for a total of 10 data points.","Student incorrectly put $5, $10, and $15 in the lower range of values; put the bottom number for each interval into the interval one down.",Identify the data set that is being displayed in a histogram
MATH-00546,7,i185491,Compass,q188457,C,B,134.0,14.925373134328359,21.64179104477612,51.492537313432834,11.940298507462687,,,MULTICHOICE,,Simplify the expression below. (6.2n - 8.3) + (-9.1 + 1.4n),,7.6n - 0.8,Student reversed the sign of a term when combining constants and did not correctly apply the rules for adding positive and negative numbers.,7.6n + 0.8,Student made the negative sign into a positive sign in the second binomial when distributing the positive sign and then simplified.,7.6n - 17.4,Correct.,7.6n + 17.4,"Student incorrectly treated two negative constants as positive during addition, possibly confusing rules for operations with negative numbers.",,,,,,,,Student made the negative sign into a positive sign in the second binomial when distributing the positive sign and then simplified.,Add linear expressions with rational coefficients
MATH-00546,7,i138287,Interim_eedi,q142737,C,B,26777.0,14.015759793852,27.811181237629,39.321059117899,19.023789072711,,,MULTICHOICE,,Simplify the expression below. (6.2n - 8.3) + (-9.1 + 1.4n),,7.6n - 0.8,Student made the negative sign into a positive sign in the second binomial and kept the sign of the first number when adding -8.3 and 9.1.,7.6n + 0.8,Student made the negative sign into a positive sign in the second binomial when distributing the positive sign and then simplified.,7.6n - 17.4,Correct.,7.6n + 17.4,Student changed the negative sign to a positive sign when adding -8.3 and -9.1; perhaps confused the rules of adding two negative numbers and multiplying/dividing two negative numbers.,,,,,,,,Student made the negative sign into a positive sign in the second binomial when distributing the positive sign and then simplified.,Add linear expressions with rational coefficients
MATH-00548,7,i185493,Compass,q188459,C,A,122.0,25.40983606557377,24.59016393442623,37.704918032786885,12.295081967213115,,,MULTICHOICE,,Which expression is equivalent to the expression below? 24x - 8y,,-8(-3x - y),"Student did not account for how signs change when distributing a negative factor, leading to an incorrect sign in the resulting expression.",3x + 8x - 2y + 4y,Student incorrectly combined like terms by multiplying the coefficients rather than adding them.,(-8x - 4y) + (32x - 4y),Correct.,(36x - 4y) - (12x - 4y),"Student did not distribute the subtraction across both terms in the second group, resulting in a sign error when simplifying.",,,,,,,,"Student did not account for how signs change when distributing a negative factor, leading to an incorrect sign in the resulting expression.",Factor linear expressions with rational coefficients
MATH-00548,7,i171824,Interim_eedi,q175987,C,A,2202.0,29.972752043596,18.801089918256,37.193460490463,14.032697547683,,,MULTICHOICE,,Which expression is equivalent to the expression below? 24x - 8y,,-8(-3x - y),Student did not recognize that distributing -8 to -y would create 24x + 8y.,3x + 8x - 2y + 4y,Student combined like terms by multiplying the coefficients instead of adding.,(-8x - 4y) + (32x - 4y),Correct.,(36x - 4y) - (12x - 4y),Student did not distribute the subtraction sign between the sets of parentheses to the -4y in the second set of parentheses.,,,,,,,,Student did not recognize that distributing -8 to -y would create 24x + 8y.,Factor linear expressions with rational coefficients
MATH-00549,7,i112813,Compass,q107692,BD,A,1674.0,41.278375149342,36.140979689366,26.164874551971,49.761051373954,31.839904420549,,MULTISELECT,,Which expressions are equivalent to the expression below? 24x - 8y Select all that apply.,,A. -8(-3x - y),Student did not recognize that distributing -8 to -y would create 24x + 8y.,B. (12x - 4y) ÷ 1/2 [CORRECT],Correct.,C. 3x + 8x - 2y + 4y,Student combined like terms by multiplying the coefficients instead of adding.,D. (-8x - 4y) + (32x - 4y) [CORRECT],Correct.,E. (36x - 4y) - (12x - 4y),Student did not distribute the subtraction sign between the sets of parentheses to the -4y in the second set of parentheses.,,,,,,Student did not recognize that distributing -8 to -y would create 24x + 8y.,Expand linear expressions with rational coefficients
MATH-00549,7,i185492,Compass,q188458,BCE,A,133.0,27.06766917293233,49.62406015037594,48.87218045112782,24.06015037593985,42.10526315789474,19.548872180451127,MULTISELECT,,Which expressions are equivalent to the expression below? -p(q + r + 5) Select all that apply.,,-pq + r + 5,"Student distributed the factor to only the first term and did not apply the factor to the remaining terms, showing a misunderstanding of the distributive property.",-pq - pr - 5p,Correct.,-pq - p(r + 5),Correct.,p(q - r - 5),"Student recognized addition would change to subtraction when distributing a negative, but did not distribute the negative to the first term in the parentheses.",p(-q - r) - 5p,Correct.,p - (q + r + 5),"Student misinterpreted the variable outside the parentheses as subtraction instead of multiplication, leading to an incorrect structure of the expression.",,,,"Student distributed the factor to only the first term and did not apply the factor to the remaining terms, showing a misunderstanding of the distributive property.",Expand linear expressions with rational coefficients
MATH-00549,7,i138284,Interim_eedi,q142734,B,A,91.0,28.571428571428,35.164835164835,15.384615384615,20.87912087912,,,MULTICHOICE,,Which expression is equivalent to the expression below? 4(-a + 7) + 2.5a,,-4a + 28,Student correctly distributed but did not add the additional 2.5a.,-1.5a + 28,Correct.,-1.5a + 7,Student did not distribute the 4 to the 7.,-6.5a + 28,Student correctly distributed the 4 but miscalculated -4a + 2.5a = -6.5a.,,,,,,,,Student correctly distributed but did not add the additional 2.5a.,Expand linear expressions with rational coefficients
MATH-00550,7,i177368,Compass,q179283,D,B,850.0,11.058823529411,20.35294117647,20.35294117647,48.235294117647,,,MULTICHOICE,,"A website is having a sale, and all items are 25% off the original price, p. Which expression can be used to find the price of an item after the discount?",,p + 25,Student represented an increase instead of a decrease and did not find a percent of the original number but added 25 to represent 25%.,p + 0.25p,Student represented a 25% increase instead of decrease.,p - 25,"Student represented a discount with subtraction, without finding a percent of the original number.",p - 0.25p,Correct.,,,,,,,,Student represented a 25% increase instead of decrease.,Rewrite an expression in different forms in a problem context
MATH-00550,7,i185494,Compass,q188460,ADE,B,38.0,44.73684210526316,23.68421052631579,15.789473684210526,68.42105263157895,26.31578947368421,,MULTISELECT,,"A website is having a sale, and all items are 25% off the original price, p. Which expressions can be used to find the price of an item after the discount? Select all that apply.",,0.75p,Correct.,1.25p,Student represented a percent increase instead of decrease.,p - 25,"Student represented a discount with subtraction, without finding a percent of the original number.",p - 0.25p,Correct.,0.01p × 75,Correct.,,,,,,Student represented a percent increase instead of decrease.,Rewrite an expression in different forms in a problem context
MATH-00550,7,i129752,Interim_eedi,q125310,ADE,C,21359.0,45.863570391872,29.753265602322,34.491315136476,62.460789362797,26.681960765953,,MULTISELECT,,"A website is having a sale, and all items are 25% off the original price, p. Which expressions can be used to find the price of an item after the discount? Select all that apply.",,0.75p,Correct.,1.25p,Student represented a 25% increase instead of decrease.,p - 25,"Student represented a discount with subtraction, without finding a percent of the original number.",p - 0.25p,Correct.,0.01p x 75,Correct.,,,,,,"Student represented a discount with subtraction, without finding a percent of the original number.",Rewrite an expression in different forms in a problem context
MATH-00551,7,i185495,Compass,q188461,C,B,39.0,23.076923076923077,46.15384615384615,12.820512820512821,17.94871794871795,,,MULTICHOICE,,"Sienna bought a building for d dollars. When she sold it, the value of the building was 1.35d dollars. Which describes the change in the value of the building?",,0.35% increase,Student confused the decimal multiplier with the percent increase and expressed it directly as a percent.,1.35% increase,Student misunderstood the multiplication in the expression as addition and misinterpreted the total value as a small percent increase.,35% increase,Correct.,135% increase,"Student correctly identified that the final value was a certain percent of the original value, but confused this with the percent increase.",,,,,,,,Student misunderstood the multiplication in the expression as addition and misinterpreted the total value as a small percent increase.,Interpret how quantities in an expression are related
MATH-00551,7,i167575,Interim_eedi,q173024,C,B,565.0,18.58407079646,39.646017699115,28.318584070796,13.805309734513,,,MULTICHOICE,,"Freya bought a painting for d dollars. When she sold it, the value of her painting was 1.15d dollars. Which describes the change in the value of her painting?",,0.15% increase,Student interpreted the percentage increase as the same as the decimal increase.,1.15% increase,"Student possibly thought 1.15 was being added to d as opposed to multiplied in the expression given, and therefore thought it represented the percent increase.",15% increase,Correct.,115% increase,"Student identified that the final value of the painting was 115% of the original value, but confused this as the percentage increase.",,,,,,,,"Student possibly thought 1.15 was being added to d as opposed to multiplied in the expression given, and therefore thought it represented the percent increase.",Interpret how quantities in an expression are related
MATH-00551,7,i171825,Interim_eedi,q175988,C,B,543.0,18.600368324125,38.305709023941,28.54511970534,14.548802946593,,,MULTICHOICE,,"Sienna bought a building for d dollars. When she sold it, the value of the building was 1.35d dollars. Which describes the change in the value of the building?",,0.35% increase,Student interpreted the percentage increase as the same as the decimal increase.,1.35% increase,"Student possibly thought 1.35 was being added to d as opposed to multiplied in the expression given, and therefore thought it represented the percent increase.",35% increase,Correct.,135% increase,"Student identified that the final value of the building was 135% of the original value, but confused this as the percentage increase.",,,,,,,,"Student possibly thought 1.35 was being added to d as opposed to multiplied in the expression given, and therefore thought it represented the percent increase.",Interpret how quantities in an expression are related
MATH-00553,7,i185592,Compass,q188617,D,A,67.0,26.865671641791046,19.402985074626866,22.388059701492537,31.34328358208955,,,MULTICHOICE,,"In November, the average temperature at the North Pole is -8.3° Fahrenheit. In December, the average temperature at the North Pole is 7.7° Fahrenheit colder than November's average temperature. In January, the average temperature at the North Pole is 1 1/4 times colder than December's average temperature. What is the average temperature, in degrees Fahrenheit, at the North Pole in January?",,-0.75,Student added rather than subtracted when combining values.,-14.75,"Student added the scale factor instead of multiplying, misidentifying the operation called for in the context.",-17.25,"Student subtracted the scale factor instead of multiplying, misidentifying the operation called for in the context.",-20,Correct.,,,,,,,,Student added rather than subtracted when combining values.,"Solve multi-step real-life problems posed with positive and negative rational numbers in any form (whole numbers, fractions, and decimals)"
MATH-00553,7,i111806,Interim_eedi,q101017,C,B,1609.0,16.407706650093,28.589185829707,48.104412678682,7.022995649471,,,MULTICHOICE,,Reed is buying wood flooring for his rectangular kitchen. The dimensions of his kitchen are 12 feet by 10 5/12 feet. The cost of the wood flooring he likes is $3.90 per square foot. How much will the wood flooring cost to cover his kitchen floor?,,$360.38,Student multiplied the three whole numbers separately (10 x 12 x 3) and found the decimal by multiplying the fraction 5/12 by the decimal 0.90 and rounding the final answer to the hundredths place.,$469.63,"Student multiplied only the whole number in 10 5/12 by 12 to get 120 5/12, rounded to 120.417 before multiplying by 3.9, and rounded the final answer to the hundredths place.",$487.50,Correct.,$491.40,Student may have estimated 5/12 as 0.5 and calculated (12 x 10.5) x 3.9.,,,,,,,,"Student multiplied only the whole number in 10 5/12 by 12 to get 120 5/12, rounded to 120.417 before multiplying by 3.9, and rounded the final answer to the hundredths place.","Solve multi-step real-life problems posed with positive and negative rational numbers in any form (whole numbers, fractions, and decimals)"
MATH-00553,7,i112123,Interim_eedi,q100071,B,A,1720.0,14.941860465116,65.116279069767,8.313953488372,11.744186046511,,,MULTICHOICE,,"At a magazine company, employees are given a score based on subscription renewals. An employee receives 3 points for each customer who renews a subscription and receives -2 points for each customer not renewing a subscription. During one hour, an employee has 4 customers who renew subscriptions and 7 customers who do not renew subscriptions. What score will the employee be given at the end of the hour?",,-26,"Student incorrectly calculated the renewed subscriptions as negative, calculating 4(-3) = -12.",-2,Correct.,2,Student thought 12 + (-14) has a positive sum instead of a negative sum.,13,"Student switched the number of renewed subscriptions with the number of subscriptions not renewed, finding the sum of 3 x 7 and (-2) x 4.",,,,,,,,"Student incorrectly calculated the renewed subscriptions as negative, calculating 4(-3) = -12.","Solve multi-step real-life problems posed with positive and negative rational numbers in any form (whole numbers, fractions, and decimals)"
MATH-00553,7,i138600,Interim_eedi,q143342,B,A,22922.0,29.220835878195,44.175900881249,22.166477619753,4.537125905243,,,MULTICHOICE,,The price of a carton of eggs at Supermarket A is $2.10. The price of a carton of eggs at Supermarket B is 40% less than the price at Supermarket A. What is the price of a carton of eggs at Supermarket B?,,$0.84,Student found 40% of $2.10 instead of 40% less than $2.10.,$1.26,Correct.,$1.70,Student found 0.40 less than $2.10 instead of 40% less than $2.10.,$2.94,Student found 40% more than $2.10.,,,,,,,,Student found 40% of $2.10 instead of 40% less than $2.10.,"Solve multi-step real-life problems posed with positive and negative rational numbers in any form (whole numbers, fractions, and decimals)"
MATH-00553,7,i138602,Interim_eedi,q143345,B,A,21033.0,42.181334094042,21.442495126705,23.415585033043,13.079446583939,,,MULTICHOICE,,"Ryan has 3 1/2 pints of milk. He uses 1 1/2 cups of milk to make Recipe A and 1 1/2 cups of milk to make Recipe B. After making both recipes, how many pints of milk does Ryan have?",,1/2,Student did not convert cups to pints and found 3.5 - (1.5 + 1.5) instead of 3.5 - (0.75 + 0.75).,2,Correct.,2 1/2,Student incorrectly converted cups to pints by multiplying by 2 instead of dividing by 2 and then subtracted the number of pints Ryan started with from the number of pints he used; found ((2 x 1.5) + (2 x 1.5)) - 3.5 instead of 3.5 - ((1.5/2) + (1.5/2)).,4,Student found the number of cups Ryan has left over.,,,,,,,,Student did not convert cups to pints and found 3.5 - (1.5 + 1.5) instead of 3.5 - (0.75 + 0.75).,"Solve multi-step real-life problems posed with positive and negative rational numbers in any form (whole numbers, fractions, and decimals)"
MATH-00553,7,i138604,Interim_eedi,q143347,D,B,30096.0,20.331605528973,28.146597554492,25.159489633173,26.51182881446,,,MULTICHOICE,,"In November, the average temperature at the North Pole is -8.3 degrees Fahrenheit. In December, the average temperature at the North Pole is 7.7 degrees Fahrenheit colder than November's average temperature. In January, the average temperature at the North Pole is 1 1/4 times colder than December's average temperature. What is the average temperature, in degrees Fahrenheit, at the North Pole in January?",,-0.75,Student subtracted -7.7 from -8.3 OR added 7.7 to -8.3; found (-8.3 + 7.7)(1.25).,-14.75,Student added 1.25 instead of multiplying by 1.25; found (-8.3 - 7.7 + 1.25).,-17.25,Student added -1.25 instead of multiplying by 1.25; found (-8.3 - 7.7 - 1.25).,-20,Correct.,,,,,,,,Student added 1.25 instead of multiplying by 1.25; found (-8.3 - 7.7 + 1.25).,"Solve multi-step real-life problems posed with positive and negative rational numbers in any form (whole numbers, fractions, and decimals)"
MATH-00553,7,i175346,Interim_eedi,q177955,B,A,8980.0,35.267260579064,24.387527839643,26.213808463251,14.209354120267,,,MULTICHOICE,,"Elena is making a Mexican dessert called tres leches to celebrate her heritage. She is trying two different recipes. Elena has 3 1/2 pints of milk. She uses 1 1/2 cups of milk to make Recipe A and 1 1/2 cups of milk to make Recipe B. After making both recipes, how many pints of milk does Elena have?",,1/2,Student did not convert cups to pints and found 3.5 - (1.5 + 1.5) instead of 3.5 - (0.75 + 0.75).,2,Correct.,2 1/2,Student incorrectly converted cups to pints by multiplying by 2 instead of dividing by 2 and then subtracted the number of pints Elena started with from the number of pints she used; found ((2 x 1.5) + (2 x 1.5)) - 3.5 instead of 3.5 - ((1.5/2) + (1.5/2)).,4,Student found the number of cups Elena has left over.,,,,,,,,Student did not convert cups to pints and found 3.5 - (1.5 + 1.5) instead of 3.5 - (0.75 + 0.75).,"Solve multi-step real-life problems posed with positive and negative rational numbers in any form (whole numbers, fractions, and decimals)"
MATH-00553,7,i177836,Interim_eedi,q179629,B,D,689.0,18.287373004354,42.525399129172,15.384615384615,23.802612481857,,,MULTICHOICE,,"Justin recorded how long he slept, in hours, for three nights. The first night he slept 8.4 hours. The second night the number of hours he slept decreased by 5%. The third night the number of hours he slept decreased by another 0.25 hours. How many hours did Justin sleep the third night?",,5.99,"Student correctly found the number of hours slept the second night, but then used 0.25 as a percent decrease to find the number of hours slept the third night, and rounded to the nearest hundredth.",7.73,Correct.,7.98,Student found the number of hours slept the second night.,8.10,Student thought a decrease of 5% meant subtracting 0.05 and found 8.4 - 0.05 - 0.25.,,,,,,,,Student thought a decrease of 5% meant subtracting 0.05 and found 8.4 - 0.05 - 0.25.,"Solve multi-step real-life problems posed with positive and negative rational numbers in any form (whole numbers, fractions, and decimals)"
MATH-00553,7,i177837,Interim_eedi,q179630,D,B,689.0,14.65892597968,24.092888243831,19.303338171262,41.944847605224,,,MULTICHOICE,,Erica is buying ceramic tiles to tile a shower wall. The dimensions of the shower wall are 6 feet by 7 1/2 feet. The ceramic tiles she is buying cost $19.95 per square foot. How much will it cost for Erica to buy enough ceramic tiles to cover the shower wall?,,$798.48,Student multiplied the three whole numbers separately (6 x 7 x 19) and found the decimal by multiplying the fraction 1/2 by the decimal 0.95 and rounding the final answer to the hundredths place.,$837.90,Student did not include the fraction 1/2 in their calculation; multiplied 6 and 7 and 19.95.,$847.88,"Student multiplied only the whole number in 7 1/2 by 6 to get 42 1/2, then multiplied by 19.95, and rounded the final answer to the hundredths place.",$897.75,Correct.,,,,,,,,Student did not include the fraction 1/2 in their calculation; multiplied 6 and 7 and 19.95.,"Solve multi-step real-life problems posed with positive and negative rational numbers in any form (whole numbers, fractions, and decimals)"
MATH-00560,7,i185446,Compass,q188403,A,B,66.0,60.60606060606061,21.21212121212121,9.090909090909092,9.090909090909092,,,MULTICHOICE,,Ana needs a total of $350 to hire a band for a school event. She is selling chocolate bars for $2.50 each to raise money. She has already raised $120. How many more chocolate bars does Ana need to sell to reach $350?,,92,Correct.,140,Student thought the full amount was still needed and did not subtract the known amount from the total before dividing to determine the number of equal parts needed.,188,"Student added, instead of subtracting, the known amount and the total before dividing to determine the number of equal parts needed.",230,Student found the remaining amount but did not divide to determine the number of equal parts needed.,,,,,,,,Student thought the full amount was still needed and did not subtract the known amount from the total before dividing to determine the number of equal parts needed.,Solve equations of the forms px + q = r and p(x + q) = r fluently
MATH-00560,7,i131324,Interim_eedi,q127540,A,D,657.0,40.48706240487,18.112633181126,6.392694063926,35.31202435312,,,MULTICHOICE,,Ana needs a total of $350 to hire a band for a school event. She is selling chocolate bars for $2.50 each to raise money. She has already raised $120. How many more chocolate bars does Ana need to sell to reach $350?,,92,Correct.,140,"Student did not factor in the $120, and found the number of bars that need to be sold to earn the total amount of $350.",188,Student added $120 to the total amount of $350 instead of subtracting before dividing by $2.50.,230,Student found the amount of money left to raise (350 - 120).,,,,,,,,Student found the amount of money left to raise (350 - 120).,Solve equations of the forms px + q = r and p(x + q) = r fluently
MATH-00560,7,i178474,Interim_eedi,q180205,B,A,688.0,31.686046511627,39.098837209302,20.348837209302,8.866279069767,,,MULTICHOICE,,What is the value of x in the equation below? 6.4 - 4x = 1.2,,-1.2,"Student correctly subtracted 6.4 from both sides, but added 4 instead of dividing by -4; did not recognize to use the inverse of multiplication.",1.3,Correct.,1.9,Student may have attempted to rearrange the equation and ended up solving 4x - 6.4 = 1.2; added 6.4 and divided by 4.,11.6,"Student added 6.4 to both sides instead of subtracting to get -4x = 7.6, and then added 4 instead of dividing by -4; did not recognize to use inverse operations.",,,,,,,,"Student correctly subtracted 6.4 from both sides, but added 4 instead of dividing by -4; did not recognize to use the inverse of multiplication.",Solve equations of the forms px + q = r and p(x + q) = r fluently
MATH-00562,7,i113092,Compass,q102278,A,B,2722.0,32.880235121234,33.284349742836,19.507714915503,14.327700220426,,,MULTICHOICE,,"Alexis purchased 12 bundles of tulips and some bundles of daisies for her friend's birthday party. Both types of flowers cost $4 per bundle. She spent $76 on the flowers. Which equation and solution correctly represent d, the number of bundles of daisies Alexis purchased?",,4(12 + d) = 76; d = 7,Correct.,4(12 + d) = 76; d = 28,"Student identified the correct equation but solved for d incorrectly; may not have distributed the 4 to the d in the parentheses, OR did not complete the last step and solved for 4d instead of dividing by 4 to find d.",12 + 4d = 76; d = 7,"Student incorrectly set up the equation, only multiplying the bundles of daisies by 4, and solved by first dividing 76 by 4, instead of subtracting 12, and then subtracted 12.",12 + 4d = 76; d = 16,"Student incorrectly set up the equation, only multiplying the bundles of daisies by 4, and solved accordingly.",,,,,,,,"Student identified the correct equation but solved for d incorrectly; may not have distributed the 4 to the d in the parentheses, OR did not complete the last step and solved for 4d instead of dividing by 4 to find d.","Write multi-step equations to represent real-world problems, including using rational numbers"
MATH-00562,7,i131321,Compass,q127537,A,B,676.0,42.307692307692,28.550295857988,16.863905325443,12.573964497041,,,MULTICHOICE,,"Jesse bought a 340-gram bag of ground coffee. He uses 18.75 grams of ground coffee each day. When there are 40 grams of ground coffee remaining in the bag, Jesse will buy another bag to make sure he doesn't run out of coffee. Which equation and solution correctly represent d, the number of days until Jesse buys another bag of ground coffee?",,340 - 18.75d = 40; d = 16,Correct.,340 - 18.75d = 40; d = 20.27,"Student represented the situation with the correct equation but solved incorrectly; added, instead of subtracted, 40 to 340 and then divided 380 by 18.75 and rounded to the nearest hundredth.",18.75d - 40 = 340; d = 20.27,"Student incorrectly set up the equation, possibly interpreted having 40 grams of ground coffee left over as subtracting 40, and represented using 18.75 grams each day as positive instead of negative, then solved accordingly.",40 + 18.75d = 340; d = 18.13,"Student chose a correct equation but incorrectly solved; possibly tried to solve arithmetically and found 340/18.75, ignoring the 40.",,,,,,,,"Student represented the situation with the correct equation but solved incorrectly; added, instead of subtracted, 40 to 340 and then divided 380 by 18.75 and rounded to the nearest hundredth.","Write multi-step equations to represent real-world problems, including using rational numbers"
MATH-00562,7,i185447,Compass,q188404,C,B,67.0,7.462686567164179,40.298507462686565,34.32835820895522,17.91044776119403,,,MULTICHOICE,,"Talia runs and swims every day. She runs for 0.75 hours per day. She swims for s hours per day. Over 4 days, she runs and swims for a total of 5 hours. Which equation can be used to find the number of hours Talia swims per day?",,4s + 0.75 = 5,"Student thought one of the recurring amounts was used only once, rather than being part of a repeated total.",0.75(s + 4) = 5,"Student distributed the incorrect quantity to both terms of the expression, misidentifying which value should be repeated.",4(0.75 + s) = 5,Correct.,s + 0.75(4) = 5,"Student thought one of the recurring amounts was used only once, rather than being part of a repeated total.",,,,,,,,"Student distributed the incorrect quantity to both terms of the expression, misidentifying which value should be repeated.","Write multi-step equations to represent real-world problems, including using rational numbers"
MATH-00562,7,i131325,Interim_eedi,q127541,C,B,28691.0,17.036701404621,26.673869854658,45.272036527133,11.142867101181,,,MULTICHOICE,,"Talia runs and swims every day. She runs for 0.75 hours per day. She swims for s hours per day. Over 4 days, she runs and swims for a total of 5 hours. Which equation can be used to find the number of hours Talia swims per day?",,4s + 0.75 = 5,Student confused running 0.75 hours per day with running 0.75 hours total.,0.75(s + 4) = 5,Student switched the number being distributed to both terms (4) with the number of hours ran per day (0.75).,4(0.75 + s) = 5,Correct.,s + 0.75(4) = 5,Student confused swimming s hours per day for 4 days (4s) with swimming for s hours total (s).,,,,,,,,Student switched the number being distributed to both terms (4) with the number of hours ran per day (0.75).,"Write multi-step equations to represent real-world problems, including using rational numbers"
MATH-00563,7,i185594,Compass,q188619,A,B,67.0,16.417910447761194,43.28358208955224,22.388059701492537,17.91044776119403,,,MULTICHOICE,,Which graph represents the solution to the inequality below? 8 - 2x > 12,"Four number line graphs are shown, each depicting a different solution set with open or closed circles and arrows pointing left or right at different values of x.","[Graph A - open circle at x = -2, arrow pointing left]",Correct.,"[Graph B - open circle at x = -2, arrow pointing right]",Student simplified the inequality but did not reverse the direction when dividing by a negative number.,"[Graph C - closed circle at x = -2, arrow pointing left]","Student misinterpreted the inequality symbol as ""less than or equal to"" instead of ""greater than.""","[Graph D - closed circle at x = -2, arrow pointing right]","Student made an error when combining terms and misinterpreted the inequality symbol as ""greater than or equal to"" instead of ""greater than.""",,,,,,,,Student simplified the inequality but did not reverse the direction when dividing by a negative number.,Graph the solution set of a multi-step inequality
MATH-00563,7,i117244,Interim_eedi,q114719,C,B,2334.0,22.922022279348,27.292202227934,37.917737789203,11.91088260497,,,MULTICHOICE,,"Akemi plants a tree that is 4 feet tall. The tree is expected to grow 1/2 of a foot each month. Akemi wants to know after how many months, m, she can expect the tree to be at least 10 feet tall. Which graph best represents all possible solutions for m?",Four number line graphs: Graph A shows a closed/filled dot at 3 with an arrow pointing right (m >= 3). Graph B shows an open dot at 6 with an arrow pointing right (m > 6). Graph C shows a closed/filled dot at 12 with an arrow pointing right (m >= 12). Graph D shows an open dot at 12 with an arrow pointing right (m > 12).,"Graph A: closed dot at 3, arrow pointing right","Student set up the inequality correctly, but divided by 2 instead of dividing by 1/2 when solving for m, and graphed accordingly.","Graph B: open dot at 6, arrow pointing right",Student solved for how many more feet the tree needs to grow and misinterpreted the inequality as strictly greater than rather than greater than or equal to.,"Graph C: closed dot at 12, arrow pointing right",Correct.,"Graph D: open dot at 12, arrow pointing right","Student set up and solved the inequality correctly, but misinterpreted the inequality as strictly greater than rather than greater than or equal to.",,,,,,,,Student solved for how many more feet the tree needs to grow and misinterpreted the inequality as strictly greater than rather than greater than or equal to.,Graph the solution set of a multi-step inequality
MATH-00563,7,i138384,Interim_eedi,q142859,A,B,24886.0,23.965281684481,40.910552117656,17.696696938037,17.572128907819,,,MULTICHOICE,,Which graph represents the solution to the inequality below? 8 - 2x > 12,Four number line graphs on a scale from -4 to 4. Graph A: open circle at -2 with arrow pointing left (x < -2). Graph B: open circle at -2 with arrow pointing right (x > -2). Graph C: closed/filled circle at -2 with arrow pointing left (x <= -2). Graph D: closed/filled circle at 2 with arrow pointing right (x >= 2).,"Graph A: open circle at -2, arrow pointing left",Correct.,"Graph B: open circle at -2, arrow pointing right","Student simplified the inequality to -2x > 4, but kept the inequality as '>' when dividing by -2, resulting in x > -2.","Graph C: closed circle at -2, arrow pointing left",Student interpreted the '<' symbol as 'less than or equal to.',"Graph D: closed circle at 2, arrow pointing right","Student combined unlike terms to get 6x > 12, solved to get x > 2, and interpreted the '>' symbol as 'greater than or equal to.'",,,,,,,,"Student simplified the inequality to -2x > 4, but kept the inequality as '>' when dividing by -2, resulting in x > -2.",Graph the solution set of a multi-step inequality
MATH-00563,7,i138394,Interim_eedi,q142875,A,B,658.0,43.768996960486,24.468085106382,19.908814589665,12.158054711246,,,MULTICHOICE,,"Marco set a goal to read at least 30 books in 12 months. He's already read 10 books and has 5 months left to reach his goal. Which graph best represents the possible values for the number of books, b, Marco needs to read per month in the remaining 5 months in order to meet his goal?","Four number line graphs on a scale from 1 to 8. Graph A: closed/filled dot at 4, arrow pointing right (b >= 4). Graph B: open dot at 4, arrow pointing right (b > 4). Graph C: closed/filled dot at 2, arrow pointing right (b >= 2). Graph D: open dot at 5, arrow pointing right (b > 5).","Graph A: closed dot at 4, arrow pointing right",Correct.,"Graph B: open dot at 4, arrow pointing right",Student interpreted 'at least' as 'more than.',"Graph C: closed dot at 2, arrow pointing right","Student set up the inequality correctly, combined unlike terms to get 15b is greater than or equal to 30, and then solved.","Graph D: open dot at 5, arrow pointing right",Student set up the inequality as 10b + 5 > 30 and then solved.,,,,,,,,Student interpreted 'at least' as 'more than.',Graph the solution set of a multi-step inequality
MATH-00564,7,i138406,Compass,q142890,B,A,91.0,27.472527472527,47.252747252747,16.483516483516,8.791208791208,,,MULTICHOICE,,"A restaurant is hosting a dinner event for a maximum of 95 people. So far, 23 people have registered to attend the event. There are 12 tables left and each table can seat p people. Which inequality and corresponding solution correctly represent the number of people, p, that can be seated at each table?",,95 > 23 + 12p; There must be fewer than 6 people at each table.,Student confused a situation requiring a >= sign with a > sign.,95 >= 23 + 12p; There must be 6 or fewer people at each table.,Correct.,95 > 23p + 12; There must be fewer than 3 people at each table.,"Student confused a situation requiring a >= sign with a > sign and switched the values of the coefficient and the constant, but found the correct number of people based on the (incorrect) inequality.",95 >= 23p + 12; There must be 3 or fewer people at each table.,"Student switched the values of the coefficient and the constant, but found the correct number of people based on the (incorrect) inequality.",,,,,,,,Student confused a situation requiring a >= sign with a > sign.,"Write multi-step inequalities to represent real-world problems, including using rational numbers"
MATH-00564,7,i185608,Compass,q188633,A,C,66.0,42.42424242424242,18.181818181818183,27.272727272727273,12.121212121212121,,,MULTICHOICE,,"Leila is saving money to attend a summer art class that costs $320. She already has $84.75 saved. She plans to save $32.50 each week from her part-time job. Which inequality can Leila use to find the number of weeks, w, she needs to save enough money to pay for the class?",,84.75 + 32.50w ≥ 320,Correct.,32.50w - 84.75 ≥ 320,"Student subtracted the initial amount rather than adding it, misrepresenting the situation.",320 - 84.75 ≤ 32.50w,"Student began by subtracting the initial amount from the total amount, then reversed the inequality relationship.",84.75 - 32.50w ≥ 320,"Student subtracted the recurring amount from the initial amount, misrepresenting the situation.",,,,,,,,"Student began by subtracting the initial amount from the total amount, then reversed the inequality relationship.","Write multi-step inequalities to represent real-world problems, including using rational numbers"
MATH-00567,7,i184949,Compass,q187721,C,B,116.0,7.758620689655173,33.62068965517241,50.0,8.620689655172415,,,MULTICHOICE,,"Two students made scale drawings, in inches, of the same road. • Anna used a scale of 1:600, where 1 inch of her drawing represents 600 feet. • Anna's scale drawing was 6 inches long. • Greg used a scale of 1:300, where 1 inch represents 300 feet. How long, in inches, was Greg's scale drawing?",,2,Student divided the scale values and did not understand how to use this value to determine the length of the drawing.,3,"Student did not first determine the actual length being represented before applying the new scale, leading to incorrect proportional reasoning, OR student thought that halving the scale factor meant halving the corresponding length.",12,Correct.,50,"Student applied division within the given scale rather than using proportional reasoning to adjust the length according to the new scale, possibly confusing the scale factor with the conversion process.",,,,,,,,"Student did not first determine the actual length being represented before applying the new scale, leading to incorrect proportional reasoning, OR student thought that halving the scale factor meant halving the corresponding length.",Compute actual lengths from a scale drawing (using proportional reasoning)
MATH-00567,7,i112404,Interim_eedi,q101011,C,D,21396.0,9.188633389418,14.86259113853,49.37371471303,26.832118152925,,,MULTICHOICE,,"Mora is using a map to find the distance between her house and her cousin's house. She knows that 2 centimeters on the map represent 300 miles. On the map, the distance between her house and her cousin's house is 20 centimeters. What is the distance, in miles, between Mora's house and her cousin's house?",,150,"Student found the scale of 150 miles to 1 centimeter, but did not multiply 150 by 20.",320,Student added 300 miles and 20 centimeters.,"3,000",Correct.,"6,000",Student multiplied 300 miles by 20 centimeters; did not find the miles per centimeter (150) before multiplying by 20 centimeters.,,,,,,,,Student multiplied 300 miles by 20 centimeters; did not find the miles per centimeter (150) before multiplying by 20 centimeters.,Compute actual lengths from a scale drawing (using proportional reasoning)
MATH-00567,7,i162854,Interim_eedi,q169364,C,B,21412.0,12.717167943209,47.263216887726,32.444423687651,7.864748739024,,,MULTICHOICE,,"Two students made scale drawings, in inches, of the same road. Anna used a scale of 1:600, where 1 inch of her drawing represents 600 feet. Anna's scale drawing was 6 inches long. Greg used a scale of 1:300, where 1 inch represents 300 feet. How long, in inches, was Greg's scale drawing?",,2,Student divided 600 by 300.,3,"Student did not find the actual length of the road using Anna's scale and calculated the length with 600/6 = 300/x, OR student reasoned that since 300 was half of 600, Greg's length would be half of 6.",12,Correct.,50,Student divided 300 by 6; possibly confused replicating the scale drawing with a new scale with finding the scale factor.,,,,,,,,"Student did not find the actual length of the road using Anna's scale and calculated the length with 600/6 = 300/x, OR student reasoned that since 300 was half of 600, Greg's length would be half of 6.",Compute actual lengths from a scale drawing (using proportional reasoning)
MATH-00568,7,i184951,Compass,q187723,D,A,118.0,28.8135593220339,7.627118644067797,16.949152542372882,46.610169491525426,,,MULTICHOICE,,"The large rectangle below was created from the small rectangle using a scale factor of 2.5. What is the area of the large rectangle, in square centimeters?",Two rectangles shown. Small rectangle: 6 cm × 4 cm. Large rectangle is scaled up by factor of 2.5.,26.5,Student added the scale factor to the original area rather than multiplying each dimension by the scale factor.,55.25,"Student added the scale factor to each dimension before calculating the area, rather than multiplying each dimension by the scale factor.",60,Student applied the scale factor to the area rather than recognizing that the scale factor must be applied to each dimension separately.,150,Correct.,,,,,,,,Student added the scale factor to the original area rather than multiplying each dimension by the scale factor.,Compute actual areas from a scale drawing (using proportional reasoning)
MATH-00568,7,i113217,Interim_eedi,q103107,D,C,21694.0,26.638701945238,13.718078731446,26.924495252143,33.013736517009,,,MULTICHOICE,,"The large rectangle below was created from the small rectangle using a scale factor of 2.5. What is the area of the large rectangle, in square centimeters?",Two rectangles are shown side by side. The small rectangle on the left is labeled 6 cm (height) and 4 cm (width). The large rectangle on the right has no dimension labels but was created using a scale factor of 2.5.,26.5,Student added 2.5 to the area of the small rectangle.,55.25,Student added 2.5 to each dimension before multiplying the dimensions to find the area; did not recognize to multiply each dimension by 2.5.,60,Student multiplied the area of the small rectangle by 2.5; did not recognize to multiply by 2.5 twice to equate to multiplying each dimension by 2.5.,150,Correct.,,,,,,,,Student multiplied the area of the small rectangle by 2.5; did not recognize to multiply by 2.5 twice to equate to multiplying each dimension by 2.5.,Compute actual areas from a scale drawing (using proportional reasoning)
MATH-00571,7,i184834,Compass,q187558,C,A,267.0,38.951310861423,16.104868913857,28.464419475655,16.479400749063,,,MULTICHOICE,,"Gloria is asked to draw triangles that include both a 90 degree angle and a 42 degree angle. Before she begins drawing, Gloria wants to determine how many unique triangles she can draw that meet this requirement. Which statement is true?",,Gloria can draw one unique triangle.,Student misinterpreted a limit on the angle measurement as a limit on the number of unique triangles that could be drawn; did not recognize that triangles with different sides but the same angles are unique.,Gloria cannot draw any unique triangles.,Student did not recognize that two angles provide enough information to construct a triangle meeting the given requirements since the third angle can be calculated.,Gloria can draw infinitely many unique triangles.,Correct.,There is not enough information to determine how many unique triangles Gloria can draw.,Student thought that all three angle measurements and/or all three side lengths needed to be given in order to determine the number of unique triangles that can be drawn.,,,,,,,,Student misinterpreted a limit on the angle measurement as a limit on the number of unique triangles that could be drawn; did not recognize that triangles with different sides but the same angles are unique.,"Know and understand conditions that determine a unique triangle, more than one triangle, or no triangle"
MATH-00571,7,i185500,Compass,q188466,D,A,42.0,30.952380952380953,21.428571428571427,23.80952380952381,23.80952380952381,,,MULTICHOICE,,"Gloria is asked to draw triangles that include both a 90° angle and a 42° angle. Before she begins drawing, Gloria wants to determine how many unique triangles she can draw that meet this requirement. Which statement is true?",,Gloria can draw one unique triangle because the third angle must measure 48°.,Student thought that a fixed set of angle measures determines only one triangle and did not recognize that different side lengths can create multiple unique triangles with the same angle measures.,Gloria does not have enough information to determine how many unique triangles she can draw.,"Student thought that information about all angles or all sides was required to determine how many triangles could be drawn, not realizing that angle measures alone define the shape.",Gloria cannot draw any unique triangles because she has been given the measures of only two angles.,Student did not recognize that knowing two angles is enough to determine all three angles of a triangle and begin constructing valid examples.,Gloria can draw infinitely many unique triangles because the side lengths of the triangles can be different sizes.,Correct.,,,,,,,,Student thought that a fixed set of angle measures determines only one triangle and did not recognize that different side lengths can create multiple unique triangles with the same angle measures.,"Know and understand conditions that determine a unique triangle, more than one triangle, or no triangle"
MATH-00571,7,i185501,Compass,q188467,C,A,41.0,29.26829268292683,21.951219512195124,39.02439024390244,9.75609756097561,,,MULTICHOICE,,Which set of side lengths can form a triangle?,,"2 cm, 2 cm, 6 cm",Student did not apply the Triangle Inequality Theorem; possibly thought that because two side lengths were equal it was an isosceles triangle.,"3 cm, 6 cm, 9 cm",Student misinterpreted the Triangle Inequality Theorem to mean that the sum of the two shortest sides could be equal to the longest side.,"4 cm, 8 cm, 5 cm",Correct.,"8 cm, 3 cm, 4 cm",Student misinterpreted the Triangle Inequality Theorem; possibly subtracted the longest and shortest side lengths and thought it had to be greater than the remaining side.,,,,,,,,Student did not apply the Triangle Inequality Theorem; possibly thought that because two side lengths were equal it was an isosceles triangle.,"Know and understand conditions that determine a unique triangle, more than one triangle, or no triangle"
MATH-00571,7,i112439,Interim_eedi,q100151,C,A,13838.0,36.298598063303,22.047983812689,36.602110131521,5.138025726261,,,MULTICHOICE,,Which set of side lengths can form a triangle?,,"2 cm, 2 cm, 6 cm",Student did not apply the Triangle Inequality Theorem; possibly thought that because two side lengths were equal it was an isosceles triangle.,"3 cm, 6 cm, 9 cm",Student misinterpreted the Triangle Inequality Theorem to mean that the sum of the two shortest sides could be equal to the longest side.,"4 cm, 8 cm, 5 cm",Correct.,"8 cm, 3 cm, 4 cm",Student misinterpreted the Triangle Inequality Theorem; possibly subtracted the longest and shortest side lengths and thought it had to be greater than the remaining side (8 - 3 > 4).,,,,,,,,Student did not apply the Triangle Inequality Theorem; possibly thought that because two side lengths were equal it was an isosceles triangle.,"Know and understand conditions that determine a unique triangle, more than one triangle, or no triangle"
MATH-00571,7,i113214,Interim_eedi,q102900,C,A,5814.0,33.677330581355,26.057791537667,28.878568971448,11.42070863433,,,MULTICHOICE,,Gloria's teacher asks her to draw a triangle with a 90° angle and a 42° angle. How many unique triangles can Gloria draw that meet her teacher's requirements?,,One unique triangle can be drawn because the third angle must measure 48°.,Student misinterpreted a limit on the angle measurement as a limit on the number of unique triangles that could be drawn; did not recognize that triangles with different sides but the same angles are unique.,No unique triangle can be drawn because the teacher only gave the measures of two angles.,Student did not recognize that two angles provide enough information to construct a triangle meeting the teacher's requirements since the third angle can be calculated.,Infinitely many unique triangles can be drawn because the side lengths of the triangles can be different sizes.,Correct.,There is not enough information to determine how many unique triangles can be drawn.,Student thought that all three angle measurements and/or all three side lengths needed to be given in order to determine the number of unique triangles that can be drawn.,,,,,,,,Student misinterpreted a limit on the angle measurement as a limit on the number of unique triangles that could be drawn; did not recognize that triangles with different sides but the same angles are unique.,"Know and understand conditions that determine a unique triangle, more than one triangle, or no triangle"
MATH-00575,7,i185129,Compass,q187963,C,B,66.0,19.696969696969695,25.757575757575758,31.818181818181817,22.727272727272727,,,MULTICHOICE,,"A circle has a diameter of 8 centimeters, as shown below. What is the area, in square centimeters, of the circle?",Image shows a circle with a diameter of 8 cm labeled across the center.,4π,Student applied the formula for area but multiplied by the radius instead of squaring the radius.,8π,"Student confused the formula for circumference with the formula for area, OR thought squaring the radius meant multiplying by 2 instead of multiplying the radius by itself.",16π,Correct.,64π,Student used the diameter in place of the radius when applying the area formula.,,,,,,,,"Student confused the formula for circumference with the formula for area, OR thought squaring the radius meant multiplying by 2 instead of multiplying the radius by itself.","Find the area of a circle to solve problems, including by using the formula for area of a circle"
MATH-00575,7,i138872,Interim_eedi,q143924,C,D,27390.0,16.980649872216,16.257758305951,49.437751004016,17.550200803212,,,MULTICHOICE,,"A circle has a diameter of 8 centimeters, as shown below. What is the area, in square centimeters, of the circle?",A circle is shown with a horizontal diameter line labeled 8 cm.,4pi,Student calculated pi x r instead of pi x r^2.,8pi,"Student confused the circumference with the area, OR student squared 4 as 4 x 2 instead of 4 x 4.",16pi,Correct.,64pi,Student confused the radius with the diameter.,,,,,,,,Student confused the radius with the diameter.,"Find the area of a circle to solve problems, including by using the formula for area of a circle"
MATH-00576,7,i185130,Compass,q187964,B,C,66.0,9.090909090909092,39.39393939393939,43.93939393939394,7.575757575757576,,,MULTICHOICE,,"A circular piece of wood has a circumference of exactly 60.5 inches. Which measurement is closest to the radius, in inches, of the piece of wood? Use 3.14 as an approximation of π.",,4.4,Student treated the given value as the area instead of the circumference when solving for the radius.,9.6,Correct.,19.3,Student calculated the diameter but did not divide by 2 to find the radius.,95.0,Student multiplied by pi instead of dividing by pi when using the formula for circumference to solve for the radius.,,,,,,,,Student calculated the diameter but did not divide by 2 to find the radius.,"Find the circumference of a circle to solve problems, including by using the formula for circumference of a circle"
MATH-00576,7,i138873,Interim_eedi,q143925,B,C,15185.0,9.581824168587,35.956536055317,41.264405663483,13.210405004939,,,MULTICHOICE,,"A circular piece of wood has a circumference of exactly 60.5 inches. Which measurement is closest to the radius, in inches, of the piece of wood? Use 3.14 as an approximation of pi.",,4.4,Student calculated the radius as though 60.5 were the area instead of the circumference.,9.6,Correct.,19.3,"Student forgot to divide by 2, calculating the diameter instead of the radius.",95.0,Student multiplied by pi instead of dividing by pi (60.5 x 3.14)/2.,,,,,,,,"Student forgot to divide by 2, calculating the diameter instead of the radius.","Find the circumference of a circle to solve problems, including by using the formula for circumference of a circle"
MATH-00578,7,i185525,Compass,q188503,C,B,13.0,7.6923076923076925,53.84615384615385,38.46153846153846,,,,MULTICHOICE,,Angle ABC and angle DEF form a straight line. The measure of angle ABC is 2x + 10 degrees. The measure of angle DEF is x - 4 degrees. Which equation could be used to find the value of x?,,2x + 10 = 180,"Student understood that a straight line measures 180 degrees, but set up an incorrect equation to solve for x.",2x + 10 = x - 4,"Student may have thought that angles that formed a straight line must be congruent, and selected an equation that represent congruent angles.",(2x+10) + (x-4) = 180,Correct.,(2x + 10) + (x - 4) = 90,Student thought that a straight line measured 90 degrees; may have confused a straight line with a right angle.,,,,,,,,"Student may have thought that angles that formed a straight line must be congruent, and selected an equation that represent congruent angles.",Write equations for multi-step problems to find an unknown angle
MATH-00579,7,i185503,Compass,q188469,A,C,13.0,61.53846153846154,,23.076923076923077,15.384615384615385,,,MULTICHOICE,,"Line t intersects line u, as shown below. What is the value of x?",Two intersecting lines t and u are shown. The angles formed at the intersection are labeled. One angle is labeled with an expression such as (2x + 16)° and its vertical angle or supplementary angle relationship with another labeled angle is used to solve for x. The correct value of x = 54.,54,Correct.,71,Student incorrectly applied inverse operations and misused algebraic rules when simplifying the equation.,108,Student stopped before fully isolating the variable and did not complete the final step of solving.,125,Student found the value of the entire expression instead of solving for the variable.,,,,,,,,Student stopped before fully isolating the variable and did not complete the final step of solving.,"Find an unknown angle, including by writing and solving equations"
MATH-00579,7,i138877,Interim_eedi,q143930,A,C,13554.0,56.55157149181,13.132654566917,18.983325955437,11.420982735723,,,MULTICHOICE,,"Line t intersects line u, as shown below. What is the value of x?","Two straight lines t and u intersect each other forming an X shape. One angle formed at the intersection is labeled (2x + 17) degrees, and the vertically opposite angle is labeled 125 degrees.",54,Correct.,71,"Student did not use algebraic rules correctly to simplify the equation; added 17 to 125 and subtracted 17 from 2x + 17, instead of subtracting 17 from both sides.",108,Student did not completely isolate the variable; did not divide by 2.,125,"Student found the value of the expression 2x + 17, instead of the value of x.",,,,,,,,Student did not completely isolate the variable; did not divide by 2.,"Find an unknown angle, including by writing and solving equations"
MATH-00581,7,i111740,Interim_eedi,q103359,D,A,11398.0,54.281452886471,16.169503421652,11.484470959817,18.652395157045,,,MULTICHOICE,,"What is the surface area, in square inches, of the rectangular prism below?","A rectangular prism with dimensions: length 4 inches, width 2.7 inches, height 2.2 inches.",23.76,Student found the volume of the prism instead of the surface area.,25.54,Student found the area of the visible faces; did not multiply by 2 when finding the surface area.,40.28,Student did not account for the area of the bottom face.,51.08,Correct.,,,,,,,,Student found the volume of the prism instead of the surface area.,Determine the surface area of three-dimensional prisms in mathematical problems
MATH-00585,7,i112656,Interim_eedi,q103348,B,C,17307.0,17.657595192696,34.864505691338,37.55127982897,10.013289420465,,,MULTICHOICE,,"The floor plan for Jacob's living room is shown below. What is the area, in square feet, of Jacob's living room?",A composite floor plan shape showing a total width of 18 feet. On the right side is a rectangle 8 feet wide and 8 feet tall (with an internal height marker of 5 feet). On the left side is a triangular region that extends from the top-left corner of the right rectangle down to the bottom-left corner of the overall shape. The total base is 18 feet.,114,Student calculated the area of the rectangular regions and ignored the triangular region.,129,Correct.,144,"Student took the entire object as a rectangle and calculated 18 x 8, OR student did not multiply by 1/2 when finding the area of the triangle.",181,Student mistook the length of the rectangle and the triangle as 18 feet instead of 10 feet and calculated (18 x 5) + (8 x 8) + (18 x 3)/2.,,,,,,,,"Student took the entire object as a rectangle and calculated 18 x 8, OR student did not multiply by 1/2 when finding the area of the triangle.",Determine the area of two-dimensional figures composed of various polygons in real-world problems
MATH-00591,7,i185131,Compass,q187965,AC,B,117.0,41.02564102564103,34.18803418803419,49.572649572649574,29.914529914529915,32.47863247863248,,MULTISELECT,,Use the number line to answer the question below. Which of the following are true? Select all that apply.,"Number line showing points a and b (negative), 0, and points c and d (positive), with b and c appearing to be opposites.",b + c = 0,Correct.,a + b > b,Student did not recognize that adding a negative number to another negative number results in a smaller sum; thought the sum would be greater without considering the effect of adding negatives.,b + d > 0,Correct.,c + a > c,Student did not recognize that adding a negative number to a positive number would decease the value of the positive number.,d + a = 0,"Student did not recognize that the positive number and the negative number being added are not opposites and therefore do not sum to 0; perhaps thought that when a positive number and a negative number are added, the result is 0.",,,,,,Student did not recognize that adding a negative number to another negative number results in a smaller sum; thought the sum would be greater without considering the effect of adding negatives.,Interpret p + q as the number located a distance |q| from p in the positive or negative direction depending on whether q is positive or negative
MATH-00591,7,i113028,Interim_eedi,q110989,AC,B,33003.0,66.972699451565,36.251249886373,49.216737872314,29.006453958731,30.521467745356,,MULTISELECT,,Use the number line to answer the question below. Which of the following are true? Select all that apply.,"A number line showing four labeled points: a and b are both to the left of 0 (negative), with a further left than b; c and d are both to the right of 0 (positive), with c closer to 0 than d. Points b and c appear to be opposites (equidistant from 0).",b + c = 0,Correct.,a + b > b,"Student did not recognize that adding a negative, b, to a negative, a, would decrease its value by |b| and therefore make a + b < b.",b + d > 0,Correct.,c + a > c,"Student did not recognize that because a is negative, the value of c will decrease instead of increase; thought that the value of c would increase, instead of decrease, by |a|.",d + a = 0,"Student did not recognize that adding a to d would decrease d's value by |a|, resulting in a difference greater than 0; may have thought that a and d were opposites and would sum to zero.",,,,,,"Student did not recognize that adding a negative, b, to a negative, a, would decrease its value by |b| and therefore make a + b < b.",Interpret p + q as the number located a distance |q| from p in the positive or negative direction depending on whether q is positive or negative
MATH-00593,7,i185132,Compass,q187966,D,B,121.0,21.487603305785125,23.140495867768596,9.090909090909092,46.28099173553719,,,MULTICHOICE,,"Omar is a climate change expert studying the relationship between rising ocean levels and floods in low-income communities. He conducts a simulation where the elevation of an object in the ocean begins at -75 feet. Overnight, the object rises 33 feet. Which statement is true about the elevation of the object after it rises?",,The elevation of the object will be less than -75 feet.,"Student interpreted the positive change as moving further in the negative direction, OR thought a result closer to zero was less than the initial negative value.",The elevation of the object will be greater than 33 feet.,Student did not recognize that adding a negative value to a positive value results in a sum less than the positive value.,The elevation of the object will be between 0 and 33 feet.,Student thought that adding a positive value would result in a positive sum without considering that the starting negative value had a greater absolute value.,The elevation of the object will be between -75 and 0 feet.,Correct.,,,,,,,,Student did not recognize that adding a negative value to a positive value results in a sum less than the positive value.,"Interpret sums of rational numbers (fractions, decimals, and integers) by describing them with real-world contexts"
MATH-00593,7,i113074,Interim_eedi,q100600,D,B,3412.0,19.636576787807,20.310668229777,16.529894490035,43.610785463071,,,MULTICHOICE,,Gini is playing a card game in which she receives -1 point for every red card and 1 point for every black card in her hand. Gini earns a score of -3 points. What could Gini's cards be?,,1 red card and 2 black cards,"Student chose a hand that has 3 total cards, but would not earn a score of -3.",3 red cards and 3 black cards,Student chose a hand that would score 0; possibly confused because the hand includes the score of -3.,4 red cards and 7 black cards,Student chose a hand that would score 3 instead of -3.,8 red cards and 5 black cards,Correct.,,,,,,,,Student chose a hand that would score 0; possibly confused because the hand includes the score of -3.,"Interpret sums of rational numbers (fractions, decimals, and integers) by describing them with real-world contexts"
MATH-00593,7,i162851,Interim_eedi,q169361,D,B,22775.0,16.904500548847,19.521405049396,18.195389681668,45.554335894621,,,MULTICHOICE,,"The elevation of an object in the ocean is -32 feet. Overnight, the object rises 28 feet. Which statement is true about the elevation of the object after it rises?",,The elevation of the object will be less than -32 feet.,"Student interpreted a rise of 28 feet in the negative direction from -32, OR student thought -4 was less than -32.",The elevation of the object will be greater than 28 feet.,"Student did not understand that the sum of a negative and positive will be less than the positive number; did not recognize that because the initial elevation had a greater absolute value than the number of feet the object rose, the elevation would still be less than the positive number (28).",The elevation of the object will be between 0 and 28 feet.,"Student thought that because the object rises a positive number of feet (28), the elevation will be positive; did not recognize that because the initial elevation had a greater absolute value than the number of feet the object rose, the elevation would still be negative.",The elevation of the object will be between -32 and 0 feet.,Correct.,,,,,,,,"Student did not understand that the sum of a negative and positive will be less than the positive number; did not recognize that because the initial elevation had a greater absolute value than the number of feet the object rose, the elevation would still be less than the positive number (28).","Interpret sums of rational numbers (fractions, decimals, and integers) by describing them with real-world contexts"
MATH-00593,7,i171464,Interim_eedi,q175598,D,B,10477.0,17.610002863415,23.145938722916,17.21866946645,42.111291400209,,,MULTICHOICE,,"Omar is a climate change expert studying the relationship between rising ocean levels and floods in low-income communities. He conducts a simulation where the elevation of an object in the ocean begins at -75 feet. Overnight, the object rises 33 feet. Which statement is true about the elevation of the object after it rises?",,The elevation of the object will be less than -75 feet.,"Student interpreted a rise of 33 feet in the negative direction from -75, OR student thought -42 was less than -75.",The elevation of the object will be greater than 33 feet.,"Student did not understand that the sum of a negative and positive will be less than the positive number; did not recognize that because the initial elevation had a greater absolute value than the number of feet the object rose, the elevation would still be less than the positive number (33).",The elevation of the object will be between 0 and 33 feet.,"Student thought that because the object rises a positive number of feet (33), the elevation will be positive; did not recognize that because the initial elevation had a greater absolute value than the number of feet the object rose, the elevation would still be negative.",The elevation of the object will be between -75 and 0 feet.,Correct.,,,,,,,,"Student did not understand that the sum of a negative and positive will be less than the positive number; did not recognize that because the initial elevation had a greater absolute value than the number of feet the object rose, the elevation would still be less than the positive number (33).","Interpret sums of rational numbers (fractions, decimals, and integers) by describing them with real-world contexts"
MATH-00594,7,i185133,Compass,q187967,B,A,119.0,18.48739495798319,60.50420168067227,14.285714285714286,6.722689075630252,,,MULTICHOICE,,"The temperature at noon was -4°C. By midnight, the temperature dropped 8°C. Which expression represents the temperature at midnight?",,-4 + 8,Student represented an increase instead of a decrease; may have attempted to use an additive inverse but did not apply it correctly.,-4 + (-8),Correct.,-4 - (-8),"Student represented the decrease as subtracting a negative value, not recognizing that subtracting a negative results in an increase.",-4 - 8,Student may have interpreted the change in value as the final value and represented the difference between the initial value and the change in value.,,,,,,,,Student represented an increase instead of a decrease; may have attempted to use an additive inverse but did not apply it correctly.,Understand p - q is equivalent to p + (-q)
MATH-00594,7,i161638,Interim_eedi,q168069,C,D,185.0,23.783783783783,11.351351351351,38.378378378378,26.486486486486,,,MULTICHOICE,,Which expression is equivalent to the expression below? x + y,,x - y,Student changed the operation without using the additive inverse of y.,-x - y,Student changed the operation but used the additive inverse of the wrong term (x instead of y).,x - (-y),Correct.,(-x) - (-y),Student changed the operation but thought they needed to use the additive inverse of both terms.,,,,,,,,Student changed the operation but thought they needed to use the additive inverse of both terms.,Understand p - q is equivalent to p + (-q)
MATH-00594,7,i162847,Interim_eedi,q169357,B,C,32622.0,20.244007111765,47.82968548832,21.292379375881,10.836245478511,,,MULTICHOICE,,"The temperature at noon was -4 degrees C. By midnight, the temperature dropped 8 degrees C. Which expression represents the temperature at midnight?",,-4 + 8,Student represented an increase in temperature instead of a decrease; may have tried adding the additive inverse but did not use the additive inverse of 8.,-4 + (-8),Correct.,-4 - (-8),Student represented a decrease of 8 degrees as a decrease of -8 degrees; did not recognize this would actually result in an increase.,-4 - 8,Student may have interpreted 8 degrees as the temperature at midnight and represented the difference between the two temperatures.,,,,,,,,Student represented a decrease of 8 degrees as a decrease of -8 degrees; did not recognize this would actually result in an increase.,Understand p - q is equivalent to p + (-q)
MATH-00597,7,i185122,Compass,q187954,C,B,309.0,10.35598705501618,18.12297734627832,56.63430420711974,14.88673139158576,,,MULTICHOICE,,Which expression can be used to find the value of the expression below? (-7/10) + 2/8 + 1/10 + (-4/8),,8/10 + 6/8,"Student used the commutative property to add fractions with like denominators but did not apply the rules of adding and subtracting negative numbers, making the fractions positive, instead of negative.",(-6/10) + 2/8,Student combined the fractions with like denominators but kept the sign of the fractions that came first in the original expression.,(-6/10) + (-2/8),Correct.,(-8/10) + (-6/8),Student tried to apply the commutative property to add fractions with like denominators but added the absolute values of each fraction together and made them negative; student may not know properties of adding and subtracting positive and negative rational numbers.,,,,,,,,Student combined the fractions with like denominators but kept the sign of the fractions that came first in the original expression.,Use properties of operations to add rational numbers
MATH-00598,7,i185134,Compass,q187968,C,B,307.0,21.172638436482085,31.270358306188925,34.20195439739414,13.355048859934854,,,MULTICHOICE,,Which expression can be used to find the value of the expression below? -9.5 - (-4.1) - 3.3,,-9.5 - 4.1 - 3.3,"Student treated subtracting a negative value as subtracting a positive value, OR may have confused parentheses with absolute value symbols.",(-9.5 + -4.1) + 3.3,Student attempted to apply the additive inverse but changed the operations without correctly adjusting the signs.,(-9.5 + -3.3) + 4.1,Correct.,(4.1 - 3.3) - (-9.5),Student rearranged the terms and subtracted in a different order but incorrectly subtracted the negative value instead of adding the opposite; perhaps thought the subtraction operation applied to all terms.,,,,,,,,Student attempted to apply the additive inverse but changed the operations without correctly adjusting the signs.,Use properties of operations to subtract rational numbers
MATH-00598,7,i138065,Interim_eedi,q142475,C,B,32314.0,26.239400878876,35.507829423779,30.253141053413,8.206969115553,,,MULTICHOICE,,Which expression can be used to find the value of the expression below? 6.1 - 5.4 - (-7.7),,6.1 - 5.4 - 7.7,"Student thought - (-7.7) = - 7.7, OR student may have confused parentheses with absolute value.",6.1 + 5.4 + (-7.7),Student may have tried to use the additive inverse but only changed the operations.,6.1 + 7.7 - 5.4,Correct.,6.1 + 7.7 + 5.4,"Student rearranged the expression to show adding 7.7 to 6.1 first, but then incorrectly added 5.4 instead of subtracting 5.4.",,,,,,,,Student may have tried to use the additive inverse but only changed the operations.,Use properties of operations to subtract rational numbers
MATH-00598,7,i171831,Interim_eedi,q175994,DF,E,14091.0,38.308139947484,26.257895110354,41.04747711305,38.031367539564,48.130012064438,36.917181179476,MULTISELECT,,Which expressions are equivalent to the expression below? -1/3 - (1/6 - 4). Select all that apply.,,1/6 - 1/3 - 4,Student did not distribute the negative outside the parentheses to either term inside the parentheses.,-1/3 + 4 + 1/6,Student did not distribute the negative outside the parentheses to the 1/6.,-(1/3 - 1/6) + 4,"Student chose an expression in which the 1/6 would ultimately be a positive value, instead of negative, because the negative sign outside the parentheses would be distributed to the -1/6, making it positive.",-1/3 - 1/6 + 4,Correct.,-1/3 - (4 - 1/6),Student may have tried distributing a negative from outside the parentheses but did not change the operation outside the parentheses to addition.,4 - (1/3 + 1/6),Correct.,,,,Student may have tried distributing a negative from outside the parentheses but did not change the operation outside the parentheses to addition.,Use properties of operations to subtract rational numbers
MATH-00606,7,i184131,Compass,q186543,D,A,1126.0,31.438721136767,14.831261101243,20.959147424511,32.770870337477,,,MULTICHOICE,,Which expression could be used to evaluate the expression below? -6 x 2 3/5,,-6(2 x 3/5),"Student tried to use the distributive property, thinking 2 x 3/5 = 2 3/5.",-6 x 2 - 3/5,"Student multiplied the whole numbers, not recognizing the fraction also needs to be multiplied by -6.",(-6 x 2) + (6 x 3/5),Student did not recognize both 2 and 3/5 need to be multiplied by -6.,(-6 x 2) + (-6 x 3/5),Correct.,,,,,,,,"Student tried to use the distributive property, thinking 2 x 3/5 = 2 3/5.",Apply properties of operations as strategies to multiply rational numbers
MATH-00606,7,i185496,Compass,q188462,D,C,310.0,17.096774193548388,9.35483870967742,20.322580645161292,53.225806451612904,,,MULTICHOICE,,Which expression could be used to evaluate the expression below? -2 3/5 × 6,,-2 × 6 - 3/5,"Student multiplied only the whole number part and treated the fraction as a separate subtraction, not recognizing the entire mixed number must be multiplied.",-2(3/5 × -3),Student misapplied the distributive property and misunderstood how to represent a mixed number as a product.,(-2 × 6) + (3/5 × 6),"Student did not apply the negative to both parts of the mixed number, resulting in an incorrect representation of its value.",(-2 × 6) + (-3/5 × 6),Correct.,,,,,,,,"Student did not apply the negative to both parts of the mixed number, resulting in an incorrect representation of its value.",Apply properties of operations as strategies to multiply rational numbers
MATH-00606,7,i138059,Interim_eedi,q142469,D,C,22636.0,17.034811804205,21.474642162926,29.810920657359,31.851917299876,,,MULTICHOICE,,Which expression could be used to evaluate the expression below? -2 3/5 x 6,,-2 x 6 - 3/5,"Student multiplied the whole numbers, not recognizing the fraction also needs to be multiplied by 6.",-2(3/5 x -3),"Student tried to use the distributive property, thinking -2 x 3/5 = -2 3/5.",(-2 x 6) + (3/5 x 6),Student did not recognize both 2 and 3/5 need to be negative to represent -2 3/5.,(-2 x 6) + (-3/5 x 6),Correct.,,,,,,,,Student did not recognize both 2 and 3/5 need to be negative to represent -2 3/5.,Apply properties of operations as strategies to multiply rational numbers
MATH-00607,7,i184145,Compass,q186562,C,A,1174.0,23.083475298126,13.20272572402,42.163543441226,21.550255536626,,,MULTICHOICE,,Which expression could be used to find the value of the expression below? 17 / (-8 / -4),,17 / (-4/-8),Student incorrectly rearranged the expression when attempting to have the negative values together.,-17 / (-4 x 8),Student incorrectly represented multiplying by 8 instead of 1/8; may not have understood that 17/8 is equal to 17 x 1/8.,17/8 x 1/4,Correct.,-17 x -1/8 x -1/4,"Student correctly rearranged the expression, but made all of the values negative; did not recognize that only 17 or only 1/8 had to be negative to represent -17 1/8.",,,,,,,,Student incorrectly rearranged the expression when attempting to have the negative values together.,Apply properties of operations as strategies to divide rational numbers
MATH-00607,7,i184828,Compass,q187552,C,A,931.0,26.852846401718,13.748657357679,48.4425349087,10.955961331901,,,MULTICHOICE,,Which expression could be used to evaluate the expression below? -8 / (2/5),,-(8 x 5) / (8 x 2),Student incorrectly tried to multiply the numerator and denominator by 8; perhaps student thought this was a use of the distributive property.,-8/2 x -5,Student organized the terms to create an equivalent multiplication expression but made both terms negative.,-(8 x 5/2),Correct.,-8/2 / 5,Student did not realize that dividing -8 by 2/5 would result in multiplying -8/2 by 5 instead of dividing by 5.,,,,,,,,Student incorrectly tried to multiply the numerator and denominator by 8; perhaps student thought this was a use of the distributive property.,Apply properties of operations as strategies to divide rational numbers
MATH-00607,7,i185604,Compass,q188629,D,B,308.0,12.012987012987013,39.61038961038961,14.285714285714286,34.09090909090909,,,MULTICHOICE,,Which expression could be used to evaluate the expression below? 24 / (-7 ÷ -3),,-24/-3 × 7,"Student attempted to multiply by the reciprocal but incorrectly applied it to the wrong part of the expression, reversing the denominator and the whole number.",-(24/7 × 1/3),"Student dropped the negative sign when rewriting the reciprocal, misapplying sign rules in fraction division.",24 ÷ (-3/-7),Student attempted to reorder the division but combined the signs incorrectly when rearranging the expression.,24 × (-1/3) × (-1/7),Correct.,,,,,,,,"Student dropped the negative sign when rewriting the reciprocal, misapplying sign rules in fraction division.",Apply properties of operations as strategies to divide rational numbers
MATH-00607,7,i116835,Interim_eedi,q114187,C,A,8176.0,31.470156555772,20.132093933463,35.261741682974,13.172700587084,,,MULTICHOICE,,Which expression could be used to evaluate the expression below? -8 divided by (-2/-5),,-(8x5 / 8x2),Student incorrectly tried to multiply the numerator and denominator by 8; perhaps student thought this was a use of the distributive property.,-8/2 x -5,Student organized the terms to create an equivalent multiplication expression but made both terms negative.,-(8x5/2),Correct.,-8/-2 divided by -5,Student did not realize that dividing -8 by -2/-5 would result in multiplying -8/-2 by -5 instead of dividing by -5.,,,,,,,,Student incorrectly tried to multiply the numerator and denominator by 8; perhaps student thought this was a use of the distributive property.,Apply properties of operations as strategies to divide rational numbers
MATH-00607,7,i138060,Interim_eedi,q142471,D,C,31182.0,19.687640305304,14.206914245397,43.114617407478,23.112693220447,,,MULTICHOICE,,Which expression could be used to find the value of the expression below? 17 / (-8 divided by -4),,17 divided by (-4/-8),Student incorrectly rearranged the expression when attempting to have the negative values together.,-17 / (-4 x 8),Student incorrectly represented multiplying by 8 instead of 1/8; may not have understood that 17/8 is equal to 17 x 1/8.,-(17/8 x 1/4),"Student correctly turned the division by -4 into multiplication by -1/4, but dropped the negative before 1/4 when pulling a negative sign outside of the expression.",17 x -1/8 x -1/4,Correct.,,,,,,,,"Student correctly turned the division by -4 into multiplication by -1/4, but dropped the negative before 1/4 when pulling a negative sign outside of the expression.",Apply properties of operations as strategies to divide rational numbers
MATH-00610,7,i185498,Compass,q188464,B,C,189.0,4.232804232804233,56.613756613756614,30.687830687830687,8.465608465608465,,,MULTICHOICE,,"Melvin, a middle schooler, wants to study geology. He is accepted into a summer program that will give him experience studying elevations in Latin American countries. During his program, he finds that the lowest elevations of Argentina and Peru are both below sea level. The lowest elevation in Argentina is about 345 feet below sea level. The lowest elevation in Peru is about 1/3 the value of Argentina's lowest elevation. Which value best represents the lowest elevation, in feet, in Peru?",,"-1,035","Student multiplied the original value instead of finding the fractional part, showing a misunderstanding of fractional relationships.",-115,Correct.,115,Student represented a value below sea level as positive.,"1,035",Student multiplied the original value instead of finding the fractional part and represented a below-sea-level value as positive.,,,,,,,,Student represented a value below sea level as positive.,Multiply rational numbers to solve real-world problems
MATH-00610,7,i112690,Interim_eedi,q110953,A,B,18428.0,53.391578033427,17.940091165617,12.806598654221,16.029954417191,,,MULTICHOICE,,"A submarine starts at sea level and descends at a rate of 7 feet per second. What will be the altitude, in feet, of the submarine after 30 seconds?",,-210,Correct.,-37,"Student recognized the value should be negative, but added -7 and -30 instead of multiplying 30 and -7.",23,Student may have represented 7 as negative and found 30 + -7; possibly interpreted the situation as descending 7 feet from 30 feet.,210,Student did not recognize that a rate of descent would be represented with a negative integer; calculated 30 x 7 instead of 30 x -7.,,,,,,,,"Student recognized the value should be negative, but added -7 and -30 instead of multiplying 30 and -7.",Multiply rational numbers to solve real-world problems
MATH-00610,7,i130385,Interim_eedi,q125986,B,C,21106.0,18.070690798824,47.152468492371,26.106320477589,8.950061593859,,,MULTICHOICE,,"The lowest elevations of Argentina and Peru are both below sea level. The lowest elevation in Argentina is about 345 feet below sea level. The lowest elevation in Peru is about 1/3 the value of Argentina's lowest elevation. Which value best represents the lowest elevation, in feet, in Peru?",,"-1,035",Student calculated 3 times the value instead of 1/3 the value.,-115,Correct.,115,Student represented 'below sea level' as a positive value.,"1,035",Student calculated 3 times the value instead of 1/3 the value and represented 'below sea level' as a positive value.,,,,,,,,Student represented 'below sea level' as a positive value.,Multiply rational numbers to solve real-world problems
MATH-00610,7,i172948,Interim_eedi,q176857,B,C,9950.0,20.1608040201,47.798994974874,22.793969849246,9.417085427135,,,MULTICHOICE,,"Melvin, a middle schooler, wants to study geology. He is accepted into a summer program that will give him experience studying elevations in Latin American countries. During his program, he finds that the lowest elevations of Argentina and Peru are both below sea level. The lowest elevation in Argentina is about 345 feet below sea level. The lowest elevation in Peru is about 1/3 the value of Argentina's lowest elevation. Which value best represents the lowest elevation, in feet, in Peru?",,"-1,035",Student calculated 3 times the value instead of 1/3 the value.,-115,Correct.,115,Student represented 'below sea level' as a positive value.,"1,035",Student calculated 3 times the value instead of 1/3 the value and represented 'below sea level' as a positive value.,,,,,,,,Student represented 'below sea level' as a positive value.,Multiply rational numbers to solve real-world problems
MATH-00613,7,i185499,Compass,q188465,D,C,189.0,11.640211640211641,9.523809523809524,12.16931216931217,66.66666666666667,,,MULTICHOICE,,Karina is shipping first aid kits through the Red Cross to people injured during a natural disaster. She sends two boxes. Box A weighs 32.04 kilograms. Box B weighs 32 1/4 kilograms. Which statement is true?,,The boxes weigh the same amount.,"Student incorrectly matched a decimal and a fraction, likely due to a misunderstanding of how to convert between the two forms.",Box B weighs 0.10 of a kilogram more than Box A.,"Student incorrectly converted a fraction to a decimal, leading to an inaccurate comparison of the weights.",Box A weighs 0.15 of a kilogram more than Box B.,"Student misaligned the decimal and fractional parts of the weights when comparing the two values, resulting in a reversed and inaccurate difference.",Box B weighs 0.21 of a kilogram more than Box A.,Correct.,,,,,,,,"Student misaligned the decimal and fractional parts of the weights when comparing the two values, resulting in a reversed and inaccurate difference.",Subtract rational numbers to solve real-world problems
MATH-00613,7,i130383,Interim_eedi,q125985,B,A,22984.0,13.283153498085,68.247476505395,10.898886181691,7.71841280891,,,MULTICHOICE,,"In one round of a board game, Chrissy scored 43 points. In the next round, she lost 103 points. How many points did Chrissy have in total after two rounds?",,-146,Student possibly confused a strategy for multiplying by a negative with adding a negative; added the value of each addend as if positive and then changed the sign afterwards.,-60,Correct.,60,Student added as if -103 was a positive value and 43 was a negative value.,146,Student added the numbers and ignored the negative sign in the second value.,,,,,,,,Student possibly confused a strategy for multiplying by a negative with adding a negative; added the value of each addend as if positive and then changed the sign afterwards.,Subtract rational numbers to solve real-world problems
MATH-00613,7,i172947,Interim_eedi,q176856,D,A,9814.0,22.763399225596,22.63093539841,17.342571836152,37.415936417362,,,MULTICHOICE,,Karina is shipping first aid kits through the Red Cross to people injured during a natural disaster. She sends two boxes. Box A weighs 32.04 kilograms. Box B weighs 32 1/4 kilograms. Which statement is true?,,The boxes weigh the same amount.,"Student thought 1/4 = 0.04; may not know how to convert a decimal to a fraction, or a fraction to a decimal.",Box B weighs 0.10 of a kilogram more than Box A.,Student thought 1/4 = 0.14 and subtracted 32.04 from 32.14 (instead of 32.25).,Box A weighs 0.15 of a kilogram more than Box B.,Student represented 32.04 as 32 4/10 and subtracted 32 1/4 from 32 4/10 (instead of 32 4/100) to find the difference.,Box B weighs 0.21 of a kilogram more than Box A.,Correct.,,,,,,,,"Student thought 1/4 = 0.04; may not know how to convert a decimal to a fraction, or a fraction to a decimal.",Subtract rational numbers to solve real-world problems
MATH-00619,7,i138125,Compass,q142548,D,B,33324.0,13.521786100108,35.079822350258,14.028928099867,37.474492858,,,MULTICHOICE,,"A person bikes 2 1/2 miles at a constant rate in 1/8 of an hour. What distance, in miles, does the person bike in an hour?",,1/20,Student divided 1/8 by 2 1/2.,5/16,Student multiplied 2 1/2 by 1/8 instead of dividing.,16,"Student divided 2 by 1/8, ignoring the 1/2 in 2 1/2.",20,Correct.,,,,,,,,Student multiplied 2 1/2 by 1/8 instead of dividing.,"Given a rate relationship between two quantities in a real-world problem, calculate the unit rate"
MATH-00619,7,i111738,Interim_eedi,q103160,D,C,13550.0,20.952029520295,15.653136531365,23.247232472324,40.228782287822,,,MULTICHOICE,,Tamie uses 2/3 of a cup of water with 1/6 of a pound of flour to make a paste for a sculpture she is creating. How many cups of water does she need to mix with 1 pound of flour to create the same paste?,,1/9,Student multiplied 2/3 by 1/6 instead of dividing 2/3 by 1/6.,1/4,Student may have set up the proportion incorrectly and divided 1/6 by 2/3.,5/6,Student added instead of dividing.,4,Correct.,,,,,,,,Student added instead of dividing.,"Given a rate relationship between two quantities in a real-world problem, calculate the unit rate"
MATH-00619,7,i138129,Interim_eedi,q142555,C,A,27776.0,38.893289170506,14.253312211981,25.741647465437,21.262960829493,,,MULTICHOICE,,Katherine uses 7/10 of a gallon of red paint to paint 3/5 of her wall. How many gallons of red paint will she use to paint her whole wall?,,21/50,Student multiplied the fractions instead of dividing; student possibly set up the proportion incorrectly.,7/15,Student found the gallons of red paint used to paint the remaining 2/5 of the wall.,1 1/6,Correct.,1 3/10,Student added the fractions instead of dividing; student possibly confused 'whole' with 'total' and used addition.,,,,,,,,Student multiplied the fractions instead of dividing; student possibly set up the proportion incorrectly.,"Given a rate relationship between two quantities in a real-world problem, calculate the unit rate"
MATH-00619,7,i138135,Interim_eedi,q142560,A,C,33257.0,42.890218600595,20.022852331839,25.946417295606,11.284842288841,,,MULTICHOICE,,It takes Kevin 15 minutes to drive 5 1/2 miles. How many miles does Kevin drive per minute?,,11/30,Correct.,5/6,Student divided 5 by 15 and added 1/2; may not know how to compute with a complex fraction or compute with a mixed number.,2 8/11,Student computed the rate as minutes per mile (divided 15 by 5 1/2).,3,Student computed the rate as minutes per mile but did not account for the 1/2 in 5 1/2 miles (divided 15 by 5).,,,,,,,,Student computed the rate as minutes per mile (divided 15 by 5 1/2).,"Given a rate relationship between two quantities in a real-world problem, calculate the unit rate"
MATH-00621,7,i183792,Compass,q186076,CE,A,1148.0,34.494773519163,23.780487804878,72.038327526132,13.937282229965,58.62369337979,,MULTISELECT,,"A student graphs a line that passes through the point (3, 15) and the origin. Which points could also be on the graph of the line? Select all that apply.",,"(1, 3)",Student miscalculated the constant of proportionality as 3 instead of 5.,"(2, 14)",Student thought that subtracting the same value (1) from the x- and y-coordinates would result in a point with the same proportional relationship.,"(6, 30)",Correct.,"(8, 20)","Student thought that adding the same value (5) to the x- and y-coordinates would result in a point with the same proportional relationship, OR student chose a point which has the same difference between the x- and y-coordinates as (3, 15).","(9, 45)",Correct.,,,,,,Student miscalculated the constant of proportionality as 3 instead of 5.,Determine whether two quantities presented in a graph are in a proportional relationship
MATH-00621,7,i185733,Compass,q188780,A,D,37.0,91.89189189189189,2.7027027027027026,,5.405405405405405,,,MULTICHOICE,,Which graph represents a proportional relationship?,"Four graphs are shown on coordinate planes. Choice A shows a straight line passing through the origin with a constant slope, representing a proportional relationship. Choice B shows a line through the origin but with different rates of change on different intervals (piecewise). Choice C shows a curved line through the origin. Choice D shows a straight line with constant rate of change but not passing through the origin.",[Graph A - straight line through origin],Correct.,[Graph B - line through origin with varying rates],Student thought that a graph passing through the origin but representing different rates of change on different intervals could represent a proportional relationship.,[Graph C - curve through origin],Student thought a graph passing through the origin but not representing a constant rate of change could represent a proportional relationship.,[Graph D - straight line not through origin],Student thought a graph representing a constant rate of change but not passing through the origin could represent a proportional relationship.,,,,,,,,Student thought a graph representing a constant rate of change but not passing through the origin could represent a proportional relationship.,Determine whether two quantities presented in a graph are in a proportional relationship
MATH-00621,7,i138946,Interim_eedi,q144105,BDF,A,26632.0,36.516221087413,56.308200660859,24.481826374286,68.008410934214,17.952087714028,59.086812856713,MULTISELECT,12.969360168218,"A student graphs a line that passes through the point (3, 15) and the origin. Which points could also be on the graph of the line? Select all that apply.",,"(1, 3)",Student miscalculated the constant of proportionality as 3 instead of 5.,"(2, 10)",Correct.,"(2, 14)",Student thought that subtracting the same value (1) from the x- and y-coordinates would result in a point with the same proportional relationship.,"(6, 30)",Correct.,"(7, 21)","Student miscalculated the constant of proportionality as 3 instead of 5 and identified a point proportional to (1, 3).","(9, 45)",Correct.,"(8, 20)","Student thought that adding the same value (5) to the x- and y-coordinates would result in a point with the same proportional relationship, OR student chose a point which has the same difference between the x- and y-coordinates as (3, 15).",,Student miscalculated the constant of proportionality as 3 instead of 5.,Determine whether two quantities presented in a graph are in a proportional relationship
MATH-00622,7,i184149,Compass,q186566,C,A,1191.0,27.37195633921,9.151973131821,56.255247691015,7.220822837951,,,MULTICHOICE,,Which table shows a proportional relationship between gallons of gas and the cost of gas?,"Four tables are shown, each with two columns labeled ""Gallons of Gas"" and ""Cost"" with three rows of data (1, 3, and 5 gallons).","Table A: 1 gal = $3.10, 3 gal = $9.30, 5 gal = $15.60",Student identified a table in which the first two rows exhibit equivalent ratios but the third row does not.,"Table B: 1 gal = $3.75, 3 gal = $14.75, 5 gal = $18.75",Student identified a table in which the first and third rows exhibit equivalent ratios but the second row does not.,"Table C: 1 gal = $3.25, 3 gal = $9.75, 5 gal = $16.25",Correct.,"Table D: 1 gal = $2.75, 3 gal = $10.75, 5 gal = $18.75","Student recognized the incremental increase in the dollar amounts is the same in each row, OR student recognized that both columns increase in whole number increments but did not recognize they are not proportional.",,,,,,,,Student identified a table in which the first two rows exhibit equivalent ratios but the third row does not.,Determine whether two quantities presented in a table are in a proportional relationship
MATH-00622,7,i184981,Compass,q187770,C,A,38.0,15.789473684210526,7.894736842105263,71.05263157894737,5.2631578947368425,,,MULTICHOICE,,Which table does not represent a proportional relationship?,"Four tables are shown, each with x and y columns. Table A: (3,2),(6,4),(9,6),(12,8),(15,10) - ratio y/x = 2/3 constant. Table B: (3,6),(6,12),(9,18),(12,24),(15,30) - ratio y/x = 2 constant. Table C: (2,4),(5,7),(8,10),(11,13),(14,16) - differences are constant (+3 for both x and y) but ratios are not constant. Table D: (5,1),(10,2),(15,3),(20,4),(25,5) - ratio y/x = 1/5 constant.",[Table A],"Student confused a table that represents a proportional relationship with one that does not represent a proportional relationship, OR student did not recognize that the quantities in the table do change at a constant rate.",[Table B],"Student confused a table that represents a proportional relationship with one that does not represent a proportional relationship, OR student did not recognize that the quantities in the table do change at a constant rate.",[Table C],Correct.,[Table D],"Student confused a table that represents a proportional relationship with one that does not represent a proportional relationship, OR student did not recognize that the quantities in the table do change at a constant rate.",,,,,,,,"Student confused a table that represents a proportional relationship with one that does not represent a proportional relationship, OR student did not recognize that the quantities in the table do change at a constant rate.",Determine whether two quantities presented in a table are in a proportional relationship
MATH-00622,7,i113129,Interim_eedi,q100116,C,A,7508.0,24.094299413958,13.199254128929,51.571656899307,11.201385189131,,,MULTICHOICE,,Which table shows a proportional relationship between gallons of gas and the cost of gas?,"Four tables are shown. Table A: Gallons of Gas 1, 3, 5 | Cost $3.25, $9.75, $15.25. Table B: Gallons of Gas 3, 5, 7 | Cost $14.75, $18.75, $22.75. Table C: Gallons of Gas 5, 6, 7 | Cost $16.25, $19.50, $22.75. Table D: Gallons of Gas 7, 8, 9 | Cost $22.75, $23.75, $24.75.","Table A: Gallons 1,3,5 | Cost $3.25, $9.75, $15.25",Student identified a table in which the first two rows exhibit equivalent ratios but the third row does not.,"Table B: Gallons 3,5,7 | Cost $14.75, $18.75, $22.75",Student recognized that both columns increase in whole number increments but did not recognize they are not proportional.,"Table C: Gallons 5,6,7 | Cost $16.25, $19.50, $22.75",Correct.,"Table D: Gallons 7,8,9 | Cost $22.75, $23.75, $24.75","Student recognized the incremental increase in the dollar amounts is the same as the incremental increase in the number of gallons of gas and thought this indicated proportionality, OR student recognized that both columns increase in whole number increments but did not recognize they are not proportional.",,,,,,,,Student identified a table in which the first two rows exhibit equivalent ratios but the third row does not.,Determine whether two quantities presented in a table are in a proportional relationship
MATH-00622,7,i138981,Interim_eedi,q144167,C,A,30813.0,17.255703761399,10.622140005841,63.823710771427,8.418524648687,,,MULTICHOICE,,Which table does not represent a proportional relationship?,"Four tables are shown. Table A: x values 3,6,9,12,15 | y values 2,4,6,8,10 (ratio 3:2). Table B: x values 3,6,9,12,15 | y values 6,12,18,24,30 (ratio 1:2). Table C: x values 2,5,8,11,14 | y values 4,7,10,13,16 (adds 3 each time but not proportional). Table D: x values 5,10,15,20,25 | y values 1,2,3,4,5 (ratio 5:1).","Table A: x: 3,6,9,12,15 | y: 2,4,6,8,10",Student chose a proportional relationship (3:2).,"Table B: x: 3,6,9,12,15 | y: 6,12,18,24,30",Student chose a proportional relationship (1:2).,"Table C: x: 2,5,8,11,14 | y: 4,7,10,13,16",Correct.,"Table D: x: 5,10,15,20,25 | y: 1,2,3,4,5",Student chose a proportional relationship (5:1).,,,,,,,,Student chose a proportional relationship (3:2).,Determine whether two quantities presented in a table are in a proportional relationship
MATH-00622,7,i176343,Interim_eedi,q178460,C,D,714.0,16.10644257703,18.067226890756,44.117647058823,21.708683473389,,,MULTICHOICE,,"Which table shows a proportional relationship between number of months and the total amount of time, in hours, worked?","Four tables. Table A: Number of Months 1,2,3 | Total Time Worked (hrs) 50,100,200. Table B: Number of Months 2,4,6 | Total Time Worked (hrs) 180,360,510. Table C: Number of Months 3,4,5 | Total Time Worked (hrs) 210,280,350. Table D: Number of Months 4,6,8 | Total Time Worked (hrs) 200,400,600.","Table A: Months 1,2,3 | Hours 50,100,200",Student identified a table that shows the total time worked is 2 times greater than the total time worked in the previous row for the first 3 months.,"Table B: Months 2,4,6 | Hours 180,360,510",Student identified a table in which the first two rows exhibit equivalent ratios but the third row does not.,"Table C: Months 3,4,5 | Hours 210,280,350",Correct.,"Table D: Months 4,6,8 | Hours 200,400,600",Student identified a table that shows the total time worked increasing by 200 hours every 2 months but did not recognize that there are no equivalent ratios.,,,,,,,,Student identified a table that shows the total time worked increasing by 200 hours every 2 months but did not recognize that there are no equivalent ratios.,Determine whether two quantities presented in a table are in a proportional relationship
MATH-00625,7,i116827,Interim_eedi,q114179,C,D,15430.0,4.899546338302,6.254050550874,78.127025275437,10.810110174983,,,MULTICHOICE,,"The money spent on gym classes is proportional to the number of gym classes taken. Max spent $45.90 to take 6 gym classes. What is the amount of money, in dollars, spent per gym class?",,0.13,"Student found the unit rate in classes per dollar, and rounded to the nearest hundredth.",6,Student used the multiplier as the constant of proportionality.,7.65,Correct.,15.30,"Student found the cost of 2 gym classes instead of 1; may have known to simplify the ratio (45.90/6), but did not simplify fully (stopped at 15.30/2).",,,,,,,,"Student found the cost of 2 gym classes instead of 1; may have known to simplify the ratio (45.90/6), but did not simplify fully (stopped at 15.30/2).",Identify or determine the constant of proportionality (unit rate) in verbal descriptions of proportional relationships
MATH-00625,7,i176344,Interim_eedi,q178465,C,B,712.0,5.617977528089,5.758426966292,84.129213483146,4.494382022471,,,MULTICHOICE,,"The cost of tile is proportional to the number of square feet purchased. It cost Corina $139.50 to purchase 9 square feet of tile. What is the cost, in dollars per square foot, of tile purchased?",,0.06,"Student found the unit rate for square feet purchased per dollar, and rounded to the nearest hundredth.",9,Student used the multiplier as the constant of proportionality.,15.50,Correct.,31,"Student found the cost of 2 square feet of tile purchased instead of 1; may have known to simplify the ratio (139.5/9), but did not simplify fully (stopped at 31/2).",,,,,,,,Student used the multiplier as the constant of proportionality.,Identify or determine the constant of proportionality (unit rate) in verbal descriptions of proportional relationships
MATH-00626,7,i184986,Compass,q187775,C,B,118.0,14.40677966101695,45.76271186440678,23.728813559322035,16.10169491525424,,,MULTICHOICE,,The graph below represents the number of pages a printer can print over time. How many pages does the printer print per minute?,"Graph titled 'Printing Rate' with x-axis showing Time (minutes) from 0 to 50 and y-axis showing Number of Pages from 0 to 500. A straight line passes through points showing a constant rate, including (10, 150) and (30, 450).",5,Student interpreted the first labeled interval on the horizontal axis as the rate of change instead of determining the actual unit rate.,10,Student selected a point from the graph to find the unit rate but used only the horizontal value instead of performing the necessary calculation.,15,Correct.,50,Student interpreted the first labeled interval on the vertical axis as the rate of change instead of determining the actual unit rate.,,,,,,,,Student selected a point from the graph to find the unit rate but used only the horizontal value instead of performing the necessary calculation.,Identify or determine the constant of proportionality (unit rate) in graphs of proportional relationships
MATH-00627,7,i184147,Compass,q186564,B,A,1077.0,28.78365831012,49.303621169916,12.999071494893,8.913649025069,,,MULTICHOICE,,"In the table below, the number of cups of flour is proportional to the number of cups of sugar. The table shows: Cups of Sugar: 6 1/4, 11 1/4, 15 5/8; Cups of Flour: 20, 36, 50. What is the number of cups of flour per cup of sugar?","A two-column table titled with columns ""Cups of Sugar"" and ""Cups of Flour."" Row 1: 6 1/4 sugar, 20 flour. Row 2: 11 1/4 sugar, 36 flour. Row 3: 15 5/8 sugar, 50 flour.",5/16,Student found the unit rate of cups of sugar per cup of flour.,3 1/5,Correct.,5,"Student found the increase between the first two rows in the ""Cups of Sugar"" column.",13 3/4,Student found the difference between the number of cups of flour and the number of cups of sugar in the first row.,,,,,,,,Student found the unit rate of cups of sugar per cup of flour.,Identify or determine the constant of proportionality (unit rate) in tables of proportional relationships
MATH-00627,7,i184982,Compass,q187771,B,C,116.0,20.689655172413794,46.55172413793103,23.275862068965516,9.482758620689655,,,MULTICHOICE,,"In the table below, the number of pounds of blueberries is proportional to the number of pounds of strawberries. What is the number of pounds of blueberries per pound of strawberries?","Table with three rows: 2.5 strawberries to 8 blueberries, 10 strawberries to 8 blueberries (with 2/3 notation), and 20 strawberries to 15 blueberries.",1/2,Student determined the difference between the two quantities in the first row instead of finding the ratio.,3/4,Correct.,1 1/3,"Student calculated the unit rate using the inverse relationship, instead of the intended unit rate.",1 1/2,"Student selected a ratio from a specific row where both values were whole numbers but misinterpreted the fraction, leading to an incorrect equivalent ratio.",,,,,,,,"Student calculated the unit rate using the inverse relationship, instead of the intended unit rate.",Identify or determine the constant of proportionality (unit rate) in tables of proportional relationships
MATH-00627,7,i117249,Interim_eedi,q114724,B,C,9829.0,19.869773120358,40.258418964289,27.469732424458,12.513989215586,,,MULTICHOICE,,"In the table below, the number of cups of flour is proportional to the number of cups of sugar. What is the number of cups of flour per cup of sugar?","Table with two columns — Cups of Sugar and Cups of Flour — with 4 rows of data: Row 1: 13 4/5 sugar, 23 flour; Row 2: 19 1/5 sugar, 32 flour; Row 3: 30 3/4 sugar, 51 1/4 flour; Row 4: 37 4/5 sugar, 63 flour.",3/5,Student found the unit rate of cups of sugar per cup of flour.,1 2/3,Correct.,5 2/5,"Student found the increase between the first two rows in the ""Cups of Sugar"" column.",9 1/5,Student found the difference between the number of cups of flour and the number of cups of sugar in the first row.,,,,,,,,"Student found the increase between the first two rows in the ""Cups of Sugar"" column.",Identify or determine the constant of proportionality (unit rate) in tables of proportional relationships
MATH-00627,7,i137889,Interim_eedi,q142279,A,C,21228.0,28.999434708875,21.561145656679,32.452421330318,17.274354625965,,,MULTICHOICE,,"In the table below, the number of pounds of blueberries is proportional to the number of pounds of strawberries. What is the number of pounds of blueberries per pound of strawberries?","Table with two columns — Pounds of Strawberries and Pounds of Blueberries — with 4 rows of data: Row 1: 7 1/3 strawberries, 5 1/2 blueberries; Row 2: 10 4/5 strawberries, 8 1/10 blueberries; Row 3: 12 1/2 strawberries, 9 3/8 blueberries; Row 4: 15 strawberries, 11 1/4 blueberries.",3/4,Correct.,5/7,Student found the unit rate of pounds of blueberries per pound of strawberries in the first row using whole numbers only; may have thought only whole pounds should be used to calculate a unit rate.,1 1/3,Student found the unit rate of pounds of strawberries per pound of blueberries.,1 5/6,Student found the difference between pounds of strawberries and pounds of blueberries in the first row.,,,,,,,,Student found the unit rate of pounds of strawberries per pound of blueberries.,Identify or determine the constant of proportionality (unit rate) in tables of proportional relationships
MATH-00627,7,i175690,Interim_eedi,q178157,A,C,9214.0,29.053614065552,18.569568048621,33.134360755372,19.340134577816,,,MULTICHOICE,,"Jamal has opened a health food cafe in his neighborhood to increase the number of healthy options for people in his community. He buys berries to make and serve smoothies. In the table below, the number of pounds of blueberries is proportional to the number of pounds of strawberries. What is the number of pounds of blueberries per pound of strawberries?","Table with two columns — Pounds of Strawberries and Pounds of Blueberries — with 4 rows of data: Row 1: 7 1/3 strawberries, 5 1/2 blueberries; Row 2: 10 4/5 strawberries, 8 1/10 blueberries; Row 3: 12 1/2 strawberries, 9 3/8 blueberries; Row 4: 15 strawberries, 11 1/4 blueberries.",3/4,Correct.,5/7,Student found the unit rate of pounds of blueberries per pound of strawberries in the first row using whole numbers only; may have thought only whole pounds should be used to calculate a unit rate.,1 1/3,Student found the unit rate of pounds of strawberries per pound of blueberries.,1 5/6,Student found the difference between pounds of strawberries and pounds of blueberries in the first row.,,,,,,,,Student found the unit rate of pounds of strawberries per pound of blueberries.,Identify or determine the constant of proportionality (unit rate) in tables of proportional relationships
MATH-00628,7,i112945,Compass,q107815,BD,A,4816.0,49.667774086378,45.141196013289,38.953488372093,38.725083056478,38.745847176079,,MULTISELECT,,Which relationships can be represented by the equation y = 1/5 x? Select all that apply.,,A. One water jug holds 5 quarts. Let x represent the number of water jugs and y represent the number of quarts.,Student chose a situation which is represented by an equation that contains the inverse unit rate of the equation given (y = 5x); thought a ratio of 1:5 could be represented as (1/5)x.,"B. Bananas are on sale for $0.20 per banana. Let x represent the number of bananas and y represent the total cost, in dollars. [CORRECT]",Correct.,C. David runs at a constant rate. He runs 15 miles in 3 hours. Let x represent the number of hours and y represent the number of miles.,"Student chose a situation which is represented by an equation that contains the inverse unit rate of the equation given (y = 5x); may have confused a relationship of 15 to 3 as 3 to 15, or reversed the variables.","D. For every 10 gallons of water, Jasmine adds 2 cups of soap. Let x represent the gallons of water and y represent the cups of soap. [CORRECT]",Correct.,"E. The library charges a fee at a rate of $5 for every 10 days a book is late. Let x represent the number of days late and y represent the fee, in dollars.",Student found a situation representing y = (1/2)x; may have found a difference of 5 and tried to use this to represent a multiplicative relationship.,,,,,,Student chose a situation which is represented by an equation that contains the inverse unit rate of the equation given (y = 5x); thought a ratio of 1:5 could be represented as (1/5)x.,Represent proportional relationships with equations
MATH-00628,7,i177585,Compass,q179445,C,A,1145.0,33.624454148471,27.860262008733,28.646288209606,9.868995633187,,,MULTICHOICE,,Which relationship can be represented by the equation y = (1/8)x?,,One juice box holds 8 ounces. Let y represent the number of ounces and x represent the number of juice boxes.,Student chose a situation which is represented by an equation that contains the inverse unit rate of the equation given (y = 8x); thought a ratio of 1:8 could be represented as (1/8)x.,Delia runs at a constant rate. She runs 32 miles in 4 hours. Let y represent the number of miles and x represent the number of hours.,"Student chose a situation which is represented by an equation that contains the inverse unit rate of the equation given (y = 8x); may have confused a relationship of 32 to 4 as 4 to 32, or reversed the variables.","For every 40 students who attend a class trip, there are 5 teachers. Let y represent the number of teachers and x represent the number of students.",Correct.,Cameron spends 3 minutes driving for every 12 minutes of walking. Let y represent the number of minutes driving and x represent the number of minutes walking.,Student found a situation representing y = (1/4)x; may have thought 1/4 and 1/8 were equivalent.,,,,,,,,Student chose a situation which is represented by an equation that contains the inverse unit rate of the equation given (y = 8x); thought a ratio of 1:8 could be represented as (1/8)x.,Represent proportional relationships with equations
MATH-00628,7,i183794,Compass,q186078,B,A,1133.0,15.269196822594,62.577228596646,14.563106796116,7.590467784642,,,MULTICHOICE,,"Kenwyn is folding napkins for an event. The table shows the number of minutes, m, it takes her to fold a number of napkins, n. The table shows: Time in minutes (m): 4, 6, 8, 10; Number of napkins (n): 16, 24, 32, 40. Which equation represents the relationship between the time Kenwyn spends folding napkins and the number of napkins she can fold?","A two-column table with columns ""Time, in minutes (m)"" and ""Number of napkins (n)."" Row 1: m=4, n=16. Row 2: m=6, n=24. Row 3: m=8, n=32. Row 4: m=10, n=40.",n = 0.25m,"Student found the constant of proportionality that, when multiplied by the number of napkins folded, will yield the number of minutes; did not attend to the placement of variables in the equation.",n = 4m,Correct.,n = 8m,Student used the interval increase in the number of napkins folded as the constant of proportionality.,n = m + 2,"Student represented the interval increase in the minutes, without looking at the number of napkins folded.",,,,,,,,"Student found the constant of proportionality that, when multiplied by the number of napkins folded, will yield the number of minutes; did not attend to the placement of variables in the equation.",Represent proportional relationships with equations
MATH-00628,7,i184985,Compass,q187774,A,C,117.0,36.75213675213675,17.094017094017094,38.46153846153846,7.6923076923076925,,,MULTICHOICE,,"Kenwyn is making flower arrangements for an event. The table shows the number of flower arrangements, f, she can make in m minutes. Which equation represents the relationship between the number of flower arrangements she can make and the time, in minutes, it takes her to make the flower arrangements?","Table showing: 32 minutes → 4 arrangements, 48 minutes → 6 arrangements, 64 minutes → 8 arrangements, 80 minutes → 10 arrangements.",f = 0.125m,Correct.,f = 2m,Student used the change in one quantity as the constant of proportionality instead of determining the correct ratio between the two quantities.,f = 8m,"Student set up the equation so that multiplying by the constant would yield the wrong variable, misplacing the values in the relationship.",f = m + 16,Student applied an additive pattern based on the interval increase in one quantity instead of identifying the proportional relationship between the two quantities.,,,,,,,,"Student set up the equation so that multiplying by the constant would yield the wrong variable, misplacing the values in the relationship.",Represent proportional relationships with equations
MATH-00628,7,i184987,Compass,q187776,C,A,118.0,27.11864406779661,26.271186440677965,38.983050847457626,7.627118644067797,,,MULTICHOICE,,"The graph below shows the cost, in dollars, per notebook at the school store. Which equation represents the total cost, t, per n notebooks?","Graph titled 'Notebook Costs' with x-axis showing Number of Notebooks (0-7) and y-axis showing Cost in dollars (0-14). A straight line passes through origin with points including (1, 2.4) and (5, 12).",n = 2t,Student used the interval on the vertical axis as the constant of proportionality and switched the variables.,n = 2.4t,Student switched the variables in the equation.,t = 2.4n,Correct.,t = 0.42n,"Student used a value from the graph but represented the inverse unit rate, OR switched the variables.",,,,,,,,Student used the interval on the vertical axis as the constant of proportionality and switched the variables.,Represent proportional relationships with equations
MATH-00628,7,i116828,Interim_eedi,q114180,B,A,21259.0,31.153864245731,27.273154899101,21.445035043981,20.344324756573,,,MULTICHOICE,,"A box has s snack bags in it. Each snack bag contains c carrot sticks. Which equation can be used to find b, the number of carrot sticks in one box?",,b = s/c,Student misinterpreted a multiplicative relationship as division; represented the equation as the number of carrot sticks in one box is equal to the ratio of the number of snack bags per box to the number of carrot sticks per bag.,b = sc,Correct.,b = s + c,Student misinterpreted a multiplicative relationship as an additive relationship; represented the equation as the number of carrot sticks in one box is equal to the number of snack bags per box plus the number of carrot sticks per bag.,b = c/s,Student misinterpreted a multiplicative relationship as division; represented the equation as the number of carrot sticks in one box is equal to the ratio of the number of carrot sticks per bag to the number of snack bags per box.,,,,,,,,Student misinterpreted a multiplicative relationship as division; represented the equation as the number of carrot sticks in one box is equal to the ratio of the number of snack bags per box to the number of carrot sticks per bag.,Represent proportional relationships with equations
MATH-00628,7,i138984,Interim_eedi,q144170,A,C,27092.0,23.870515281263,16.525173482946,49.254392440572,10.482799350361,,,MULTICHOICE,,"Kenwyn is making flower arrangements for an event. The table shows the number of flower arrangements, f, she can make in m minutes. Which equation represents the relationship between the number of flower arrangements she can make and the time, in minutes, it takes her to make the flower arrangements?","Table with two columns — Time in minutes (m) and Number of flower arrangements (f) — with 4 rows: Row 1: m=32, f=4; Row 2: m=48, f=6; Row 3: m=64, f=8; Row 4: m=80, f=10.",f = 0.125m,Correct.,f = 2m,Student used the interval increase in the number of flower arrangements as the constant of proportionality.,f = 8m,"Student found the constant of proportionality that, when multiplied by the number of flower arrangements, will yield the number of minutes; did not attend to the placement of variables in the equation.",f = m + 16,"Student represented the interval increase in the minutes, without looking at the number of flower arrangements.",,,,,,,,"Student found the constant of proportionality that, when multiplied by the number of flower arrangements, will yield the number of minutes; did not attend to the placement of variables in the equation.",Represent proportional relationships with equations
MATH-00628,7,i139099,Interim_eedi,q144334,C,A,217.0,30.414746543778,23.963133640552,35.944700460829,9.677419354838,,,MULTICHOICE,,"The graph below shows the cost, in dollars, per notebook at the school store. Which equation represents the total cost, t, per n notebooks?","Line graph titled ""Notebook Costs"". The x-axis is labeled ""Number of Notebooks"" and runs from 0 to 7. The y-axis is labeled ""Cost (in dollars)"" and runs from 0 to 14 in increments of 2. A straight line passes through the origin and extends up and to the right, reaching approximately (5, 12), indicating a unit rate of $2.40 per notebook.",n = 2t,Student represented the intervals on the y-axis as the constant of proportionality and switched the variables.,n = 2.4t,Student switched the variables.,t = 2.4n,Correct.,t = 0.42n,"Student correctly used a point on the graph, but represented the inverse unit rate, OR reversed the variables, and rounded to the nearest hundredth.",,,,,,,,Student represented the intervals on the y-axis as the constant of proportionality and switched the variables.,Represent proportional relationships with equations
MATH-00628,7,i171830,Interim_eedi,q175993,C,A,10822.0,31.537608575124,26.483090001848,25.106265015708,16.956200332655,,,MULTICHOICE,,Which relationship can be represented by the equation y = 1/5 x?,,One water jug holds 5 quarts. Let x represent the number of water jugs and y represent the number of quarts.,Student chose a situation which is represented by an equation that contains the inverse unit rate of the equation given (y = 5x); thought a ratio of 1:5 could be represented as (1/5)x.,David runs at a constant rate. He runs 15 miles in 3 hours. Let x represent the number of hours and y represent the number of miles.,"Student chose a situation which is represented by an equation that contains the inverse unit rate of the equation given (y = 5x); may have confused a relationship of 15 to 3 as 3 to 15, or reversed the variables.","For every 10 gallons of water, Jasmine adds 2 cups of soap. Let x represent the gallons of water and y represent the cups of soap.",Correct.,"The library charges a fee at a rate of $5 for every 10 days a book is late. Let x represent the number of days late and y represent the fee, in dollars.",Student found a situation representing y = (1/2)x; may have found a difference of 5 and tried to use this to represent a multiplicative relationship.,,,,,,,,Student chose a situation which is represented by an equation that contains the inverse unit rate of the equation given (y = 5x); thought a ratio of 1:5 could be represented as (1/5)x.,Represent proportional relationships with equations
MATH-00628,7,i176355,Interim_eedi,q178476,A,B,715.0,28.671328671328,41.538461538461,11.188811188811,18.601398601398,,,MULTICHOICE,,"In the table below, the amount of flour, in ounces, is proportional to the amount of water, in ounces. Which equation represents the ounces of water, w, per ounce of flour, f?","Table with two columns — Ounces of Flour and Ounces of Water — with 4 rows: Row 1: 5 flour, 4 water; Row 2: 10 flour, 8 water; Row 3: 15 flour, 12 water; Row 4: 20 flour, 16 water.",w = 0.8f,Correct.,w = 1.25f,"Student represented the inverse unit rate, or reversed the variables.",w = 1 + f,"Student thought the constant of proportionality is the difference between ounces of flour and ounces of water in the first row, and represented the relationship as additive, instead of multiplicative.",w = 4 + f,"Student thought the constant of proportionality is the amount of increase in the ounces of water for each row of the table, and represented the relationship as additive, instead of multiplicative.",,,,,,,,"Student represented the inverse unit rate, or reversed the variables.",Represent proportional relationships with equations
MATH-00628,7,i178766,Interim_eedi,q180472,B,C,708.0,15.112994350282,40.254237288135,26.412429378531,18.22033898305,,,MULTICHOICE,,"The graph below shows the height, in inches, of a tree over time. Which equation represents the relationship between the height, h, in inches, of the tree and the number of years, n, the tree has been growing?","Line graph titled ""Height of a Tree over Time"". The x-axis is labeled ""Number of Years"" and runs from 0 to 5. The y-axis is labeled ""Height (in inches)"" and runs from 0 to 25 in increments of 5. A straight line passes through the origin and extends steeply upward, reaching approximately (3.3, 25), indicating a unit rate of 7.5 inches per year.",h = 0.13n,"Student correctly used a point on the graph, but represented the inverse unit rate, OR reversed the variables, and rounded to the nearest hundredth.",h = 7.5n,Correct.,n = 7.5h,Student switched the variables.,n = 5h,Student represented the intervals on the y-axis as the constant of proportionality and switched the variables.,,,,,,,,Student switched the variables.,Represent proportional relationships with equations
MATH-00629,7,i185135,Compass,q187969,C,D,37.0,13.513513513513514,5.405405405405405,62.16216216216216,18.91891891891892,,,MULTICHOICE,,"Troy buys frozen yogurt from a store. The cost, in dollars, is proportional to the weight, in ounces, of the yogurt, as shown below. Which point on the graph represents the cost, in dollars, of one ounce of frozen yogurt?","A graph is shown with weight in ounces on the x-axis and cost in dollars on the y-axis. The line passes through the origin with a positive slope. Points are plotted along the line. The unit rate point is at (1, 0.50), meaning 1 ounce costs $0.50.","(0.50, 1)",Student switched the x- and y-values of the coordinate point for the unit rate.,"(1, 0.10)","Student used the first value on the vertical axis, or used the scale of the vertical axis to represent the unit rate.","(1, 0.50)",Correct.,"(2, 1)",Student represented the unit rate as coordinate point that corresponds to the value of 1 on the vertical axis instead of the horizontal axis.,,,,,,,,Student represented the unit rate as coordinate point that corresponds to the value of 1 on the vertical axis instead of the horizontal axis.,"Explain what a point (1, r), where r is the unit rate, on the graph of a proportional relationship means in terms of the situation"
MATH-00629,7,i111795,Interim_eedi,q103223,C,A,21824.0,28.03335777126,14.273277126099,48.006781524926,9.883614369501,,,MULTICHOICE,,"Troy buys frozen yogurt from a store. The cost, in dollars, is proportional to the weight, in ounces, of the yogurt, as shown below. Which point on the graph represents the cost, in dollars, of one ounce of frozen yogurt?","Line graph titled ""Weight and Cost of Frozen Yogurt"". The x-axis is labeled ""Weight (in ounces)"" and runs from 0 to 2.5 in increments of 0.5. The y-axis is labeled ""Cost (in dollars)"" and runs from 0 to 1.00 in increments of 0.10. A straight line passes through the origin and increases steadily, indicating a unit rate of $0.50 per ounce.","(0.50, 1)",Student switched the x- and y-values of the coordinate point.,"(1, 0.10)","Student used the first y-axis value, or used the increments on the y-axis to represent the unit rate.","(1, 0.50)",Correct.,"(2, 1)",Student represented the number of ounces that cost $1; student found 1 on the y-axis instead of on the x-axis.,,,,,,,,Student switched the x- and y-values of the coordinate point.,"Explain what a point (1, r), where r is the unit rate, on the graph of a proportional relationship means in terms of the situation"
MATH-00630,7,i116832,Compass,q114184,BE,A,15643.0,40.094611008118,60.806750623281,18.76877836732,33.503803618231,68.631336700121,,MULTISELECT,,"Cedric walks at a constant rate over a period of time. The number of steps that he takes while walking is proportional to the amount of time, in minutes, that he walks, as shown below. Based on the graph, which statements are true? Select all that apply.","A line graph titled ""Number of Steps Taken over Time."" The x-axis is labeled ""Time (in minutes)"" with values from 0 to 10. The y-axis is labeled ""Number of Steps Taken"" with values from 0 to 600 in increments of 60. A straight line passes through the origin and rises steeply; a labeled point appears near (7, 540) showing approximately 90 steps per minute.",Cedric takes 60 steps when he walks for 1 minute.,Student identified a rate based on the first values labeled on the x- and y-axes.,Cedric takes 0 steps when he walks for 0 minutes.,Correct.,Cedric takes 180 steps when he walks for 1 minute.,Student confused the rate of 180 steps taken every 2 minutes with 180 steps taken per minute.,Cedric takes 4 steps when he walks for 360 minutes.,Student switched the x- and y-values on the coordinate plane.,Cedric takes 540 steps when he walks for 6 minutes.,Correct.,,,,,,Student identified a rate based on the first values labeled on the x- and y-axes.,"Explain what a point (x, y) on the graph of a proportional relationship means in terms of the situation"
MATH-00630,7,i138288,Compass,q142739,ACE,B,29667.0,62.466713857147,32.173795800047,65.577914854889,30.046853406141,44.02871877844,,MULTISELECT,,"Tyrone works at a furniture store and assembles chairs at a constant rate. The number of chairs that Tyrone assembles is proportional to the amount of time he works, as shown in the graph below. Based on the graph, which statements are true? Select all that apply.","A line graph titled ""Chairs Assembled by Tyrone over Time."" The x-axis is labeled ""Time Worked (in hours)"" with values from 0 to 5. The y-axis is labeled ""Number of Chairs"" with values from 0 to 15 in increments of 3. A straight line passes through the origin and rises to approximately (5, 15), indicating a rate of 3 chairs per hour.","The point (0, 0) shows Tyrone assembles 0 chairs when he works for 0 hours.",Correct.,"The point (0.5, 1.5) shows Tyrone assembles 0.5 chairs when he works for 1.5 hours.",Student misinterpreted the x- and y-values.,"The point (1, 3) shows Tyrone assembles 3 chairs when he works for 1 hour.",Correct.,"The point (3, 9) shows that, when Tyrone works for 9 hours, he assembles 3 chairs.",Student misinterpreted the x- and y-values.,"The point (3.5, 10.5) shows that, when Tyrone works for 3.5 hours, he assembles 10.5 chairs.",Correct.,,,,,,Student misinterpreted the x- and y-values.,"Explain what a point (x, y) on the graph of a proportional relationship means in terms of the situation"
MATH-00630,7,i185140,Compass,q187982,D,B,37.0,2.7027027027027026,8.108108108108109,8.108108108108109,81.08108108108108,,,MULTICHOICE,,"The graph below shows the relationship between the distance traveled by a car and the gas used by the car. Which statement correctly represents the point (7, 175)?","A graph is shown with gas used (in gallons) on the x-axis and distance traveled (in miles) on the y-axis. The line passes through the origin. The point (7, 175) is plotted on the line, meaning 7 gallons of gas corresponds to 175 miles traveled.",The car travels 7 miles per gallon of gas used.,Student thought the x-value of the point represented the unit rate.,The car travels 175 miles per gallon of gas used.,Student thought the y-value of the point represented the unit rate.,The car travels 7 miles for every 175 gallons of gas used.,Student switched the x- and y-values.,The car travels 175 miles for every 7 gallons of gas used.,Correct.,,,,,,,,Student thought the y-value of the point represented the unit rate.,"Explain what a point (x, y) on the graph of a proportional relationship means in terms of the situation"
MATH-00630,7,i138289,Interim_eedi,q142740,D,C,27776.0,9.126584101382,14.361319124423,23.070276497695,53.571428571428,,,MULTICHOICE,,"The graph below shows the relationship between the distance traveled by a car and the gas used by the car. Which statement correctly represents the point (7, 175)?","Line graph titled ""Car's Gas Mileage"". The x-axis is labeled ""Gas Used (in gallons)"" and runs from 0 to 10 in increments of 2. The y-axis is labeled ""Distance (in miles)"" and runs from 0 to 250 in increments of 50. A straight line passes through the origin and extends to approximately (10, 250), indicating a rate of 25 miles per gallon.",The car travels 7 miles per gallon of gas used.,Student thought the x-value of the point represented the unit rate.,The car travels 175 miles per gallon of gas used.,Student thought the y-value of the point represented the unit rate.,The car travels 7 miles for every 175 gallons of gas used.,Student switched the x- and y-values.,The car travels 175 miles for every 7 gallons of gas used.,Correct.,,,,,,,,Student switched the x- and y-values.,"Explain what a point (x, y) on the graph of a proportional relationship means in terms of the situation"
MATH-00632,7,i112665,Compass,q102354,B,D,4759.0,7.123345240596,32.990123975625,24.858163479722,35.070392939693,,,MULTICHOICE,,"Malik estimated that 150 people would attend a concert. The exact attendance was 215 people. What is his percent error, to the nearest percent?",,18%,Student calculated the difference (65) and then divided it by the total (365).,30%,Correct.,43%,Student divided the difference (65) by the estimated amount (150) instead of the exact amount (215).,65%,"Student subtracted to find the error (65), but did not divide to find the percent error.",,,,,,,,"Student subtracted to find the error (65), but did not divide to find the percent error.","Solve multi-step ratio problems, including by using proportional relationships"
MATH-00632,7,i185141,Compass,q187983,C,B,39.0,5.128205128205129,15.384615384615385,64.1025641025641,15.384615384615385,,,MULTICHOICE,,Maria invests $600 in a bank account that earns simple interest. She earns $30 at the end of 12 months. Janae invests $350 at the same rate of interest for 12 months. How much money will Janae earn on her $350 investment after the 12 months?,,$5.00,"Student calculated the interest earned on a base value without applying proportional reasoning, OR represented the percent increase as a fixed dollar amount.",$12.50,"Student calculated the difference between the two principal amounts and used it to find the difference in interest earned, instead of finding the interest based on the second principal.",$17.50,Correct.,$47.50,Student calculated the interest on the second principal but incorrectly added it to the interest earned on the first principal.,,,,,,,,"Student calculated the difference between the two principal amounts and used it to find the difference in interest earned, instead of finding the interest based on the second principal.","Solve multi-step ratio problems, including by using proportional relationships"
MATH-00632,7,i130562,Interim_eedi,q126181,C,B,26724.0,6.563388714264,24.01586588834,50.793294417003,18.728483759916,,,MULTICHOICE,,Maria invests $600 in a bank account that earns simple interest. She earns $30 at the end of 12 months. Janae invests $350 at the same rate of interest for 12 months. How much money will Janae earn on her $350 investment after the 12 months?,,$5.00,"Student found the interest earned on $100 for a year, OR represented the percent increase as a dollar amount.",$12.50,Student found the difference in the amount of simple interest earned between $350 and $600.,$17.50,Correct.,$47.50,Student calculated the interest earned on $350 and added it to the interest earned on $600.,,,,,,,,Student found the difference in the amount of simple interest earned between $350 and $600.,"Solve multi-step ratio problems, including by using proportional relationships"
MATH-00633,7,i185142,Compass,q187984,C,B,39.0,15.384615384615385,20.512820512820515,43.58974358974359,20.512820512820515,,,MULTICHOICE,,Luisa buys a plane ticket that has an original price of $240. She uses a coupon code to get a 30% discount off of the original price. She is then charged a 7% tax on the discounted price. What is the final cost for Luisa's plane ticket?,,$77.04,"Student correctly calculated the discount amount but treated the discount amount as the final price, then applied the tax to this incorrect value.",$156.24,Student calculated the correct tax amount but subtracted it from the discounted price instead of adding it.,$179.76,Correct.,$217.00,"Student ignored the percentage values, treated them as whole numbers, and performed subtraction and addition without applying percent calculations.",,,,,,,,Student calculated the correct tax amount but subtracted it from the discounted price instead of adding it.,"Solve multi-step percent problems, including by using proportional relationships"
MATH-00633,7,i185490,Compass,q188456,D,B,39.0,7.6923076923076925,58.97435897435897,2.5641025641025643,30.76923076923077,,,MULTICHOICE,,The temperature increases from 18°F to 27°F. What is the percent increase of the temperature?,,3%,"Student divided the final value by the amount of increase, confusing the roles of total and change in percent calculations.",9%,"Student interpreted the absolute increase in degrees as the percent increase, without comparing it to the starting value.",33%,Student used the final value as the reference instead of the initial value when calculating percent increase.,50%,Correct.,,,,,,,,"Student interpreted the absolute increase in degrees as the percent increase, without comparing it to the starting value.","Solve multi-step percent problems, including by using proportional relationships"
MATH-00633,7,i112665,Interim_eedi,q102354,B,D,4759.0,7.123345240596,32.990123975625,24.858163479722,35.070392939693,,,MULTICHOICE,,"Malik estimated that 150 people would attend a concert. The exact attendance was 215 people. What is his percent error, to the nearest percent?",,18%,Student calculated the difference (65) and then divided it by the total (365).,30%,Correct.,43%,Student divided the difference (65) by the estimated amount (150) instead of the exact amount (215).,65%,"Student subtracted to find the error (65), but did not divide to find the percent error.",,,,,,,,"Student subtracted to find the error (65), but did not divide to find the percent error.","Solve multi-step percent problems, including by using proportional relationships"
MATH-00633,7,i130560,Interim_eedi,q126179,C,D,26776.0,16.619360621452,20.824619061846,41.096504332237,21.556617866746,,,MULTICHOICE,,Luisa buys a plane ticket that has an original price of $240. She uses a coupon code to get a 30% discount off of the original price. She is then charged a 7% tax on the discounted price. What is the final cost for Luisa's plane ticket?,,$77.04,"Student correctly found 30% of the original price, but then used that as the sale price instead of the discount, and correctly added the tax based on the incorrect first step.",$156.24,Student subtracted the tax instead of adding.,$179.76,Correct.,$217.00,"Student ignored the percent signs, subtracted $30 from $240, and then added $7 for the tax.",,,,,,,,"Student ignored the percent signs, subtracted $30 from $240, and then added $7 for the tax.","Solve multi-step percent problems, including by using proportional relationships"
MATH-00633,7,i130561,Interim_eedi,q126180,D,B,20937.0,7.565553804269,55.318335960261,12.895830348187,24.306252089602,,,MULTICHOICE,,The temperature increases from 18°F to 27°F. What is the percent increase of the temperature?,,3%,"Student divided the final value (27) by the difference in value (9), and represented the quotient as a percent.",9%,"Student misinterpreted the temperature increase, in degrees, as the same as the percent increase.",33%,"Student divided the difference in value (9) by the final value (27) instead of the initial value (18), rounded to the nearest hundredth, and represented the quotient as a percent.",50%,Correct.,,,,,,,,"Student misinterpreted the temperature increase, in degrees, as the same as the percent increase.","Solve multi-step percent problems, including by using proportional relationships"
MATH-00634,7,i162204,Interim_eedi,q168585,A,B,3851.0,27.109841599584,43.053752272137,20.695923136847,9.166450272656,,,MULTICHOICE,,"A bagel shop owner conducts a survey to find out if customers prefer a toasted or untoasted bagel. For one week, they randomly survey 20 customers who come in for breakfast, 20 customers who come in for lunch, and 20 customers who come in for dinner. The results show that 80% of the customers surveyed prefer a toasted bagel. The bagel shop owner concludes that about 80% of all customers prefer a toasted bagel. Which statement best describes the bagel shop owner's conclusion?",,The conclusion is valid because the sample is representative of the population.,Correct.,The conclusion is valid because the survey results showed a percentage higher than 50% for customers who prefer a toasted bagel.,Student thought that the validity of an inference was determined by looking at the results of a survey.,The conclusion is not valid because they did not survey every customer for one week.,Student thought the entire population needed to be surveyed; did not recognize that a random sample can provide sufficient data.,The conclusion is not valid because the sample includes customers from different days of the week.,Student thought that a survey can only be valid if the survey consists of customers from the same day.,,,,,,,,Student thought that the validity of an inference was determined by looking at the results of a survey.,Understand that generalizations about a population from a sample are valid only if the sample is representative of that population
MATH-00637,7,i162209,Interim_eedi,q168593,BC,A,4039.0,32.285219113641,72.04753651894,42.609556820995,21.985640009903,16.068333745976,,MULTISELECT,,A school principal surveyed a random sample of 50 students to find out what season the students like the most. The table below shows the results. Which statements are best supported by the data? Select all that apply.,Table showing season preferences from a sample of 50 students: Winter — 5 students; Spring — 10 students; Summer — 25 students; Fall — 10 students.,It is expected that about 5% of all students will like winter the most.,Student used the frequency of students who like winter the most as the probability.,It is expected that about 50% of all students will like summer the most.,Correct.,"In a group of 30 students, it is expected that around 6 students will like spring the most.",Correct.,"In a group of 100 students, it is expected that around 10 students will like fall the most.",Student used the frequency from the original sample; did not recognize that the frequency would change with the sample size.,"In a group of 200 students, it is expected that around 10 students will like winter the most.",Student used the percent of students from the sample data as the number of students; did not find the correct number of students out of 200.,,,,,,Student used the frequency of students who like winter the most as the probability.,Use data from a random sample to draw inferences about a population with an unknown characteristic of interest
MATH-00637,7,i175684,Interim_eedi,q178151,BC,A,672.0,36.458333333333,68.303571428571,45.535714285714,28.869047619047,20.982142857142,,MULTISELECT,,A school principal surveyed a random sample of 50 students to find out what class they are interested in taking. The table below shows the results. Which statements are best supported by the data? Select all that apply.,Table showing class interest from a sample of 50 students: Theater — 10 students; Gym — 5 students; Art — 25 students; Chorus — 10 students.,It is expected that about 5% of all students are interested in taking Gym.,Student used the frequency of students who like Gym the most as the probability.,It is expected that about 50% of all students are interested in taking Art.,Correct.,"In a group of 30 students, it is expected that around 6 students will be interested in taking Theater.",Correct.,"In a group of 100 students, it is expected that around 10 students will be interested in taking Chorus.",Student used the frequency from the original sample; did not recognize that the frequency would change with the sample size.,"In a group of 200 students, it is expected that around 10 students will be interested in taking Gym.",Student used the percent of students from the sample data as the number of students; did not find the correct number of students out of 200.,,,,,,Student used the frequency of students who like Gym the most as the probability.,Use data from a random sample to draw inferences about a population with an unknown characteristic of interest
MATH-00639,7,i181004,Interim_eedi,q182285,B,D,748.0,14.171122994652,34.358288770053,23.930481283422,27.540106951871,,,MULTICHOICE,,"Use the information below about data set A and data set B to answer the question: Data set A has a mean of 67. Data set B has a mean of 55. Both data sets have a mean absolute deviation (MAD) of 3. Based on the information, which statement best describes the amount of overlap in the data points between data set A and data set B?",,Data sets A and B likely have no overlap in the data points because the means are separated by 4 MADs.,Student did not understand how to use the MAD or difference in the means expressed as a multiple of the MAD to determine the amount of overlap in the data.,Data sets A and B likely have a small amount of overlap in the data points because the means are separated by 4 MADs.,Correct.,Data sets A and B likely have a large amount of overlap in the data points because the means are separated by 4 MADs.,"Student thought that since the means are separated by a large number of MADs (4), there is a large amount of overlap; did not understand that a large number of MADs typically means little to no overlap.",Data sets A and B likely have a large amount of overlap in the data points because they have the same MAD.,Student did not consider the difference in the means or interpret how many MADs the means are separated by.,,,,,,,,Student did not consider the difference in the means or interpret how many MADs the means are separated by.,Measure the difference between the centers of two numerical data distributions by expressing it as a multiple of a measure of variability
MATH-00643,7,i162294,Interim_eedi,q168707,A,D,10503.0,48.329048843187,14.053127677806,18.632771589069,19.004094068361,,,MULTICHOICE,,The table below shows the probability of each of four kinds of food being served for breakfast at a school cafeteria. The school cafeteria only serves one food each morning. Cole is trying to predict which food will be served on a randomly selected morning. Which conclusion is correct using the information in the table?,Table showing breakfast food probabilities: Cereal — 14/40; Fruit — 7/40; Oatmeal — 8/40; Yogurt — 11/40.,It is less likely that the cafeteria will serve fruit than cereal.,Correct.,It is more likely that the cafeteria will serve oatmeal than cereal.,"Student thought smaller numbers indicate a greater likelihood, OR student thought 8/40 was closer to 1 than 14/40 because 8 is closer to 1 than 14.",It is about twice as likely that the cafeteria will serve fruit as cereal.,"Student chose a probability that is half as likely as cereal, not twice as likely.",It is equally likely that the cafeteria will serve yogurt as it will serve cereal.,Student chose the top two most likely events and said they were equally likely.,,,,,,,,Student chose the top two most likely events and said they were equally likely.,"Interpret smaller probabilities as less likely and larger probabilities as more likely, including probabilities near 0.5 as equally likely"
MATH-00651,7,i162295,Interim_eedi,q168708,B,A,9823.0,35.528860836811,49.282296650717,5.996131528046,9.223251552478,,,MULTICHOICE,,"Malaya has 5 different shapes of blocks: rectangle, rhombus, square, trapezoid, and triangle. She has 10 of each shape. She selects a block at random. What is the probability she will select a triangle?",,1/50,"Student found the correct number of total outcomes, but represented the number of triangles as one; possibly confused because one of the shapes is a triangle.",1/5,Correct.,1/4,Student may have not counted the triangles in the total and represented a ratio of triangles to not triangles.,1/2,Student may have represented the number of shapes (5) over the number of each shape (10) as a fraction and simplified.,,,,,,,,"Student found the correct number of total outcomes, but represented the number of triangles as one; possibly confused because one of the shapes is a triangle.",Use a uniform probability model to find the probability of simple events
MATH-00652,7,i112292,Interim_eedi,q100113,D,C,9779.0,19.910011248593,20.595152878617,21.975662133142,37.54985172308,,,MULTICHOICE,,Trish did an experiment where she dropped an empty paper cup 50 times and noted the number of times it landed in different positions. Her results are in the table. Which statement is best supported by the results of Trish's experiment?,Table showing landing results for 50 dropped paper cups: Right-side up — 6 outcomes; Upside down — 14 outcomes; Sideways — 30 outcomes.,There is a 20% chance of a dropped paper cup landing right-side up.,Student used the largest value in the table as the number of trials; converted 6/30 to a percent.,"If 10 paper cups are dropped, it is likely that about 6 will land right-side up.",Student interpreted the results of 6 out of 50 trials resulting in a right-side up cup as meaning 6 out of 10 trials will also have the same result.,There is a 14% chance of a dropped paper cup landing upside down.,Student interpreted the number of results in the experiment as the percent chance of that outcome.,"If 20 paper cups are dropped, it is likely that about 12 will land sideways.",Correct.,,,,,,,,Student interpreted the number of results in the experiment as the percent chance of that outcome.,Find the probability of simple events where all outcomes are not equal
MATH-00652,7,i112873,Interim_eedi,q103240,D,C,9800.0,16.520408163265,16.030612244897,16.918367346938,50.551020408163,,,MULTICHOICE,,"Eileen has a bottle cap that is bent. When she tosses the bottle cap it can land either facing up (U) or facing down (D). The table below shows the results for the last 20 tosses that Eileen has made. Based on the last 20 tosses, what is the estimated probability that Eileen's next toss will land facing up (U)?","Table showing 20 toss results. Toss numbers 1 through 20, with results: U U U U D U D D U U U D U U D U U D U U. Counting the results: 14 tosses landed facing Up (U) and 6 tosses landed facing Down (D).",3/10,Student chose the estimated probability of the cap landing facing down.,3/7,"Student chose the observed ratio of the two expected outcomes, using the smaller value as the numerator.",1/2,"Student chose the estimated probability based on the two possible outcomes, not realizing that the outcomes are not equally likely.",7/10,Correct.,,,,,,,,"Student chose the estimated probability based on the two possible outcomes, not realizing that the outcomes are not equally likely.",Find the probability of simple events where all outcomes are not equal
MATH-00654,7,i112019,Interim_eedi,q110804,A,C,10370.0,27.897782063645,18.032786885245,33.51012536162,20.578592092574,,,MULTICHOICE,,Hillary flips a fair coin 3 times in a row. What is the probability that the coin lands on heads all 3 times?,,1/8,Correct.,1/4,Student found the probability of getting heads twice instead of 3 times.,1/2,Student found the probability of getting heads for one toss; may not understand the concept of compound probability.,1 1/2,Student multiplied the individual probabilities by 3 (1/2 x 3); also did not recognize the probability should be between 0 and 1.,,,,,,,,Student found the probability of getting heads for one toss; may not understand the concept of compound probability.,Find probabilities of compound independent events
MATH-00655,7,i114522,Interim_eedi,q111301,B,D,3503.0,22.523551241792,20.439623180131,17.984584641735,39.05224093634,,,MULTICHOICE,,"Jay has a bag with 2 blue marbles and 3 yellow marbles. He will randomly select one marble without replacing it, and then he will select a second marble from the bag. What is the probability that he will select two blue marbles?",,2/25,"Student recognized that there was only 1 blue marble in the second draw, but did not recognize that the total number of marbles also was reduced by 1 (multiplied 2/5 by 1/5).",1/10,Correct.,4/25,Student calculated the probability as if the first marble were replaced (multiplied 2/5 by 2/5).,1/5,"Student recognized that the number of marbles for the second draw was reduced by 1, but calculated as if 2 blue marbles were still in the bag (multiplied 2/5 by 2/4).",,,,,,,,"Student recognized that the number of marbles for the second draw was reduced by 1, but calculated as if 2 blue marbles were still in the bag (multiplied 2/5 by 2/4).","Find probabilities of compound events, including those without replacement"
MATH-00661,8,i184994,Compass,q187786,B,A,115.0,42.608695652173914,37.391304347826086,11.304347826086957,8.695652173913043,,,MULTICHOICE,,Which expression is equivalent to the one below? 4/(4^2)^5,,4^-10,Student correctly simplified the power to a power but thought the exponent in the numerator was 0 and subtracted instead of recognizing the existing exponent.,4^-9,Correct.,4^-7,"Student added the exponents in the denominator instead of multiplying, did not account for the base in the numerator, and rewrote the fraction that had an exponent in the denominator using a negative exponent.",4^11,Student correctly simplified the power to a power but added the exponents in the numerator and denominator instead of subtracting.,,,,,,,,Student correctly simplified the power to a power but thought the exponent in the numerator was 0 and subtracted instead of recognizing the existing exponent.,Use exponent properties to generate equivalent numerical expressions with integer exponents
MATH-00661,8,i184999,Compass,q187791,B,C,115.0,20.0,52.17391304347826,21.73913043478261,6.086956521739131,,,MULTICHOICE,,Which expression is equivalent to the one below? (2^6 × 9^6) ÷ 18^14,,1/18^-2,"Student multiplied the bases and added the exponents when simplifying the dividend instead of multiplying the bases and keeping the common exponent, then subtracted the exponent in the divisor from the exponent in the dividend and misunderstood how negative exponents relate to division.",1/18^8,Correct.,18^8,"Student correctly simplified the dividend by multiplying the bases and keeping the common exponent, but subtracted the exponent in the divisor from the exponent in the dividend in the wrong order, OR successfully simplified to a negative exponent but did not recognize the need to use the reciprocal to make it positive.",18^20,"Student correctly simplified the dividend by multiplying the bases and keeping the common exponent, but added the exponents in the divisor and the dividend instead of subtracting.",,,,,,,,"Student correctly simplified the dividend by multiplying the bases and keeping the common exponent, but subtracted the exponent in the divisor from the exponent in the dividend in the wrong order, OR successfully simplified to a negative exponent but did not recognize the need to use the reciprocal to make it positive.",Use exponent properties to generate equivalent numerical expressions with integer exponents
MATH-00661,8,i111669,Interim_eedi,q100220,A,D,6733.0,41.051537204812,16.783009059854,18.060300014852,24.120005940888,,,MULTICHOICE,,Simplify the expression. 7^2 × 7^3 ÷ 7^8,,7^-3,Correct.,7^-2,"Student multiplied instead of adding the first two exponents, then correctly subtracted the last exponent.",7^3,Student correctly applied the properties of integer exponents but ignored the negative sign in the final exponent and reported it as 3.,7^13,Student added all of the exponents.,,,,,,,,Student added all of the exponents.,Use exponent properties to generate equivalent numerical expressions with integer exponents
MATH-00661,8,i111743,Interim_eedi,q110740,B,D,6683.0,18.898698189435,34.849618434834,14.918449797994,31.348196917551,,,MULTICHOICE,,Which expression is equivalent to the one below? (2^0)^5,,0^5,Student thought that any number with an exponent of 0 simplified to 0.,1^5,Correct.,(1/2)^5,"Student did not recognize that 2^0 simplified to 1, subtracted the exponent 5 from the exponent 0, instead of multiplying, to get 2^-5, and then took the reciprocal of the base and changed the -5 to positive.",2^5,"Student did not recognize that 2^0 simplified to 1 and added the exponent 5 and the exponent 0, instead of multiplying, to get 2^5.",,,,,,,,"Student did not recognize that 2^0 simplified to 1 and added the exponent 5 and the exponent 0, instead of multiplying, to get 2^5.",Use exponent properties to generate equivalent numerical expressions with integer exponents
MATH-00661,8,i129589,Interim_eedi,q125118,AE,B,22636.0,41.177769924014,40.859692525181,15.00265064499,31.507333451139,48.431701714083,,MULTISELECT,,Which expressions are equivalent to the one below? n^-10 / n^2  Select all that apply.,,1/n^12,Correct.,1/n^-12,"Student subtracted the exponents to get n^-12, but did not remove the negative sign when rewriting the expression as a fraction.",n^-5,Student divided the exponents instead of subtracting them.,n^-8,Student may have confused properties of multiplying exponents with dividing exponents; added the exponents instead of subtracting them.,n^-12,Correct.,,,,,,"Student subtracted the exponents to get n^-12, but did not remove the negative sign when rewriting the expression as a fraction.",Use exponent properties to generate equivalent numerical expressions with integer exponents
MATH-00661,8,i129590,Interim_eedi,q125119,B,A,26593.0,30.786297145865,38.878652276914,17.639980445982,12.965818072425,,,MULTICHOICE,,Which expression is equivalent to the one below? (2^6 × 9^6) ÷ 18^14,,1/18^-2,"Student multiplied the bases and added the exponents when simplifying (2^6 x 9^6) and got 18^12 instead of multiplying the bases and keeping the common exponent of 6 to get 18^6, and then subtracted the exponent 14 from the exponent 12 to get -2 while thinking a negative exponent belongs in the denominator of a fraction.",1/18^8,Correct.,18^8,"Student understood that (2^6 x 9^6) simplified to 18^6, but subtracted the exponent 6 from the exponent 14 instead of 14 from 6, OR student successfully simplified to 18^-8 but did not understand that in order to change a negative exponent to a positive one, the reciprocal must be used.",18^20,"Student understood that (2^6 x 9^6) simplified to 18^6, but added the exponent 6 and the exponent 14.",,,,,,,,"Student multiplied the bases and added the exponents when simplifying (2^6 x 9^6) and got 18^12 instead of multiplying the bases and keeping the common exponent of 6 to get 18^6, and then subtracted the exponent 14 from the exponent 12 to get -2 while thinking a negative exponent belongs in the denominator of a fraction.",Use exponent properties to generate equivalent numerical expressions with integer exponents
MATH-00661,8,i129592,Interim_eedi,q125121,B,A,181.0,33.149171270718,17.127071823204,23.204419889502,26.519337016574,,,MULTICHOICE,,Which expression is equivalent to the one below? 4 / (4^2)^5,,4^-10,"Student understood that (4^2)^5 simplified to 4^10, but thought that the exponent for 4 was 0 and subtracted 10 from 0 to get -10.",4^-9,Correct.,4^-7,"Student added the exponents 2 and 5 in the denominator, instead of multiplying, to get 4^7, did not account for the 4^1 in the numerator, and wrote 1/4^7 as 4^-7.",4^11,"Student understood that (4^2)^5 simplified to 4^10, but added the exponent 10 to the exponent 1 instead of subtracting.",,,,,,,,"Student understood that (4^2)^5 simplified to 4^10, but thought that the exponent for 4 was 0 and subtracted 10 from 0 to get -10.",Use exponent properties to generate equivalent numerical expressions with integer exponents
MATH-00662,8,i185004,Compass,q187795,B,C,22.0,18.181818181818183,27.272727272727273,27.272727272727273,27.272727272727273,,,MULTICHOICE,,Evaluate. Cube root of 8,,1/512,Student confused taking the cube root of a number with raising that number to a negative exponent.,2,Correct.,2 2/3,Student confused taking the cube root with dividing by 3.,512,Student confused taking the cube root with raising a number to the 3rd power.,,,,,,,,Student confused taking the cube root with dividing by 3.,Recognize and evaluate the roots of perfect squares and cubes
MATH-00662,8,i112007,Interim_eedi,q102252,B,A,1429.0,35.479356193142,43.946815955213,15.255423372988,5.318404478656,,,MULTICHOICE,,What is the solution set for b? b^3 = 1,,{1/3},Student thought taking a cube root meant dividing by 3.,{1},Correct.,"{-1/3, 1/3}",Student thought taking a cube root meant dividing by 3 and included -1/3 as if taking a square root.,"{-1, 1}",Student incorrectly included -1 as if taking a square root.,,,,,,,,Student thought taking a cube root meant dividing by 3.,Recognize and evaluate the roots of perfect squares and cubes
MATH-00662,8,i112227,Interim_eedi,q103345,A,B,11021.0,54.813537791488,20.25224571273,17.893113147627,7.050176934942,,,MULTICHOICE,,"A cube, with side length s, has a volume of 64 cubic feet. The equation below represents the relationship between the side length and the volume of the cube. s^3 = 64. What is the length, in feet, of each side of the cube?",,4,Correct.,8,Student confused finding a cube root with finding a square root.,21.3,Student confused finding a cube root with dividing by three.,32,Student confused finding a cube root with dividing by two.,,,,,,,,Student confused finding a cube root with finding a square root.,Recognize and evaluate the roots of perfect squares and cubes
MATH-00662,8,i112378,Interim_eedi,q100342,D,C,908.0,16.519823788546,14.867841409691,21.69603524229,46.916299559471,,,MULTICHOICE,,Which number below is both a perfect cube and a perfect square?,,2,Student did not recognize that the square root and cube root of 2 are irrational.,9,Student did not recognize that the cube root of 9 is irrational; perhaps divided by 3 to find the cube root.,36,"Student did not recognize that the cube root of 36 is irrational; perhaps divided by 3 to find the cube root, OR may have chosen this number because it is divisible by both 2 and 3.",64,Correct.,,,,,,,,"Student did not recognize that the cube root of 36 is irrational; perhaps divided by 3 to find the cube root, OR may have chosen this number because it is divisible by both 2 and 3.",Recognize and evaluate the roots of perfect squares and cubes
MATH-00663,8,i185001,Compass,q187793,CD,B,22.0,,40.90909090909091,36.36363636363637,50.0,9.090909090909092,27.272727272727273,MULTISELECT,,Which values are solutions to the equation below? b^2 = 12 Select all that apply.,,-6,Student confused the concept of taking a square root with dividing by 2 and taking the opposite.,6,Student confused the concept of taking a square root with dividing by 2.,-√12,Correct.,√12,Correct.,-144,Student confused the concept of taking a square root with squaring and taking the opposite.,144,Student confused the concept of taking a square root with squaring.,,,,Student confused the concept of taking a square root with dividing by 2.,Represent the solutions of simple quadratic and cubic expressions by using square and cube roots
MATH-00663,8,i112712,Interim_eedi,q107782,CD,B,13391.0,18.48256291539,43.596445373758,35.098200283772,67.799268165185,11.462922858636,26.151893062504,MULTISELECT,,Which values are solutions to the equation below? b^2 = 12  Select all that apply.,,-6,Student confused the concept of taking a square root with dividing by 2 and taking the opposite.,6,Student confused the concept of taking a square root with dividing by 2.,-sqrt(12),Correct.,sqrt(12),Correct.,-144,Student confused the concept of taking a square root with squaring and taking the opposite.,144,Student confused the concept of taking a square root with squaring.,,,,Student confused the concept of taking a square root with dividing by 2.,Represent the solutions of simple quadratic and cubic expressions by using square and cube roots
MATH-00668,8,i185005,Compass,q187796,C,B,115.0,7.826086956521739,17.391304347826086,66.95652173913044,7.826086956521739,,,MULTICHOICE,,"Light travels at a speed of 1.9 x 10^5 miles per second. How far, in miles, does light travel in 30 seconds?",,5.7 x 10^1,Student multiplied the coefficient and the multiplier but did not apply the exponent when performing the calculation.,5.7 x 10^4,"Student mistakenly used a negative exponent instead of a positive exponent when working with powers of ten, leading to an incorrect place value adjustment.",5.7 x 10^6,Correct.,5.7 x 10^7,Student thought the exponent meant how many zeros to add when converting to standard form.,,,,,,,,"Student mistakenly used a negative exponent instead of a positive exponent when working with powers of ten, leading to an incorrect place value adjustment.","Add, subtract, multiply, and divide numbers written in scientific notation"
MATH-00668,8,i185006,Compass,q187797,B,D,115.0,18.26086956521739,40.869565217391305,6.086956521739131,34.78260869565217,,,MULTICHOICE,,Simplify. (6.0 x 10^8) / (1.2 x 10^5),,4.8 x 10^3,Student correctly subtracted the exponents but subtracted the coefficients instead of dividing them.,5.0 x 10^3,Correct.,5.0 x 10^13,Student correctly divided the coefficients but added the exponents instead of subtracting them when dividing powers of ten.,7.2 x 10^13,Student added the coefficients instead of dividing them and also added the exponents instead of subtracting them.,,,,,,,,Student added the coefficients instead of dividing them and also added the exponents instead of subtracting them.,"Add, subtract, multiply, and divide numbers written in scientific notation"
MATH-00668,8,i112845,Interim_eedi,q100158,C,A,13731.0,36.151773359551,16.706722015876,35.168596606219,12.053018716772,,,MULTICHOICE,,Simplify. (1.012 × 10^-2) + (2.4 × 10^-4),,3.412 × 10^-6,Student added the decimals and added the exponents independently.,1.036 × 10^-3,"Student incorrectly converted to standard form by using the exponents to represent the number of zeros to add on the left, then added and converted to scientific notation.",1.036 × 10^-2,Correct.,3.412 × 10^2,Student added the decimals and subtracted the exponents independently.,,,,,,,,Student added the decimals and added the exponents independently.,"Add, subtract, multiply, and divide numbers written in scientific notation"
MATH-00668,8,i138080,Interim_eedi,q142493,A,B,20577.0,37.328084754823,23.463089857608,19.954317927783,19.458618846284,,,MULTICHOICE,,"The width of a human hair is 2 × 10^-5 meters. The width of a piece of sand is 1.5 × 10^-4 meters. What is the difference in the widths, in meters, of the human hair and the piece of sand?",,0.00013,Correct.,0.000148,Student interpreted 2 x 10^-5 as 0.000002 by putting five zeros between the decimal and the digit 2.,0.00148,"Student wrote 1.5 x 10^-4 as 0.0015, because there are four digits to the right of the decimal point, and subtracted.",0.05,Student subtracted 1.5 from 2 and subtracted -4 from -5 to find 0.5 x 10^-1.,,,,,,,,Student interpreted 2 x 10^-5 as 0.000002 by putting five zeros between the decimal and the digit 2.,"Add, subtract, multiply, and divide numbers written in scientific notation"
MATH-00668,8,i138082,Interim_eedi,q142495,B,D,26354.0,22.106701070046,37.007664870607,11.766714730211,29.475601426728,,,MULTICHOICE,,Simplify. (6.0 × 10^8) / (1.2 × 10^5),,4.8 × 10^3,Student solved for the correct exponent but subtracted 1.2 from 6.0 instead of dividing 6.0 by 1.2.,5.0 × 10^3,Correct.,5.0 × 10^13,Student divided 6.0 by 1.2 correctly but added the exponents instead of subtracting them.,7.2 × 10^13,"Student added 6.0 and 1.2, instead of dividing 6.0 by 1.2, and added the exponents instead of subtracting them.",,,,,,,,"Student added 6.0 and 1.2, instead of dividing 6.0 by 1.2, and added the exponents instead of subtracting them.","Add, subtract, multiply, and divide numbers written in scientific notation"
MATH-00668,8,i138085,Interim_eedi,q142497,C,B,25916.0,10.838864022225,23.128569223645,50.910634357153,15.411328908782,,,MULTICHOICE,,"Light travels at a speed of 1.9 × 10^5 miles per second. How far, in miles, does light travel in 30 seconds?",,5.7 × 10^1,Student multiplied 1.9 and 30 but did not multiply by 10^5.,5.7 × 10^4,"Student calculated with 10^-5 instead of 10^5 to get 0.00057, or 5.7 x 10^-4, and used 10^4 instead of 10^-4.",5.7 × 10^6,Correct.,5.7 × 10^7,"Student simplified 1.9 x 10^5 to 1,900,000, thinking that 10^5 meant adding 5 zeros to the right of the 9 in 1.9, and then multiplied by 30.",,,,,,,,"Student calculated with 10^-5 instead of 10^5 to get 0.00057, or 5.7 x 10^-4, and used 10^4 instead of 10^-4.","Add, subtract, multiply, and divide numbers written in scientific notation"
MATH-00670,8,i185356,Compass,q188283,A,B,40.0,55.0,30.0,,15.0,,,MULTICHOICE,,"The equation and table below show the proportional relationship between time, in seconds, x, and distance traveled, in feet, y, for two drones. Drone 1: y = 6x. Drone 2 table: x=8, y=24; x=10, y=30; x=13, y=39. Which statement is true about the speeds of the two drones?",Table showing Drone 2 data with three rows: when x=8 then y=24; when x=10 then y=30; when x=13 then y=39. Drone 1 is given as the equation y=6x.,Drone 1 is traveling faster than Drone 2.,Correct.,Drone 1 is traveling slower than Drone 2.,"Student compared the coefficient from the equation to a single input value from a table, or used the difference in outputs without dividing by the corresponding difference in inputs to find the rate of change in the table.",The two drones are traveling at the same speed.,Student found the rate of change in the table by finding the difference between the first two outputs; did not divide by the difference between the first two inputs.,The speeds cannot be compared because there is not enough information about Drone 1.,"Student thought there was not enough information to determine the rate of change from the equation, not realizing that the coefficient represents the constant rate.",,,,,,,,"Student compared the coefficient from the equation to a single input value from a table, or used the difference in outputs without dividing by the corresponding difference in inputs to find the rate of change in the table.",Compare two proportional relationships represented in different ways
MATH-00670,8,i113246,Interim_eedi,q102370,A,C,8980.0,44.67706013363,19.498886414253,24.46547884187,11.447661469933,,,MULTICHOICE,,"Mr. Taylor's class and Mrs. Miller's class are raising money for charity. The results are recorded in the graph and the table below, where y represents the total amount of money raised, in dollars, and x represents the number of days that have passed. In both classes, the amount of money raised is proportional to the number of days. How much greater is the daily increase in money in Mrs. Miller's class than in Mr. Taylor's class?","Graph titled 'Mr. Taylor's Class' shows Amount of Money Raised (in dollars) on the y-axis (0 to 60) vs Number of Days on the x-axis (0 to 5). A line passes through the origin with a positive slope reaching approximately (5, 50), indicating a daily rate (slope) of about $10/day. Table for 'Mrs. Miller's Class' shows two data points: Number of Days = 2 with Amount of Money Raised = $24; and Number of Days = 5 with Amount of Money Raised = $60. The slope for Mrs. Miller's class is (60-24)/(5-2) = 36/3 = $12/day.",$2,Correct.,$4,Student compared the difference between the corresponding y-values on day 2 in the graph and the table.,$14,Student subtracted the slope of the line in the graph from the first y-value given in the table.,$26,"Student calculated the slope of the line that would represent the values in the table as just the change in y, instead of the change in y divided by the change in x, and then subtracted the slope of the line in the graph.",,,,,,,,Student subtracted the slope of the line in the graph from the first y-value given in the table.,Compare two proportional relationships represented in different ways
MATH-00670,8,i161895,Interim_eedi,q168209,B,C,111.0,14.414414414414,35.135135135135,27.027027027027,23.423423423423,,,MULTICHOICE,,Two stores print photos. Store A charges y dollars to print x photos. The cost to print photos at Store A is represented by the equation below. y = 0.22x. The cost of printing photos at Store B is represented by the graph below. Which statement is true?,"Graph titled 'Cost and Number of Photos' with x-axis labeled 'Number of Photos' (0 to 20) and y-axis labeled 'Cost (in dollars)' (0 to 5). A line passes through the origin with a positive slope. At x = 20, y ≈ 5, giving a unit rate (slope) of approximately $0.25 per photo for Store B.",The cost of printing one photo at Store A is $0.03 more than the cost of printing one photo at Store B.,Student switched the relative sizes of the costs.,The cost of printing one photo at Store A is $0.03 less than the cost of printing one photo at Store B.,Correct.,The cost of printing one photo at Store A is $0.78 more than the cost of printing one photo at Store B.,Student interpreted the labeled interval on the y-axis as the unit rate for Store B and switched the relative sizes of the costs.,The cost of printing one photo at Store A is $3.78 less than the cost of printing one photo at Store B.,Student calculated the unit rate as x/y from the graph.,,,,,,,,Student interpreted the labeled interval on the y-axis as the unit rate for Store B and switched the relative sizes of the costs.,Compare two proportional relationships represented in different ways
MATH-00670,8,i161936,Interim_eedi,q168257,A,B,18430.0,38.600108518719,28.686923494302,10.689093868692,22.116115029842,,,MULTICHOICE,,"The equation and table below show the proportional relationship between time, in seconds, x, and distance traveled, in feet, y, for two drones. Drone 1: y = 6x. Drone 2 table: x=8, y=24; x=10, y=30; x=13, y=39. Which statement is true about the speeds of the two drones?",,Drone 1 is traveling faster than Drone 2.,Correct.,Drone 1 is traveling slower than Drone 2.,"Student compared the coefficient of x for Drone 1 to the first x-value in the table (8) for Drone 2 instead of calculating the slope for Drone 2, OR student used the difference between the last two y-values in the table as the slope, but did not divide by the difference in the last two x-values.",The two drones are traveling at the same speed.,"Student used the difference between the first two y-values in the table as the slope, but did not divide by the difference in the first two x-values.",The speeds cannot be compared because there is not enough information about Drone 1.,Student did not recognize that the slope (speed) is represented by m (coefficient of x) from the equation.,,,,,,,,"Student compared the coefficient of x for Drone 1 to the first x-value in the table (8) for Drone 2 instead of calculating the slope for Drone 2, OR student used the difference between the last two y-values in the table as the slope, but did not divide by the difference in the last two x-values.",Compare two proportional relationships represented in different ways
MATH-00670,8,i172783,Interim_eedi,q176664,A,B,10203.0,45.819856904831,26.139370773301,8.791531902381,19.670685092619,,,MULTICHOICE,,"Destiny is an electrical engineer who designed and built two different drones. To determine the speeds of the drones, she observed both of them as they were flown and recorded her observations. The equation and table below show the proportional relationship between time, in seconds, x, and distance traveled, in feet, y, for both drones. Drone 1: y = 6x. Drone 2 table: x=8, y=24; x=10, y=30; x=13, y=39. Which statement is true about the speeds of the two drones?",,Drone 1 flew faster than Drone 2.,Correct.,Drone 1 flew slower than Drone 2.,"Student compared the coefficient of x for Drone 1 to the first x-value in the table (8) for Drone 2 instead of calculating the slope for Drone 2, OR student used the difference between the last two y-values in the table as the slope, but did not divide by the difference in the last two x-values.",The two drones flew at the same speed.,"Student used the difference between the first two y-values in the table as the slope, but did not divide by the difference in the first two x-values.",The speeds cannot be compared because there is not enough information about Drone 1.,Student did not recognize that the slope (speed) is represented by m (coefficient of x) from the equation.,,,,,,,,"Student compared the coefficient of x for Drone 1 to the first x-value in the table (8) for Drone 2 instead of calculating the slope for Drone 2, OR student used the difference between the last two y-values in the table as the slope, but did not divide by the difference in the last two x-values.",Compare two proportional relationships represented in different ways
MATH-00672,8,i185357,Compass,q188284,B,A,40.0,20.0,65.0,10.0,5.0,,,MULTICHOICE,,"The graph below shows the relationship between the number of hours, x, and the number of windows, y, Oliver cleans. Which statement describes the slope of the line in the graph in terms of the context of the situation?","Image shows a line graph with x-axis labeled 'Hours' (0 to 10) and y-axis labeled 'Windows Cleaned.' The line has a slope of 8.75, passing through the origin, indicating Oliver cleans 8.75 windows per hour.",Oliver cleans 5 windows per hour.,Student interpreted the interval on the y-axis as the slope.,Oliver cleans 8.75 windows per hour.,Correct.,Oliver cleans windows for a maximum of 10 hours at a time.,Student interpreted the maximum x-value shown on the x-axis as the slope.,Oliver cleans windows for a maximum of 8.75 hours at a time.,"Student calculated the slope correctly, but did not interpret it as the unit rate.",,,,,,,,Student interpreted the interval on the y-axis as the slope.,Interpret the slope of the graph of a proportional relationship as the unit rate
MATH-00672,8,i112302,Interim_eedi,q110877,B,D,7961.0,15.626177615877,35.146338399698,22.635347318176,26.730310262529,,,MULTICHOICE,,"Amelia competed in a race in which she ran at a constant speed. A graph of a line that represents the relationship between the number of seconds Amelia ran, x, and the total distance she ran in meters, y, shows that in 15 seconds she ran 67.5 meters. Which point could be on the graph of Amelia's line?",,"(0, 4.5)",Student represented the unit rate (slope) as the y-intercept.,"(3, 13.5)",Correct.,"(4.5, 1)",Student determined the unit rate but reversed the x- and y-coordinates.,"(67.5, 15)",Student chose a point that included the given values but confused which value represents the x-coordinate and which value represents the y-coordinate.,,,,,,,,Student chose a point that included the given values but confused which value represents the x-coordinate and which value represents the y-coordinate.,Interpret the slope of the graph of a proportional relationship as the unit rate
MATH-00672,8,i161886,Interim_eedi,q168199,C,B,24778.0,8.777948179836,12.248769069335,68.334813140689,10.791831463394,,,MULTICHOICE,,The number of windows Oliver cleans is proportional to the number of hours he works. Oliver cleans 63 windows in 9 hours. Part B: What does the slope of the line in the graph above represent in the context of the situation?,"Coordinate plane (same as Part A) with x-axis labeled 'Hours' (0 to 15) and y-axis labeled 'Number of Windows Cleaned'. A line with slope 7 is drawn, representing 7 windows cleaned per hour.",The minimum number of windows Oliver can clean.,Student thought the slope of a line related to a minimum value in the context of the situation instead of the unit rate; perhaps confused the slope of a line with the y-intercept.,The maximum number of windows Oliver can clean.,Student thought the slope of a line related to a maximum value in the context of the situation instead of the unit rate; perhaps interpreted the number of windows cleaned in 15 hours (the largest value shown on the x-axis) as the slope.,The number of windows Oliver cleans per hour.,Correct.,The number of hours Oliver works per window cleaned.,Student misunderstood slope as the change in x over the change in y.,,,,,,,,Student thought the slope of a line related to a maximum value in the context of the situation instead of the unit rate; perhaps interpreted the number of windows cleaned in 15 hours (the largest value shown on the x-axis) as the slope.,Interpret the slope of the graph of a proportional relationship as the unit rate
MATH-00672,8,i161887,Interim_eedi,q168200,B,A,113.0,31.858407079646,48.672566371681,9.734513274336,9.734513274336,,,MULTICHOICE,,"The graph below shows the relationship between the number of hours, x, and the number of windows, y, Oliver cleans. Which statement describes the slope of the line in the graph in terms of the context of the situation?","Graph titled 'Windows Cleaned Over Time' with x-axis labeled 'Time (in hours)' ranging from 0 to 10 and y-axis labeled 'Number of Windows' ranging from 0 to 50. A line passes through the origin with a positive slope; at approximately (5, 43.75), indicating a slope of 8.75 windows per hour.",Oliver cleans 5 windows per hour.,Student interpreted the interval on the y-axis as the slope.,Oliver cleans 8.75 windows per hour.,Correct.,Oliver cleans windows for a maximum of 10 hours at a time.,Student interpreted the maximum x-value shown on the x-axis as the slope.,Oliver cleans windows for a maximum of 8.75 hours at a time.,"Student calculated the slope correctly, but did not interpret it as the unit rate.",,,,,,,,Student interpreted the interval on the y-axis as the slope.,Interpret the slope of the graph of a proportional relationship as the unit rate
MATH-00673,8,i185358,Compass,q188285,A,C,46.0,56.52173913043478,10.869565217391305,19.565217391304348,13.043478260869565,,,MULTICHOICE,,Use the graph below to answer the question. Which equation represents the line shown in the graph above?,"Image shows a coordinate graph with a line passing through the origin with a positive slope of 3, representing the equation y = 3x.",y = 3x,Correct.,y = -3x,Student confused a line with a positive slope with a line with a negative slope.,y = (1/3)x,Student found the slope by calculating the change in x over the change in y.,y = x + 3,"Student may have confused the slope and the y-intercept, and assumed that lines passing through the origin had a slope of 1, OR student did not recognize that the slope should be the coefficient of x.",,,,,,,,Student found the slope by calculating the change in x over the change in y.,Write the equation y = mx for a line graphed through the origin
MATH-00673,8,i112077,Interim_eedi,q110737,B,A,19977.0,24.973719777744,43.525053811883,23.261751013665,8.554838063773,,,MULTICHOICE,,Use the graph below to answer the question. Which equation represents the line shown in the graph above?,"Coordinate plane with x-axis and y-axis each ranging from -10 to 10. A line passes through the origin (0, 0) with a steep negative slope, going from the upper-left to the lower-right. The line passes through approximately (1, -3) and (-1, 3), indicating slope = -3 and y-intercept = 0.",y = 3x,Student confused a line with a negative slope with a line with a positive slope.,y = -3x,Correct.,y = -(1/3)x,Student found the slope by calculating the change in x over the change in y.,y = x - 3,"Student may have confused the slope and the y-intercept, and assumed that lines passing through the origin had a slope of 1, OR student identified the slope as -3 but did not recognize that the slope should be the coefficient of x.",,,,,,,,Student confused a line with a negative slope with a line with a positive slope.,Write the equation y = mx for a line graphed through the origin
MATH-00674,8,i185359,Compass,q188286,C,A,45.0,26.666666666666668,22.22222222222222,42.22222222222222,8.88888888888889,,,MULTICHOICE,,What is the equation of the line shown below?,"Coordinate plane with x and y axes ranging from -5 to 5. A straight line with a steep negative slope crosses the y-axis at y=4 (y-intercept of 4) and descends to the right, passing through approximately (2, 0) on the x-axis, indicating a slope of -2 and equation y = -2x + 4.",y = 2x + 4,Student represented the slope as positive instead of negative.,y = (1/2)x + 4,Student represented the slope as the change in x over the change in y and represented the slope as positive instead of negative.,y = -2x + 4,Correct.,y = -(1/2)x + 4,Student represented the slope as the change in x over the change in y.,,,,,,,,Student represented the slope as positive instead of negative.,Write the equation y = mx + b for a line graphed not through the origin
MATH-00674,8,i112024,Interim_eedi,q102846,C,A,112.0,23.214285714285,22.321428571428,33.035714285714,21.428571428571,,,MULTICHOICE,,What is the equation of the line shown below?,"Coordinate plane with x-axis and y-axis each ranging from -5 to 5. A line with a steep negative slope is shown going from the upper-left area to the lower-right area, crossing the y-axis at approximately (0, -4) and passing through (1, -8) or (-1, 0). The line has a slope of -4 and a y-intercept of -4.",y = 4x - 4,Student represented the slope as positive instead of negative.,y = (1/4)x - 4,Student represented the slope as positive instead of negative and represented the slope as the change in x over the change in y.,y = -4x - 4,Correct.,y = -(1/4)x - 4,Student represented the slope as the change in x over the change in y.,,,,,,,,Student represented the slope as positive instead of negative.,Write the equation y = mx + b for a line graphed not through the origin
MATH-00675,8,i185360,Compass,q188287,AD,C,42.0,64.28571428571429,16.666666666666668,28.571428571428573,52.38095238095238,16.666666666666668,,MULTISELECT,,Which statements about line n are true? Select all that apply.,"Coordinate plane with x and y axes ranging from -5 to 5. Line n runs diagonally from the upper left to the lower right with a steep negative slope. Two similar right triangles are formed along the line. The first triangle (upper) has vertices labeled A (top-left), B (right), and C (bottom-left), where AC is the vertical leg and BC is the horizontal leg. The second triangle (lower) has vertices labeled D (top-right), E (bottom-right), and F (bottom-left), where DF is the vertical leg and EF is the horizontal leg.",The slope of line n is equal to AC/BC.,Correct.,The slope of line n is equal to BC/AC.,Student described the slope of one triangle as the change in x over the change in y.,The slope of line n is equal to AC/DF.,Student described the slope as the change in y for one triangle over the change in y for the second triangle.,The slope of line n is equal to DF/EF.,Correct.,The slope of line n is equal to EF/DF.,Student described the slope of one triangle as the change in x over the change in y.,,,,,,Student described the slope as the change in y for one triangle over the change in y for the second triangle.,Use similar triangles to explain why the slope of a line graphed on the coordinate plane is consistent
MATH-00675,8,i116716,Interim_eedi,q114059,AD,C,20304.0,51.723798266351,36.460795902285,37.889085894405,44.597123719464,32.111899133175,23.566784869976,MULTISELECT,,Use the graph below to answer the question. Which statements about line n are true? Select all that apply.,"Coordinate plane with axes ranging from approximately -5 to 5. Line n passes diagonally through the plane with a positive slope, going from the lower-left to the upper-right. Five labeled points are shown: A (approximately at (-4, -1)), B (approximately at (-2, 0) on the line), C (approximately at (-2, -1), directly below B), D (approximately at (3, 4) on the line), and E (approximately at (3, -1), on the x-axis directly below D). Points A, B, C form a right triangle (triangle ABC) with the right angle at C, where BC is the vertical leg (rise) and AC is the horizontal leg (run). Points A, D, E form a larger right triangle (triangle ADE) with the right angle at E, where DE is the vertical leg (rise) and AE is the horizontal leg (run). Both triangles are slope triangles on line n.",The slope of line n is equal to BC/AC.,Correct.,The slope of line n is equal to AC/BC.,Student described the change in x over the change in y for triangle ABC instead of the change in y over the change in x.,The slope of line n is equal to BC/DE.,Student described the change in y for triangle ABC over the change in y for triangle ADE.,The slope of line n is equal to DE/AE.,Correct.,The slope of line n is equal to AE/DE.,Student described the change in x over the change in y for triangle ADE instead of the change in y over the change in x.,The slope of line n is equal to AC/AE.,Student described the change in x for triangle ABC over the change in x for triangle ADE.,,,,Student described the change in y for triangle ABC over the change in y for triangle ADE.,Use similar triangles to explain why the slope of a line graphed on the coordinate plane is consistent
MATH-00675,8,i180983,Interim_eedi,q182254,AD,C,7960.0,50.942211055276,34.6608040201,37.839195979899,45.527638190954,28.379396984924,,MULTISELECT,,Use the graph below to answer the question. Which statements about line n are true? Select all that apply.,"Coordinate plane showing line n with a positive slope passing from lower-left to upper-right. Two similar right triangles are constructed on the line: Triangle ABC where A is on the x-axis to the left of the origin, B is a point on line n, and C is directly below B on the x-axis (BC is the vertical/rise leg, AC is the horizontal/run leg). Triangle ADE where D is a point on line n to the right, and E is directly below D on the x-axis (DE is the vertical/rise leg, AE is the horizontal/run leg). Both triangles share vertex A.",The slope of line n is equal to BC/AC.,Correct.,The slope of line n is equal to AC/BC.,Student described the change in x over the change in y for triangle ABC instead of the change in y over the change in x.,The slope of line n is equal to BC/DE.,Student described the change in y for triangle ABC over the change in y for triangle ADE.,The slope of line n is equal to DE/AE.,Correct.,The slope of line n is equal to AE/DE.,Student described the change in x over the change in y for triangle ADE instead of the change in y over the change in x.,,,,,,Student described the change in y for triangle ABC over the change in y for triangle ADE.,Use similar triangles to explain why the slope of a line graphed on the coordinate plane is consistent
MATH-00677,8,i112979,Interim_eedi,q100617,B,D,13046.0,19.699524758546,41.79058715315,17.913536716234,20.741989881956,,,MULTICHOICE,,Which statement correctly describes the equation below? -2(x + 3) + 4x = 2x - 6,,There is no solution.,Student mistook an equation with infinite solutions for one with no solution.,There are infinitely many solutions.,Correct.,"There is exactly one solution, and the solution is 0.",Student likely simplified the equation to 2x - 6 = 2x - 6 but mistook this to indicate a single solution of x = 0.,"There is exactly one solution, and the solution is 2.",Student mistook the simplified equation 2x = 2x to indicate a single solution of x = 2.,,,,,,,,Student mistook the simplified equation 2x = 2x to indicate a single solution of x = 2.,Isolate the single variable in a linear equation and interpret the result to determine its number of solutions
MATH-00677,8,i130386,Interim_eedi,q125987,C,A,21949.0,18.451865688641,13.1395507768,53.724543259374,14.94373319969,,,MULTICHOICE,,Mariana solved a linear equation and found that it had an infinite number of solutions. Which could have been the final line of her work?,,x = -1,Student confused an equation indicating exactly one solution with one indicating an infinite number of solutions.,9 = 10,Student confused an equation indicating no solution with one indicating an infinite number of solutions.,x = x,Correct.,x = 4/x,"Student confused an equation indicating two solutions, 2 and -2, for one indicating an infinite number of solutions.",,,,,,,,Student confused an equation indicating exactly one solution with one indicating an infinite number of solutions.,Isolate the single variable in a linear equation and interpret the result to determine its number of solutions
MATH-00677,8,i130387,Interim_eedi,q125988,CE,A,159.0,61.006289308176,35.849056603773,54.088050314465,43.396226415094,57.232704402515,,MULTISELECT,,Which equations have no solution? Select all that apply.,,x + 6 = (1/2)x + 6,Student mistook an equation that simplifies to x = 0 for an equation that has no solution.,3(x + 4) - 3x = 12,Student mistook an equation with an infinite number of solutions for one with no solutions; perhaps misunderstood the elimination of the variable through simplification to indicate no solution.,12x - 6 + 8x = 20x - 9,Correct.,12x - 5 - 6x = -5 + 6x,Student mistook an equation with an infinite number of solutions for one with no solutions; perhaps misunderstood the simplified equation of -5 = -5 to indicate no solution.,10x - 2x + 12 = 2(3x + 5) + 2x,Correct.,,,,,,Student mistook an equation that simplifies to x = 0 for an equation that has no solution.,Isolate the single variable in a linear equation and interpret the result to determine its number of solutions
MATH-00677,8,i176982,Interim_eedi,q179008,B,C,673.0,17.533432392273,45.468053491827,21.545319465081,15.453194650817,,,MULTICHOICE,,Tomas solved a linear equation and found that it had no solutions. Which could have been the final line of his work?,,y = -2,Student confused an equation indicating exactly one solution with one indicating no solutions.,8 = 9,Correct.,y = y,Student confused an equation indicating an infinite number of solutions with one indicating no solutions.,y = 16/y,"Student confused an equation indicating two solutions, 4 and -4, for one indicating no solutions.",,,,,,,,Student confused an equation indicating an infinite number of solutions with one indicating no solutions.,Isolate the single variable in a linear equation and interpret the result to determine its number of solutions
MATH-00678,8,i185354,Compass,q188281,B,C,112.0,19.642857142857142,41.07142857142857,28.571428571428573,10.714285714285714,,,MULTICHOICE,,Solve the equation below for x. (1/3)(-x + 3) = -x - 4,,x = -10 1/2,Student only distributed the factor to the first term of the expression in the parentheses.,x = -7 1/2,Correct.,x = 2 1/4,Student correctly distributed the factor to the expression in the parentheses but did not correctly apply inverse operations when combining like terms from both sides of the equation.,x = 7 1/2,Student correctly simplified the equation but omitted the negative sign when isolating the variable.,,,,,,,,Student correctly distributed the factor to the expression in the parentheses but did not correctly apply inverse operations when combining like terms from both sides of the equation.,Solve a linear equation with rational coefficients
MATH-00678,8,i185355,Compass,q188282,D,C,111.0,19.81981981981982,21.62162162162162,23.423423423423422,35.13513513513514,,,MULTICHOICE,,Solve for p. p - 12 = 8 - 5(p - 2),,p = -3,Student incorrectly combined the constants before distributing the factor to the expression in parentheses.,p = -1 1/2,Student correctly distributed and simplified both sides of the equation but did not correctly apply inverse operations when combining like terms from both sides of the equation.,p = 3,Student only distributed the factor to the first term of the expression in the parentheses.,p = 5,Correct.,,,,,,,,Student only distributed the factor to the first term of the expression in the parentheses.,Solve a linear equation with rational coefficients
MATH-00678,8,i111674,Interim_eedi,q100382,D,C,5702.0,10.014030164854,25.201683619782,28.446159242371,36.373202385128,,,MULTICHOICE,,Solve for x. 27 = -0.5(8x - 6),,-27,"Student tried to combine the values in the parentheses as like terms by subtracting 8x - 6 = 2x, resulting in the equation 27 = -0.5(2x).",-8.25,"Student did not distribute -0.5 to -6, resulting in the equation 27 = -4x - 6.",-7.5,"Student calculated the distribution of -0.5 to -6 as -3, resulting in the equation 27 = -4x - 3.",-6,Correct.,,,,,,,,"Student calculated the distribution of -0.5 to -6 as -3, resulting in the equation 27 = -4x - 3.",Solve a linear equation with rational coefficients
MATH-00678,8,i138069,Interim_eedi,q142482,B,C,27337.0,13.070197900281,42.323590737827,31.418955993708,13.476240992062,,,MULTICHOICE,,Solve the equation below for x. (1/3)(-x + 3) = -x - 4,,x = -10 1/2,Student did not distribute the 1/3 to the 3 when solving.,x = -7 1/2,Correct.,x = 2 1/4,"Student correctly distributed the 1/3 but did not perform inverse operations when collecting like terms from opposite sides of the equal sign; simplified the equation to (-4/3)x = -3, then solved for x.",x = 7 1/2,"Student simplified to (2/3)x = -5, but omitted the negative sign when simplifying.",,,,,,,,"Student correctly distributed the 1/3 but did not perform inverse operations when collecting like terms from opposite sides of the equal sign; simplified the equation to (-4/3)x = -3, then solved for x.",Solve a linear equation with rational coefficients
MATH-00678,8,i138072,Interim_eedi,q142485,D,B,21264.0,19.243792325056,25.02351392024,22.512227238525,33.526147479307,,,MULTICHOICE,,Solve for p. p - 12 = 8 - 5(p - 2),,p = -3,Student simplified 8 - 5 before distributing and then solved for p.,p = -1 1/2,"Student correctly simplified to p - 12 = 18 - 5p, but then incorrectly combined like terms to get -4p = 6 before solving for p.",p = 3,Student only distributed -5 to p and then solved for p.,p = 5,Correct.,,,,,,,,"Student correctly simplified to p - 12 = 18 - 5p, but then incorrectly combined like terms to get -4p = 6 before solving for p.",Solve a linear equation with rational coefficients
MATH-00678,8,i178813,Interim_eedi,q180510,C,B,661.0,18.910741301059,32.223903177004,41.906202723146,6.959152798789,,,MULTICHOICE,,Solve the equation below for x. (2/5)(5 - x) = -x - 3,,x = 8 1/3,"Student simplified to (3/5)x = -5, but omitted the negative sign when simplifying.",x = 5/7,"Student correctly distributed the 2/5 but did not perform inverse operations when collecting like terms from opposite sides of the equal sign; simplified the equation to (-7/5)x = -1, then solved for x.",x = -8 1/3,Correct.,x = -13 1/3,Student did not distribute the 2/5 to the 5 when solving.,,,,,,,,"Student correctly distributed the 2/5 but did not perform inverse operations when collecting like terms from opposite sides of the equal sign; simplified the equation to (-7/5)x = -1, then solved for x.",Solve a linear equation with rational coefficients
MATH-00681,8,i130624,Interim_eedi,q126235,C,B,25809.0,20.392111279011,24.646441163935,44.449610600953,10.620326242783,,,MULTICHOICE,,Part B: Which statement is true about the point that represents the solution to the system of the two linear equations shown above?,"Same coordinate plane as Part A with two lines intersecting at the point (4, -3).",The point is the solution because it represents a point of intersection with the x-axis.,Student chose a statement that describes a point of intersection with the x-axis instead of the point of intersection of the two lines.,The point is the solution because it represents a point of intersection with the y-axis.,Student chose a statement that describes a point of intersection with the y-axis instead of the point of intersection of the two lines.,The point is the solution because it is the only point that satisfies both equations simultaneously.,Correct.,The point is the solution because it is one of several points that satisfies both equations simultaneously.,Student chose a statement that describes a system of equations with many solutions instead of a system of equations with one solution.,,,,,,,,Student chose a statement that describes a point of intersection with the y-axis instead of the point of intersection of the two lines.,Understand that solutions to a system of linear equations correspond to the points of intersection of their graphs
MATH-00681,8,i130628,Interim_eedi,q126241,B,A,112.0,33.928571428571,16.964285714285,24.107142857142,25.0,,,MULTICHOICE,,Which statement about the solution to the system of equations is true?,"Coordinate plane with x-axis and y-axis. Two lines are shown: one with a positive slope that passes through approximately (-6, -3) on the x-axis and (0, 6) on the y-axis; and one with a negative slope passing through (0, -6) on the y-axis. Both lines pass through the point (-4, 2), which is the intersection point.",There is no solution to the system of equations.,Student confused lines that do not visually intersect with lines that never intersect.,"The solution is (-4, 2) because both lines pass through this point.",Correct.,"The solution is (-6, -3) because the point is made up of the x-intercepts from both lines.",Student equated the x-intercepts of the two lines with the solution to a system.,"The solution is (6, -6) because the point is made up of the y-intercepts from both lines.",Student equated the y-intercepts of the two lines with the solution to a system.,,,,,,,,Student confused lines that do not visually intersect with lines that never intersect.,Understand that solutions to a system of linear equations correspond to the points of intersection of their graphs
MATH-00681,8,i130629,Interim_eedi,q126242,BE,A,112.0,52.678571428571,52.678571428571,48.214285714285,33.928571428571,33.928571428571,,MULTISELECT,,"The solution to a system of two linear equations is (1, 7). Which of the systems shown could represent the two linear equations? Select all that apply.",,y = 1 and x = 7,Student confused the variables in the solution and swapped the values of x and y.,y = 7x and x = 1,Correct.,y = x + 1 and y = x + 7,Student thought the y-intercepts of the two equations gave the solution to the system; student did not check to see if the point satisfied either of the equations.,y = x + 6 and y = 3x + 3,Student selected a system where the solution point satisfied only the first equation but not both.,y = 2x + 5 and y = -x + 8,Correct.,,,,,,Student confused the variables in the solution and swapped the values of x and y.,Understand that solutions to a system of linear equations correspond to the points of intersection of their graphs
MATH-00682,8,i185448,Compass,q188405,A,B,117.0,61.53846153846154,19.65811965811966,8.547008547008547,10.256410256410257,,,MULTICHOICE,,Which statement about the system of equations represented by the lines below is true?,"Coordinate plane with x and y axes ranging from -5 to 5. Two parallel lines are shown, both with the same negative slope. The lines do not intersect. One line appears to pass through approximately (-1, 5) and the other is shifted lower/right, passing through approximately (1, 1), indicating the same slope but different y-intercepts.",There is no solution because the lines are parallel.,Correct.,There are infinitely many solutions because the lines have the same slope.,"Student identified that the lines have the same slope, but confused infinitely many solutions with no solution.","There is exactly one solution, and the solution is (-1, 1).",Student confused exactly one solution with no solution and identified the solution as a combination of the x-intercepts and y-intercepts of the two lines.,There is exactly one solution because the distance between the two lines is always 2 units.,"Student identified that the two lines have a consistent distance between them (used the distance between the two y-intercepts), but confused exactly one solution with no solution.",,,,,,,,"Student identified that the lines have the same slope, but confused infinitely many solutions with no solution.",Solve simple systems of linear equations by inspection
MATH-00682,8,i138655,Interim_eedi,q143457,AE,C,112.0,56.25,39.285714285714,54.464285714285,33.928571428571,35.714285714285,,MULTISELECT,,Yesenia wrote a system of equations that has an infinite number of solutions. One of the equations she wrote is listed below. y = -5x + 2. Which of the following could be the other equation she wrote? Select all that apply.,,y + 5x = 2,Correct.,y = 5x + 2,Student identified an equation that would create a system of equations with exactly one solution; may have thought that equations with a solution of 0 have infinite solutions.,y = -5x - 2,Student confused an equation that would create a system with no solution with one that would create a system with infinite solutions.,2y - 10x = 4,"Student divided all terms by 2 to get y - 5x = 2 and identified that the coefficients and the constant match those in the given equation, but did not transform the equation into slope-intercept form.",3y = -15x + 6,Correct.,,,,,,Student confused an equation that would create a system with no solution with one that would create a system with infinite solutions.,Solve simple systems of linear equations by inspection
MATH-00683,8,i184150,Compass,q186567,C,A,1153.0,21.162185602775,16.912402428447,50.390286209887,11.535125758889,,,MULTICHOICE,,Use the system of equations to answer the question. y = 4x + 2 and -6x + 2y = 8. What are the values of x and y?,,x = -3 and y = -10,Student substituted 4x + 2 for 2y instead of y and substituted -3 for x in the first equation.,x = 2 and y = 0,"Student correctly solved for x as 2, but then substituted 2 for y in the first equation, instead of x, and solved for y as 0.",x = 2 and y = 10,Correct.,x = 3 and y = 14,"Student correctly substituted 4x + 2 for y to get -6x + 2(4x + 2) = 8, but only distributed 2 to 4x, and then substituted 3 for x in the first equation.",,,,,,,,Student substituted 4x + 2 for 2y instead of y and substituted -3 for x in the first equation.,Solve systems of linear equations algebraically
MATH-00683,8,i185449,Compass,q188406,B,A,115.0,25.217391304347824,46.95652173913044,13.91304347826087,13.91304347826087,,,MULTICHOICE,,What is the solution to the system of equations below? y = 2x + 4 and y = -3x - 6,,"(-2, -3)",Student correctly found the value of the input variable but substituted it into the wrong part of the equation to find the value of the output variable.,"(-2, 0)",Correct.,"(2, 0)",Student changed the signs of both slopes and found the point where the incorrect graphs intersect.,"(2, 8)","Student set the equations equal to one another but incorrectly simplified when solving, then used the incorrect value of the input variable to find the value of the output variable.",,,,,,,,Student correctly found the value of the input variable but substituted it into the wrong part of the equation to find the value of the output variable.,Solve systems of linear equations algebraically
MATH-00683,8,i112446,Interim_eedi,q102660,B,A,1013.0,26.061204343534,39.19052319842,16.485686080947,18.460019743336,,,MULTICHOICE,,What is the solution to the system of equations below? y = 2x + 4 and y = -3x - 6,,"(-2, -3)","Student correctly solved for x as -2, but then substituted -2 for y in the first equation, instead of x, and solved for ""y"" as -3.","(-2, 0)",Correct.,"(2, 0)",Student switched the signs of both slopes when graphing (graphed y = -2x + 4 and y = 3x - 6) and identified the point of intersection.,"(2, 8)","Student set the equations equal to one another to get 2x + 4 = -3x - 6, but incorrectly combined like terms to get -x = -2, simplified to x = 2, and substituted into the equation y = 2x + 4.",,,,,,,,"Student correctly solved for x as -2, but then substituted -2 for y in the first equation, instead of x, and solved for ""y"" as -3.",Solve systems of linear equations algebraically
MATH-00683,8,i138656,Interim_eedi,q143458,C,B,19090.0,15.233106338397,28.988999476165,48.700890518596,7.197485594552,,,MULTICHOICE,,Use the system of equations to answer the question. y = 4x + 2 and -6x + 2y = 8. What is the value of x + y?,,-13,"Student substituted 4x + 2 for 2y instead of y, substituted -3 for x in the first equation, and then added x and y.",2,"Student correctly solved for x as 2, but then substituted 2 for y in the first equation, instead of x, and solved for y as 0, OR student correctly solved for x as 2 and did not proceed further in the process.",12,Correct.,17,"Student correctly substituted 4x + 2 for y to get -6x + 2(4x + 2) = 8, but only distributed 2 to 4x, and then substituted 3 for x in the first equation before adding x and y.",,,,,,,,"Student correctly solved for x as 2, but then substituted 2 for y in the first equation, instead of x, and solved for y as 0, OR student correctly solved for x as 2 and did not proceed further in the process.",Solve systems of linear equations algebraically
MATH-00684,8,i185455,Compass,q188413,C,A,114.0,19.29824561403509,17.54385964912281,51.75438596491228,11.403508771929825,,,MULTICHOICE,,Use the graph below of a system of linear equations to answer the following question. What is the solution to the system of linear equations?,"Image shows a coordinate graph with two intersecting lines. The lines cross at the point (-2, -3).","(-4, 4)",Student thought a coordinate pair consisting of the x-coordinates from both x-intercepts was the solution to the system of linear equations.,"(-3, -2)",Student confused the x- and y-coordinates of the solution to the system of linear equations.,"(-2, -3)",Correct.,"(-2, -6)",Student thought a coordinate pair consisting of the y-coordinates from both y-intercepts was the solution to the system of linear equations.,,,,,,,,Student thought a coordinate pair consisting of the x-coordinates from both x-intercepts was the solution to the system of linear equations.,Identify solutions to systems of linear equations visually on graphs
MATH-00684,8,i138653,Interim_eedi,q143453,A,B,27243.0,51.914253202657,25.753404544286,12.605072862753,9.863084094996,,,MULTICHOICE,,Which statement about the system of equations represented by the lines below is true?,"Coordinate plane with x-axis and y-axis each ranging from -5 to 5. Two parallel lines are shown with the same negative slope but different y-intercepts: the upper line crosses the y-axis at approximately y = 3, and the lower line crosses at approximately y = 1. Because they have the same slope but different y-intercepts, the lines never intersect.",There is no solution because the lines are parallel.,Correct.,There are infinitely many solutions because the lines have the same slope.,"Student identified that the lines have the same slope, but confused infinitely many solutions with no solution.","There is exactly one solution, and the solution is (-1, 1).",Student confused exactly one solution with no solution and identified the solution as a combination of the x-intercepts and y-intercepts of the two lines.,There is exactly one solution because the distance between the two lines is always 2 units.,"Student identified that the two lines have a consistent distance between them (used the distance between the two y-intercepts), but confused exactly one solution with no solution.",,,,,,,,"Student identified that the lines have the same slope, but confused infinitely many solutions with no solution.",Identify solutions to systems of linear equations visually on graphs
MATH-00685,8,i111645,Interim_eedi,q100033,B,C,17837.0,18.456018388742,54.510287604417,18.713909289678,8.392666928295,,,MULTICHOICE,,"Tiana and Zuri are reading the same copy of the same book for a summer reading assignment. Tiana has already read 16 pages. Tiana reads 22 pages per day until the book is finished. Zuri has already read 24 pages. Zuri reads 18 pages per day until the book is finished. One day, the two students notice that they are on the same page. What page number are they on when they have read the same amount of the book?",,42,"Student set up the equations correctly as 16 + 22x = 24 + 18x, but did not correctly apply inverse operations to solve for x; they added terms instead of subtracting from both sides to get 40x = 40, and substituted x into Zuri's equation.",60,Correct.,102,"Student switched the coefficients and constants for both equations to get 16x + 22 = 24x + 18, subtracted 16x from both sides, incorrectly added 18 instead of subtracting to get 8x = 40, and substituted x into Tiana's incorrect equation.",236,"Student set up the equations correctly as 16 + 22x = 24 + 18x, subtracted 18x from both sides, incorrectly added 16 instead of subtracting to get 4x = 40, and substituted x into Tiana's equation.",,,,,,,,"Student switched the coefficients and constants for both equations to get 16x + 22 = 24x + 18, subtracted 16x from both sides, incorrectly added 18 instead of subtracting to get 8x = 40, and substituted x into Tiana's incorrect equation.",Solve real-world problems leading to systems of linear equations
MATH-00685,8,i112782,Interim_eedi,q100091,C,B,27421.0,13.150505087341,34.772619525181,35.731738448634,16.50559789942,,,MULTICHOICE,,"The sum of Joy's age and her brother's age is 24. Her brother's age is 3 years older than twice Joy's age. What is the difference, in years, between Joy's age and her brother's age?",,4,Student set up the second equation as 0.5j + 3 = b instead of 2j + 3 = b and solved based on the incorrect equation.,6,Student set up the second equation as 2j - 3 = b instead of 2j + 3 = b and solved based on the incorrect equation.,10,Correct.,18,"Student correctly set up the equations, but incorrectly canceled like terms without taking into account the relative positions of the variables to get j = 21, substituted j into the equation j + b = 24, got b = 3, and subtracted.",,,,,,,,Student set up the second equation as 2j - 3 = b instead of 2j + 3 = b and solved based on the incorrect equation.,Solve real-world problems leading to systems of linear equations
MATH-00685,8,i116763,Interim_eedi,q114104,B,C,1952.0,9.887295081967,43.288934426229,32.069672131147,14.907786885245,,,MULTICHOICE,,"Tiffany starts with $16,000 in her savings account and deposits an additional $25 every week. Michelle starts with $9,000 in her savings account and deposits an additional $75 every week. There will be a week in the future when Tiffany and Michelle have the same amount of money in their savings accounts. How much money will be in each savings account when Tiffany and Michelle have the same amount of money?",,"$14,250","Student set up the system of equations correctly, multiplied 16,000 + 25x = y by 3 to solve by elimination, added instead of subtracting to get 57,000 = 4y, and solved for y.","$19,500",Correct.,"$25,000",Student found the sum of the starting amounts of money in each savings account.,"$27,750","Student set up a system of equations correctly to get 16,000 + 25x = 9,000 + 75x, incorrectly combined like terms to get 100x = 25,000, found x (the number of weeks when the amounts are the same) to be 250, and substituted 250 into Michelle's equation (9,000 + 75(250)).",,,,,,,,Student found the sum of the starting amounts of money in each savings account.,Solve real-world problems leading to systems of linear equations
MATH-00685,8,i174033,Interim_eedi,q177502,B,A,9584.0,19.010851419031,55.509181969949,18.332637729549,7.32470784641,,,MULTICHOICE,,"Tiana and Zuri are reading the same copy of a book about the history of women in sports. Tiana has already read 16 pages. Tiana reads 22 pages per day until the book is finished. Zuri has already read 24 pages. Zuri reads 18 pages per day until the book is finished. One day, the two students notice that they are on the same page. What page number are they on when they have read the same amount of the book?",,42,"Student set up the equations correctly as 16 + 22x = 24 + 18x, but did not correctly apply inverse operations to solve for x; they added terms instead of subtracting from both sides to get 40x = 40, and substituted x into Zuri's equation.",60,Correct.,102,"Student switched the coefficients and constants for both equations to get 16x + 22 = 24x + 18, subtracted 16x from both sides, incorrectly added 18 instead of subtracting to get 8x = 40, and substituted x into Tiana's incorrect equation.",236,"Student set up the equations correctly as 16 + 22x = 24 + 18x, subtracted 18x from both sides, incorrectly added 16 instead of subtracting to get 4x = 40, and substituted x into Tiana's equation.",,,,,,,,"Student set up the equations correctly as 16 + 22x = 24 + 18x, but did not correctly apply inverse operations to solve for x; they added terms instead of subtracting from both sides to get 40x = 40, and substituted x into Zuri's equation.",Solve real-world problems leading to systems of linear equations
MATH-00686,8,i184157,Compass,q186577,C,B,1214.0,15.897858319604,20.922570016474,45.057660626029,18.121911037891,,,MULTICHOICE,,Use the graph below to answer the question. Which ordered pair represents the point at which line d and line e intersect?,"A coordinate plane showing two lines. Line d passes through the points (0, 21) and (14, 35), giving it a positive slope of 1 (rise/run = 14/14). Line e passes through the points (0, 7) and (44, 32), giving it a positive but shallower slope of approximately 0.25 (rise/run = 25/44). The figure is noted as not drawn to scale. The lines intersect somewhere in the first quadrant to the right of the y-axis.","(2, 0.25)",Student found the correct slopes for line d and line e and thought that together they created the ordered pair that represents the point of intersection.,"(6, 19)","Student used run over rise, instead of rise over run, when calculating the slopes for line d and line e to get 0.5x + 7 = 4x + 21 and did not correctly apply inverse operations to solve for x; they added terms instead of subtracting from both sides to get 4.5x = 28, rounded to x = 6, and substituted x into the equation for line d.","(8, 23)",Correct.,"(16, 25)","Student set up the equations correctly as 2x + 7 = 0.25x + 21, but did not apply inverse operations correctly; student added 21 + 7, instead of subtracting, to get 1.75x = 28 (found x = 16), and substituted x into the equation for line e.",,,,,,,,"Student used run over rise, instead of rise over run, when calculating the slopes for line d and line e to get 0.5x + 7 = 4x + 21 and did not correctly apply inverse operations to solve for x; they added terms instead of subtracting from both sides to get 4.5x = 28, rounded to x = 6, and substituted x into the equation for line d.",Solve mathematical problems leading to systems of linear equations
MATH-00686,8,i116738,Interim_eedi,q114081,D,C,20725.0,17.958986731001,13.322074788902,41.857659831121,26.991556091676,,,MULTICHOICE,,Use the graph below to answer the question. Which ordered pair represents the point at which line r and line s intersect?,"Graph on a coordinate plane (not drawn to scale) showing two lines labeled line r and line s. Line r passes through the labeled points (0, 5) and (26, 44), giving a slope of (44-5)/(26-0) = 39/26 = 1.5 with y-intercept 5. Line s passes through the labeled points (0, 20) and (30, 35), giving a slope of (35-20)/(30-0) = 15/30 = 0.5 with y-intercept 20.","(1.5, 0.5)",Student found the correct slopes for line r and line s and thought that together they created the ordered pair that represents the point of intersection.,"(9.375, 38.75)","Student used run over rise, instead of rise over run, when calculating the slopes for line r and line s to get 2/3x + 5 = 2x + 20 and did not correctly apply inverse operations to solve for x; they added terms instead of subtracting from both sides to get 2 2/3x = 25, and substituted x into the equation for line s.","(12.5, 23.75)","Student set up the equations correctly as 1.5x + 5 = 0.5x + 20, but did not correctly apply inverse operations to solve for x; they added terms instead of subtracting from both sides to get 2x = 25, and substituted x into the equation for line r.","(15, 27.5)",Correct.,,,,,,,,"Student set up the equations correctly as 1.5x + 5 = 0.5x + 20, but did not correctly apply inverse operations to solve for x; they added terms instead of subtracting from both sides to get 2x = 25, and substituted x into the equation for line r.",Solve mathematical problems leading to systems of linear equations
MATH-00687,8,i112037,Interim_eedi,q107684,AE,B,13258.0,52.617287675365,37.026700859858,24.415447277115,29.695278322522,58.500527983104,,MULTISELECT,,Select all tables that represent a function.,"Five tables labeled A through E. Table A: x = -5, -3, -1, 1 and y = -2, -2, -2, -2 (each distinct input has exactly one output — IS a function). Table B: x = 0, 2, 2, 4 and y = 9, 7, 5, 3 (input x=2 maps to two different outputs y=7 and y=5 — NOT a function). Table C: x = -5, -5, -3, -3 and y = -5, 0, 2, -3 (input x=-5 maps to y=-5 and y=0; input x=-3 maps to y=2 and y=-3 — NOT a function). Table D: x = 6, 6, 6, 6 and y = -8, -4, 0, 4 (single input x=6 maps to four different outputs — NOT a function; represents a vertical line). Table E: x = -4, 0, -1, 7 and y = 4, 0, 1, -7 (each distinct input has exactly one output — IS a function).","Table A (x: -5,-3,-1,1; y: -2,-2,-2,-2)",Correct.,"Table B (x: 0,2,2,4; y: 9,7,5,3)",Student thought that a function is defined by each output having exactly one input; perhaps confused because the y-values decrease at a consistent rate of 2.,"Table C (x: -5,-5,-3,-3; y: -5,0,2,-3)",Student thought that a function is defined by each output having exactly one input.,"Table D (x: 6,6,6,6; y: -8,-4,0,4)",Student thought that a vertical line is a function.,"Table E (x: -4,0,-1,7; y: 4,0,1,-7)",Correct.,,,,,,Student thought that a function is defined by each output having exactly one input; perhaps confused because the y-values decrease at a consistent rate of 2.,Identify a relationship as a function if it assigns exactly one output to every input
MATH-00689,8,i112649,Interim_eedi,q100711,B,A,2209.0,24.264373019465,37.799909461294,23.087369850611,14.893617021276,,,MULTICHOICE,,Function T is a linear function and is represented by the equation below. Function T: y = 2x - 4 Function U is a linear function and is represented by the table below. Which statement about the functions is true?,"Table for Function U with two columns (x and y) and four rows of values: x = -4, y = 0; x = -2, y = 2; x = 0, y = 4; x = 2, y = 6. The table shows a linear relationship where y increases by 2 for every increase of 2 in x, giving a slope (rate of change) of 1. The initial value (y-intercept, when x = 0) is y = 4.",The initial value in function T is the same as the initial value in function U.,Student compared the value of function T when the input is 0 to the value of function U when the output is 0.,The initial value in function T is the opposite of the initial value in function U.,Correct.,The initial value in function T is half the initial value in function U.,Student compared the initial value in function U with the rate of change in function T.,The initial value in function T is greater than the initial value in function U.,Student may have confused the rates of change with the initial values.,,,,,,,,Student compared the value of function T when the input is 0 to the value of function U when the output is 0.,Compare properties of two functions each represented in a different way
MATH-00689,8,i113038,Interim_eedi,q102965,B,C,2571.0,14.935822637106,38.428626993387,32.672112018669,14.002333722287,,,MULTICHOICE,,"Function J and function K, shown below, are linear functions. Which statement about the functions is true?","Two representations of linear functions are shown side by side. Function J is a table with three rows of (x, y) values: (0, -3), (3, -1), and (6, 1). Function K is a coordinate plane graph with both axes ranging from -5 to 5. A straight line passes through the origin area with a positive slope going from the lower-left to the upper-right, indicating a rate of change of 2/3.",Function J and function K both have a rate of change of 3/2.,Student calculated the rate of change in function J and function K as the change in x divided by the change in y.,Function J and function K both have a rate of change of 2/3.,Correct.,"The rate of change in function J is 3/2, and the rate of change in function K is 2/3.","Student calculated the rate of change in function K correctly, but calculated the rate of change in function J as the change in x divided by the change in y.","The rate of change in function J is -3, and the rate of change in function K is 2.",Student interpreted the initial values as the rates of change in both function J and function K.,,,,,,,,"Student calculated the rate of change in function K correctly, but calculated the rate of change in function J as the change in x divided by the change in y.",Compare properties of two functions each represented in a different way
MATH-00689,8,i162299,Interim_eedi,q168714,BF,E,115.0,21.739130434782,53.91304347826,31.304347826086,26.086956521739,38.260869565217,39.130434782608,MULTISELECT,,Use the linear functions below. Which statements about the two functions are true? Select all that apply.,"Function J is shown as a graph on a coordinate plane with x-axis and y-axis both ranging from -5 to 5. A line with a positive slope passes through approximately (-5, -4) and (0, 3), suggesting a y-intercept (initial value) of approximately 3 and a slope (rate of change) of approximately 7/5. However, based on the answer key, the initial value of Function J is greater than -3, and Function K has a greater rate of change. Function K is given as the equation y = 2x - 3, with initial value (y-intercept) = -3 and rate of change (slope) = 2.",Function J and function K have the same initial value.,"Student interpreted the initial value in function J correctly, but identified the initial value in function K as 3, instead of -3.",Function J has a greater initial value than function K.,Correct.,Function K has a greater initial value than function J.,Student interpreted the rates of change as the initial values in function J and function K.,Function J and function K have the same rate of change.,"Student interpreted the rate of change in function K correctly, but identified the rate of change in function J as the change in x over the change in y instead of the change in y over the change in x.",Function J has a greater rate of change than function K.,"Student interpreted the rate of change in function K correctly, but identified the initial value in function J as the rate of change.",Function K has a greater rate of change than function J.,Correct.,,,,"Student interpreted the rate of change in function K correctly, but identified the initial value in function J as the rate of change.",Compare properties of two functions each represented in a different way
MATH-00689,8,i162300,Interim_eedi,q168715,B,D,15514.0,12.150315843754,31.867990202397,27.310816037127,28.851360061879,,,MULTICHOICE,,"Function Q is a linear function with an initial value of 4 and a rate of change of -1/2. Function R is a linear function. The graph of function R includes the points (4, 6) and (0, 8). Which statement is true?",,The two functions have the same initial value.,"Student may have determined the initial value of function R is 4 because it is the first coordinate of the first point given (4, 6).",The two functions have the same rate of change.,Correct.,The initial value of function R is less than the initial value of function Q.,"Student used the point (0, 8) to determine the initial value of function R but compared 0, instead of 8, to the initial value of function Q.",The rate of change of function R is greater than the rate of change of function Q.,Student may have calculated the rate of change of function R as positive and determined it was greater than the negative rate of change of function Q.,,,,,,,,Student may have calculated the rate of change of function R as positive and determined it was greater than the negative rate of change of function Q.,Compare properties of two functions each represented in a different way
MATH-00689,8,i162310,Interim_eedi,q168718,C,A,15146.0,21.272943351379,19.51010167701,46.566750297108,12.821867159646,,,MULTICHOICE,,"Functions F and G are linear functions. Function F is represented by the table shown below. Function G is represented by the equation shown below. Function F: x=1, y=7; x=3, y=11. Function G: y = 5x + 2. Which statement about the functions is true?",,"Function F has a rate of change of 4, and function G has a rate of change of 5.",Student calculated the rate of change for function F as the change in y and not as the change in y over the change in x.,"Function F has a rate of change of 2, and function G has a rate of change of 2.",Student identified the initial value as the rate of change for function G.,"Function F has a rate of change of 2, and function G has a rate of change of 5.",Correct.,"Function F has a rate of change of 1/2, and function G has a rate of change of 5.",Student calculated the rate of change for function F as the change in x over the change in y instead of the change in y over the change in x.,,,,,,,,Student calculated the rate of change for function F as the change in y and not as the change in y over the change in x.,Compare properties of two functions each represented in a different way
MATH-00689,8,i177924,Interim_eedi,q179692,B,C,661.0,17.246596066565,35.098335854765,30.408472012102,17.246596066565,,,MULTICHOICE,,"Function L and function M, shown below, are linear functions. Which statement about the functions is true?","Function L is shown as a table with three rows: x = -4, y = -1; x = 0, y = 1; x = 4, y = 3. Rate of change = (1-(-1))/(0-(-4)) = 2/4 = 1/2. Initial value (y when x=0) = 1. Function M is shown as a graph on a coordinate plane with x-axis from -5 to 5 and y-axis from -5 to 5. A line passes through the plane with a moderate positive slope; based on the correct answer, its slope is also 1/2.",Function L and function M both have a rate of change of 2.,Student calculated the rate of change in function L and function M as the change in x divided by the change in y.,Function L and function M both have a rate of change of 1/2.,Correct.,"The rate of change in function L is 1/2, and the rate of change in function M is 2.","Student calculated the rate of change in function L correctly, but calculated the rate of change in function M as the change in x divided by the change in y.","The rate of change in function L is 1, and the rate of change in function M is -2.",Student interpreted the initial values as the rates of change in both function L and function M.,,,,,,,,"Student calculated the rate of change in function L correctly, but calculated the rate of change in function M as the change in x divided by the change in y.",Compare properties of two functions each represented in a different way
MATH-00689,8,i180987,Interim_eedi,q182258,D,C,374.0,21.925133689839,27.005347593582,28.609625668449,22.459893048128,,,MULTICHOICE,,"Function T and function U are both linear functions and are represented below. Function T: y = 2x - 4. Function U: x=-4, y=0; x=-2, y=2; x=0, y=4; x=2, y=6. Which statement about the initial value in function T is true?",,It is half the initial value in function U.,Student compared the initial value in function U with the rate of change in function T.,It is the same as the initial value in function U.,Student compared the value of function T when the input is 0 to the value of function U when the output is 0.,It is greater than the initial value in function U.,Student may have confused the rates of change with the initial values.,It is the opposite of the initial value in function U.,Correct.,,,,,,,,Student may have confused the rates of change with the initial values.,Compare properties of two functions each represented in a different way
MATH-00690,8,i185363,Compass,q188290,D,B,63.0,12.698412698412698,25.396825396825395,22.22222222222222,39.682539682539684,,,MULTICHOICE,,Which equation represents a linear function?,No image present. Text-only question.,y = x^3,Student did not recognize that cubing a variable results in a function that is not linear.,y = 4x^2,Student did not recognize that squaring a variable results in a function that is not linear.,y = (1/2 x)^2,Student did not recognize that squaring a variable results in a function that is not linear.,y = 7/4 x,Correct.,,,,,,,,Student did not recognize that squaring a variable results in a function that is not linear.,Identify the equation y = mx + b as representing a linear function
MATH-00690,8,i129605,Interim_eedi,q125134,D,B,110.0,10.90909090909,18.181818181818,15.454545454545,55.454545454545,,,MULTICHOICE,,Which equation represents a linear function?,,w = t³,Student did not recognize that cubing a variable results in a function that is not linear.,e = 12u²,Student did not recognize that squaring a variable results in a function that is not linear.,d = (g/2)²,Student did not recognize that squaring a variable results in a function that is not linear; perhaps thought squaring and dividing by 2 were inverses.,m = 5.45p,Correct.,,,,,,,,Student did not recognize that squaring a variable results in a function that is not linear.,Identify the equation y = mx + b as representing a linear function
MATH-00691,8,i185364,Compass,q188291,AE,C,63.0,68.25396825396825,20.634920634920636,61.904761904761905,12.698412698412698,74.60317460317461,,MULTISELECT,,Use the graphs below to answer the question. Which graphs represent a linear function? Select all that apply.,"Five coordinate plane graphs labeled A through E, each displayed on a grid from -10 to 10 on both axes. Graph A: a straight diagonal line with positive slope passing through the origin — linear function. Graph B: a parabola opening downward with vertex near (2, 4) — nonlinear. Graph C: a vertical straight line at approximately x = 2 — not a function (fails vertical line test). Graph D: a curve that increases steeply (appears exponential or cubic) — nonlinear. Graph E: a straight diagonal line with negative slope — linear function.",Graph A,Correct.,Graph B,Student confused a graph that represents a nonlinear function with one that represents a linear function.,Graph C,"Student thought that any straight line, including a vertical straight line, represents a function.",Graph D,Student confused a graph that represents a nonlinear function with one that represents a linear function; perhaps mistook a graph that is increasing for one representing a constant rate of change.,Graph E,Correct.,,,,,,"Student thought that any straight line, including a vertical straight line, represents a function.",Identify the graph of a line as representing a linear function
MATH-00692,8,i184802,Compass,q187509,A,B,991.0,64.076690211907,16.851664984863,13.017154389505,6.054490413723,,,MULTICHOICE,,Use the graphs below to answer the question. Which graph represents a nonlinear function?,"Four graphs on standard coordinate planes are shown. Graph A: A curved line that bends (nonlinear), starting in the upper-left and curving down and to the right — this is a nonlinear function. Graph B: A vertical straight line — this is not a function (fails the vertical line test). Graph C: A diagonal straight line passing through the origin going from lower-left to upper-right — this is a linear function. Graph D: Two line segments forming a V-shape (piecewise linear) — this is a linear (piecewise) function passing through multiple quadrants.",Graph A,Correct.,Graph B,Student chose a graph that does not represent a function.,Graph C,Student chose a graph that represents a linear function; perhaps thought that all linear functions must pass through the origin.,Graph D,Student chose a graph that represents a linear function; perhaps thought that a linear function could not have a negative rate of change.,,,,,,,,Student chose a graph that does not represent a function.,Recognize and give examples of functions that are (or are not) linear
MATH-00692,8,i185365,Compass,q188292,C,D,63.0,12.698412698412698,12.698412698412698,52.38095238095238,22.22222222222222,,,MULTICHOICE,,Which equation represents a nonlinear function?,No image present. Text-only question.,P = 6s,Student confused the equation of a linear function with one that is a nonlinear function; perhaps thought that all equations of a linear function need a y-intercept.,C = 2*pi*r,"Student confused the equation of a linear function with one that is a nonlinear function; perhaps because the given equation contained a mathematical symbol, such as pi.",A = pi*r^2,Correct.,P = (2 + 2)s,Student confused the equation of a linear function with one that is a nonlinear function; perhaps because the given equation contains grouped constants.,,,,,,,,Student confused the equation of a linear function with one that is a nonlinear function; perhaps because the given equation contains grouped constants.,Recognize and give examples of functions that are (or are not) linear
MATH-00692,8,i129603,Interim_eedi,q125132,B,A,14554.0,35.144977325821,32.884430397141,17.294214648893,14.848151710869,,,MULTICHOICE,,Which table contains coordinate points that form a linear function?,"Four answer choices are each a two-column table with headers x and y. Table A: (1,1), (3,9), (5,25) — y-values are squares of x-values (non-linear). Table B: (3,-1), (5,1), (7,3) — x increases by 2 and y increases by 2 each row, constant rate of change (linear, correct answer). Table C: (3,3), (4,0), (8,-3) — x-values have unequal spacing while y-values decrease by 3 each row (non-linear). Table D: (-2,-4), (0,4), (2,-1) — x increases by 2 each row but y-values are inconsistent (non-linear).","Table with x: 1, 3, 5 and y: 1, 9, 25",Student thought that having y-values that were the squares of the corresponding x-values meant that the values in the table represent a linear function.,"Table with x: 3, 5, 7 and y: -1, 1, 3",Correct.,"Table with x: 3, 4, 8 and y: 3, 0, -3","Student thought that the constant rate of change for y-values, but not x-values, meant that the values in the table represent a linear function.","Table with x: -2, 0, 2 and y: -4, 4, -1","Student thought that the constant rate of change for x-values, but not y-values, meant that the values in the table represent a linear function.",,,,,,,,Student thought that having y-values that were the squares of the corresponding x-values meant that the values in the table represent a linear function.,Recognize and give examples of functions that are (or are not) linear
MATH-00692,8,i129617,Interim_eedi,q125150,AC,B,19371.0,72.13360177585,35.971297300087,70.770739765629,21.67673326106,15.972329771307,,MULTISELECT,,Use the graphs below to answer the question. Which graphs represent a nonlinear function? Select all that apply.,"Five coordinate plane graphs are shown, each with x and y axes. Graph A: A curved line (nonlinear) that curves from the upper-left and decreases toward the lower-right in a non-straight path — a nonlinear function. Graph B: A vertical line — fails the vertical line test and does not represent a function. Graph C: A curve that changes direction, resembling a V-shape tilted to the right with segments going from upper-right downward then continuing down-right — a nonlinear function. Graph D: A straight line with a positive slope passing through two quadrants — a linear function. Graph E: A straight line with a negative slope from upper-left to lower-right — a linear function.",Graph A,Correct.,Graph B,Student chose a graph that does not represent a function.,Graph C,Correct.,Graph D,Student chose a graph that represents a linear function; perhaps thought that all linear functions must pass through the origin.,Graph E,Student chose a graph that represents a linear function; perhaps thought that a linear function could not have a negative rate of change.,,,,,,Student chose a graph that does not represent a function.,Recognize and give examples of functions that are (or are not) linear
MATH-00696,8,i185371,Compass,q188298,B,C,62.0,14.516129032258064,46.774193548387096,19.35483870967742,19.35483870967742,,,MULTICHOICE,,"A container of water is heated at a constant rate. The table below shows the temperature, in degrees Celsius, of the water, y, after it has been heated for a number of minutes, x. (Table: x=2, y=54; x=5, y=99) What was the initial temperature, in degrees Celsius, of the water before it was heated?","A two-column table with headers ""Minutes of heating (x)"" and ""Temperature in degrees Celsius (y)."" Row 1: x = 2, y = 54. Row 2: x = 5, y = 99. The rate of change is (99-54)/(5-2) = 15 degrees per minute. Using y = 15x + b with (2, 54): 54 = 30 + b, so b = 24.",0,"Student divided the output by the input as if the relationship were proportional, then extended that rate backward without recognizing the context of a linear relationship, or assumed the initial value must start at 0.",24,Correct.,39,Student found the output corresponding to a specific nonzero input and misinterpreted it as the initial value; did not understand that the initial value is the value when the input is 0.,45,Student calculated the difference between two output values and misinterpreted that difference as the initial value rather than as a change over time.,,,,,,,,Student found the output corresponding to a specific nonzero input and misinterpreted it as the initial value; did not understand that the initial value is the value when the input is 0.,Determine the initial value of a function from a real-world context presented in a table or graph
MATH-00696,8,i138639,Interim_eedi,q143434,B,D,15666.0,17.16456019405,44.242308183326,14.783607813098,24.02655432146,,,MULTICHOICE,,"A container of water is heated at a constant rate. The table below shows the temperature, in degrees Celsius, of the water, y, after it has been heated for a number of minutes, x. What was the initial temperature, in degrees Celsius, of the water before it was heated?","A two-column data table with headers 'Minutes of heating (x)' and 'Temperature in degrees Celsius (y).' Two data points: when x=2, y=54; when x=5, y=99. The rate of change is 15 °C per minute. Extrapolating back to x=0 gives an initial temperature of 24 °C.",0,"Student divided 54 by 2 as if it were a proportion, got a rate of 27, subtracted 27 from 54 to get 27 for minute 1, and then subtracted 27 from 27 to get 0 for the initial temperature, OR student assumed the initial temperature had to start at zero.",24,Correct.,39,Student found the temperature of the water after it had been heated for 1 minute; did not understand that the initial temperature is the temperature after heating the water for 0 minutes.,45,Student found the difference between the temperatures of the water after it had been heated for 2 minutes and 5 minutes.,,,,,,,,Student found the difference between the temperatures of the water after it had been heated for 2 minutes and 5 minutes.,Determine the initial value of a function from a real-world context presented in a table or graph
MATH-00701,8,i185369,Compass,q188296,B,A,63.0,25.396825396825395,58.73015873015873,14.285714285714286,1.5873015873015872,,,MULTICHOICE,,"Luciana is adding water to a pool at a constant rate. Before she added any water, the pool had 12,000 gallons of water. Luciana is adding 9 gallons of water each minute. Which equation represents the total number of gallons of water in the pool, w, after Luciana adds water for m number of minutes?",No image present. Text-only question.,"m = 9w + 12,000","Student confused the dependent and independent variables, and chose an equation that solves for the input instead of the output.","w = 9m + 12,000",Correct.,"w = 12,000m + 9",Student confused the roles of the rate of change and the initial value in the equation.,"w = 12,000 - 9m",Student represented the situation as decreasing over time rather than increasing.,,,,,,,,"Student confused the dependent and independent variables, and chose an equation that solves for the input instead of the output.",Model a linear relationship between two quantities with a function
MATH-00701,8,i113093,Interim_eedi,q102782,A,D,2524.0,33.122028526148,21.354992076069,16.679873217115,28.922345483359,,,MULTICHOICE,,"A train is moving at a constant speed. The graph below shows the distance-time relationship for the train, where x represents the time, in hours, and y represents the distance traveled, in kilometers. Which function represents the distance-time relationship shown on the graph?","A line graph titled 'Distance-Time Relationship for the Train.' The x-axis is labeled 'Time (in hours)' with values from 0 to 4. The y-axis is labeled 'Distance (in kilometers)' with values from 0 to 400, marked at 100, 200, 300, and 400. A straight line starts at the origin (0,0) and increases steadily to approximately (4, 320), passing through the point (2.5, 200). The constant positive slope indicates the train travels at 80 km/h.",y = 80x,Correct.,y = 200x,"Student identified the point (2.5, 200), but did not divide by 2.5 to find the slope.",y = x + 80,Student confused the concepts of slope and y-intercept and added 80 to x instead of multiplying by x.,y = 2.5x + 200,"Student used the most easily identifiable point of (2.5, 200) and represented the x-coordinate as the rate of change and the y-coordinate as the initial value.",,,,,,,,"Student used the most easily identifiable point of (2.5, 200) and represented the x-coordinate as the rate of change and the y-coordinate as the initial value.",Model a linear relationship between two quantities with a function
MATH-00701,8,i113259,Interim_eedi,q100089,D,B,2028.0,19.47731755424,26.331360946745,23.668639053254,30.670611439842,,,MULTICHOICE,,"A snowboarder starts at the top of a mountain that is 2,500 feet above sea level. The snowboarder then descends at a constant rate of 650 feet per minute. Which equation represents this situation, where y represents the current altitude of the snowboarder, in feet, and x represents the number of minutes that have passed?",,"y = 2,500x - 650",Student switched the initial value and the rate of change in the equation.,"y = 650x + 2,500",Student represented an ascent instead of a descent.,"y = -650x - 2,500",Student represented the initial value as negative (below sea level) instead of positive (above sea level).,"y = -650x + 2,500",Correct.,,,,,,,,Student represented an ascent instead of a descent.,Model a linear relationship between two quantities with a function
MATH-00701,8,i138640,Interim_eedi,q143435,B,A,20559.0,20.166350503429,56.72454885938,16.270246607325,6.94099907583,,,MULTICHOICE,,"Luciana is adding water to a pool at a constant rate. Before she added any water, the pool had 12,000 gallons of water. Luciana is adding 9 gallons of water each minute. Which equation represents the total number of gallons of water in the pool, w, after Luciana adds water for m number of minutes?",,"m = 9w + 12,000",Student confused the variables.,"w = 9m + 12,000",Correct.,"w = 12,000m + 9",Student confused the initial value and the rate of change.,"w = 12,000 - 9m",Student represented the rate of change as negative instead of positive.,,,,,,,,Student confused the variables.,Model a linear relationship between two quantities with a function
MATH-00702,8,i185370,Compass,q188297,B,D,63.0,3.1746031746031744,61.904761904761905,6.349206349206349,28.571428571428573,,,MULTICHOICE,,"A candle burns at a constant rate, as shown in the graph below. Which statement best describes the rate of change for the height of the candle?","A line graph titled ""Candle's Height over Time."" The x-axis shows ""Time (in hours)"" from 0 to 5. The y-axis shows ""Height of Candle (in centimeters)"" from 0 to 20. A straight line begins at (0, 16) and decreases linearly to approximately (4, 0), indicating the candle loses 4 cm of height per hour and is fully burned after 4 hours.",The height of the candle was 0 centimeters after 4 hours.,Student identified the total time it took for the output value to reach zero rather than determining the rate at which the output value changed over time.,The height of the candle decreased 4 centimeters each hour.,Correct.,The height of the candle decreased 12 centimeters each hour.,Student identified the output value after one unit of time instead of calculating how much the value changed per unit of time.,The height of the candle was 16 centimeters when it started to burn.,Student interpreted the starting value as the rate of change.,,,,,,,,Student interpreted the starting value as the rate of change.,Interpret the rate of change of a linear function in the context of the situation it models
MATH-00702,8,i138636,Interim_eedi,q143429,B,D,15452.0,12.017861765467,62.25084131504,9.468030028475,16.425058244887,,,MULTICHOICE,,"A candle burns at a constant rate, as shown in the graph below. Which statement best describes the rate of change for the height of the candle?","A line graph titled 'Candle's Height over Time.' The x-axis is labeled 'Time (in hours)' ranging from 0 to 5. The y-axis is labeled 'Height of Candle (in centimeters)' with values at 4, 8, 12, 16, and 20. A straight line starts at (0, 16) and decreases to (4, 0), showing the candle burns from 16 cm to 0 cm over 4 hours. The slope is -4 cm per hour.",The height of the candle was 0 centimeters after 4 hours.,Student identified the total amount of time it took to burn the candle down to 0 centimeters instead of the rate at which the candle's height decreased during the total 4-hour period.,The height of the candle decreased 4 centimeters each hour.,Correct.,The height of the candle decreased 12 centimeters each hour.,Student identified the height of the candle after burning for one hour instead of the rate at which the candle's height decreased each hour.,The height of the candle was 16 centimeters when it started to burn.,Student identified the initial value as the rate of change.,,,,,,,,Student identified the initial value as the rate of change.,Interpret the rate of change of a linear function in the context of the situation it models
MATH-00702,8,i162473,Interim_eedi,q168875,A,D,654.0,75.688073394495,7.951070336391,4.892966360856,11.467889908256,,,MULTICHOICE,,"A bathtub filled with water is drained at a constant rate, as shown in the graph below. Which statement best describes the rate of change for the water in the bathtub?","A line graph titled 'Water in the Bathtub Over Time.' The x-axis is labeled 'Time (in minutes)' ranging from 0 to 5. The y-axis is labeled 'Water (in gallons)' ranging from 0 to 50, marked at 10, 20, 30, 40, and 50. A straight line starts at approximately (1, 30) and decreases to (4, 0), indicating the tub drains to empty. The slope is -10 gallons per minute.",There were 10 gallons of water drained each minute.,Correct.,There were 30 gallons of water drained each minute.,Student identified the amount of water remaining in the bathtub after draining for one minute instead of the rate at which the water drained each minute.,There were 0 gallons of water in the bathtub after 4 minutes.,Student identified the total amount of time it took to drain the water in the bathtub instead of the rate at which the water was drained during the total 4-minute period.,There were 40 gallons of water in the bathtub when it was full.,Student identified the initial value as the rate of change.,,,,,,,,Student identified the initial value as the rate of change.,Interpret the rate of change of a linear function in the context of the situation it models
MATH-00704,8,i174034,Compass,q177503,C,B,6082.0,11.969746793817,25.172640578756,38.934560999671,24.235448865504,,,MULTICHOICE,,"Simone is traveling in a car to attend a conference for young entrepreneurs. The graph below shows the distance Simone traveled, in miles, over time, in hours. Based on the graph, which statement best describes Simone's travels?","A line graph titled ""Distance Traveled over Time."" The x-axis is labeled ""Time (in hours)"" and the y-axis is labeled ""Distance Traveled (in miles)."" The graph shows three segments: the first segment is steep (high slope), indicating fast travel; the second segment is flat/horizontal (zero slope), indicating no movement — Simone stopped; the third segment has a shallower positive slope than the first, indicating slower travel than the initial pace.","Simone traveled at a slow pace, sped up, and then traveled at a quick pace.","Student did not use the labels on the horizontal and vertical axes to interpret the graph, but rather related the lengths of the line segments to speed; thought a shorter line segment meant slower speed and a longer line segment meant faster speed.","Simone traveled at a slow pace, stopped, and then traveled at a quick pace.","Student recognized that a flat line means Simone stopped, but used the lengths of the line segments instead of the slopes to indicate Simone's speed.","Simone traveled at a quick pace, stopped, and then traveled at a slow pace.",Correct.,"Simone traveled at a quick pace, slowed down, and then traveled at a quicker pace.",Student did not recognize that a flat line segment means Simone did not cover any distance and misinterpreted the slope of the last interval of time.,,,,,,,,"Student recognized that a flat line means Simone stopped, but used the lengths of the line segments instead of the slopes to indicate Simone's speed.",Qualitatively describe the relationship between two quantities by analyzing the graph of a function that relates the two quantities
MATH-00704,8,i112346,Interim_eedi,q107728,DE,B,1.0,,100.0,,100.0,,,MULTISELECT,,"In the graph below, y is a function of x. During which intervals is the function decreasing? Select all that apply.","Graph of a piecewise function on a coordinate plane (axes range approximately -10 to 10 on both x and y). The function starts at the bottom-left with negative y-values for x < -6 and increases linearly through negative territory. From -6 to 0, the function curves upward nonlinearly, rising steeply through positive values to a peak near y=8 around x=0. From 0 to approximately x=3, the function remains relatively flat/constant near the peak. From x=3 to x=6, the function decreases. For x > 6, the function continues decreasing, dropping below the x-axis into negative y-values toward the bottom-right.",x < -6,"Student confused an interval in which the function is increasing linearly with an interval where the function is decreasing, OR student thought that an interval in which all y-values are negative is an interval where the function is decreasing.",-6 < x < 0,Student confused an interval in which the function is increasing nonlinearly with an interval where the function is decreasing.,0 < x < 3,Student confused an interval in which the function is constant with an interval where the function is decreasing.,3 < x < 6,Correct.,x > 6,Correct.,,,,,,Student confused an interval in which the function is increasing nonlinearly with an interval where the function is decreasing.,Qualitatively describe the relationship between two quantities by analyzing the graph of a function that relates the two quantities
MATH-00704,8,i162728,Interim_eedi,q169197,C,D,14340.0,12.914923291492,22.496513249651,41.276150627615,23.34030683403,,,MULTICHOICE,,"Cameron is traveling in his car. The graph below shows the distance Cameron traveled, in miles, over time, in hours. Based on the graph, which statement best describes Cameron's travels?","A line graph titled 'Distance Traveled over Time.' The x-axis is labeled 'Time (in hours)' and the y-axis is labeled 'Distance Traveled (in miles).' Three segments: (1) a steep rising line from the origin indicating fast travel, (2) a flat horizontal line indicating Cameron stopped, (3) a gently rising line with a shallower slope indicating slower travel.","Cameron traveled at a slow pace, sped up, and then traveled at a quick pace.","Student did not use the labels on the horizontal and vertical axes to interpret the graph, but rather related the lengths of the line segments to speed; thought a shorter line segment meant slower speed and a longer line segment meant faster speed.","Cameron traveled at a slow pace, stopped, and then traveled at a quick pace.","Student recognized that a flat line means Cameron stopped, but used the lengths of the line segments instead of the slopes to indicate Cameron's speed.","Cameron traveled at a quick pace, stopped, and then traveled at a slow pace.",Correct.,"Cameron traveled at a quick pace, slowed down, and then traveled at a quicker pace.",Student did not recognize that a flat line segment means Cameron did not cover any distance and misinterpreted the slope of the last interval of time.,,,,,,,,Student did not recognize that a flat line segment means Cameron did not cover any distance and misinterpreted the slope of the last interval of time.,Qualitatively describe the relationship between two quantities by analyzing the graph of a function that relates the two quantities
MATH-00704,8,i177931,Interim_eedi,q179701,B,A,660.0,25.0,64.393939393939,4.090909090909,6.515151515151,,,MULTICHOICE,,"Leia is going for a walk. The graph below shows the distance Leia walked, in meters, over time, in minutes. Based on the graph, which statement best describes Leia's walk?","A line graph titled 'Distance Walked over Time.' The x-axis is labeled 'Time (in minutes)' and the y-axis is labeled 'Distance Walked (in meters).' Three segments: (1) a gently rising line from the origin with a small positive slope (slow pace), (2) a flat horizontal line indicating Leia stopped, (3) a steeply rising line with a much larger positive slope (quick pace).","Leia walked at a slow pace, sped up, and then walked at a quick pace.","Student did not use the labels on the horizontal and vertical axes to interpret the graph, but rather related the lengths of the line segments to speed; thought a shorter line segment meant slower speed and a longer line segment meant faster speed.","Leia walked at a slow pace, stopped, and then walked at a quick pace.",Correct.,"Leia walked at a quick pace, stopped, and then walked at a slow pace.","Student recognized that a flat line means Leia stopped, but used the lengths of the line segments instead of the slopes to indicate Leia's speed; thought a shorter line segment meant a faster speed and a longer line segment meant a slower speed.","Leia walked at a quick pace, slowed down, and then walked at a slow pace.",Student did not recognize that a flat line segment means Leia did not cover any distance and used the lengths of the line segments instead of the slopes to indicate Leia's speed; thought a shorter line segment meant a faster speed and a longer line segment meant a slower speed.,,,,,,,,"Student did not use the labels on the horizontal and vertical axes to interpret the graph, but rather related the lengths of the line segments to speed; thought a shorter line segment meant slower speed and a longer line segment meant faster speed.",Qualitatively describe the relationship between two quantities by analyzing the graph of a function that relates the two quantities
MATH-00705,8,i177932,Compass,q179702,D,B,657.0,15.829528158295,32.115677321156,29.375951293759,22.678843226788,,,MULTICHOICE,,Which graph represents a function with the following criteria? The function is linear and increasing for -3 < x < -1. The function is nonlinear and decreasing for 1 < x < 3.,"Four coordinate plane graphs (A–D), each with axes from -5 to 5. Graph A: Linear but decreasing for -3 < x < -1 and nonlinear but increasing for 1 < x < 3. Graph B: The second interval (1 < x < 3) correctly shows nonlinear decreasing, but the first interval is not linear increasing. Graph C: Increasing but nonlinear (curved) for -3 < x < -1 and decreasing but linear (straight) for 1 < x < 3. Graph D (correct): A straight line with positive slope for -3 < x < -1 (linear and increasing), then a smooth curve decreasing for 1 < x < 3 (nonlinear and decreasing).",Graph A (shown in image),"Student chose a function that is linear but decreasing for -3 < x < -1 and nonlinear but increasing for 1 < x < 3; perhaps confused ""increasing"" with having positive y-coordinates and ""decreasing"" with having negative y-coordinates.",Graph B (shown in image),Student chose a function that correctly represents the second interval but not the first; perhaps misidentified the first interval as the portion of the graph after x = -1.,Graph C (shown in image),"Student chose a function that is increasing but nonlinear for -3 < x < -1 and decreasing but linear for 1 < x < 3, OR student confused the meanings of linear and nonlinear.",Graph D (shown in image — correct),Correct.,,,,,,,,Student chose a function that correctly represents the second interval but not the first; perhaps misidentified the first interval as the portion of the graph after x = -1.,Sketch by hand a graph that exhibits particular qualitative features that are described verbally
MATH-00705,8,i184847,Compass,q187576,A,B,894.0,30.089485458612,26.398210290827,23.154362416107,20.357941834451,,,MULTICHOICE,,Which graph represents a function with the following criteria? The function is linear and increasing for -3 < x < 0. The function is nonlinear and decreasing for 0 < x < 3.,"Four graphs on coordinate planes (x and y axes from -5 to 5). Graph A (correct): Shows a straight line increasing from left to right for -3 < x < 0 (linear, increasing), then a curve that decreases for 0 < x < 3 (nonlinear, decreasing) — forming an arch shape that peaks at x = 0. Graph B: Shows a function with the correct first interval (linear and increasing for -3 < x < 0), but the second interval descends steeply in a linear (not nonlinear/curved) manner — incorrect for the second interval. Graph C: Shows a graph that is not a function (fails the vertical line test); the curve is increasing and linear for -3 < y < 0 and decreasing and nonlinear for 0 < y < 3 in terms of y-values, not x-intervals. Graph D: Shows a function that is linear but DECREASING for -3 < x < 0, and nonlinear but INCREASING for 0 < x < 3 — the opposite behavior on both intervals.",Graph A,Correct.,Graph B,"Student chose a function that correctly represents the first interval but not the second interval; perhaps confused ""increasing"" with having positive y-coordinates and ""decreasing"" with having mostly negative y-coordinates and did not attend to the linearity of the graph for 0 < x < 3.",Graph C,Student chose a graph that is not a function and that is increasing and linear for -3 < y < 0 and decreasing and nonlinear for 0 < y < 3.,Graph D,Student chose a function that is linear but decreasing for -3 < x < 0 and nonlinear but increasing for 0 < x < 3.,,,,,,,,"Student chose a function that correctly represents the first interval but not the second interval; perhaps confused ""increasing"" with having positive y-coordinates and ""decreasing"" with having mostly negative y-coordinates and did not attend to the linearity of the graph for 0 < x < 3.",Sketch by hand a graph that exhibits particular qualitative features that are described verbally
MATH-00705,8,i112875,Interim_eedi,q100572,A,C,17077.0,35.773262282602,22.304854482637,27.323300345493,14.862095215787,,,MULTICHOICE,,Which graph represents a function with the following criteria? The function is linear and increasing for -4 < x < -2. The function is nonlinear and decreasing for 2 < x < 4.,"Four coordinate plane graphs (A–D) are shown as answer choices, each with axes ranging from -5 to 5. Graph A (correct): In the interval -4 < x < -2 a straight line with positive slope rises from lower-left; between -2 and 2 the curve peaks smoothly; from 2 to 4 the curve descends in a nonlinear (curved) fashion. Graph B: Linear and increasing for -4 < x < -2 (correct first interval) but the function increases nonlinearly for 2 < x < 4 rather than decreasing. Graph C: The function rises nonlinearly for -4 < y < -2 and descends but uses y-coordinates rather than x-coordinates, or the linear/nonlinear labels are swapped. Graph D: Linear but decreasing for -4 < x < -2 and nonlinear but increasing for 2 < x < 4.",Graph A (shown in image — correct),Correct.,Graph B (shown in image),"Student chose a function that correctly represents the first interval but not the second interval; perhaps confused ""increasing"" with having positive y-coordinates and ""decreasing"" with having negative y-coordinates.",Graph C (shown in image),"Student chose a function that is increasing and linear for -4 < y < -2 and decreasing and nonlinear for 2 < y < 4, OR student confused the meanings of linear and nonlinear.",Graph D (shown in image),Student chose a function that is linear but decreasing for -4 < x < -2 and nonlinear but increasing for 2 < x < 4.,,,,,,,,"Student chose a function that is increasing and linear for -4 < y < -2 and decreasing and nonlinear for 2 < y < 4, OR student confused the meanings of linear and nonlinear.",Sketch by hand a graph that exhibits particular qualitative features that are described verbally
MATH-00707,8,i138321,Interim_eedi,q142783,ACE,D,29348.0,67.813820362545,24.495706692108,57.704102494207,27.385171050838,55.918631593294,25.899550224887,MULTISELECT,,Triangle XYZ is shown in the coordinate grid below. XY and XZ are perpendicular. Triangle XYZ undergoes a transformation to create triangle X'Y'Z'. Which statements are true? Select all that apply.,"A coordinate grid with x and y axes ranging from -5 to 5. Triangle XYZ is plotted with vertex Y at approximately (1, 4), vertex X at approximately (1, -2), and vertex Z at approximately (4, -2). Segment XY is vertical (parallel to the y-axis) and segment XZ is horizontal (parallel to the x-axis), confirming they are perpendicular to each other. The triangle has a right angle at vertex X.",X'Y' and X'Z' will be perpendicular after a reflection over the y-axis.,Correct.,X'Y' and X'Z' will not be perpendicular after a reflection over the y-axis.,Student thought a reflection would change the outline of the shape and that would mean the line segments would no longer be perpendicular.,X'Y' and X'Z' will be perpendicular after a translation down by 2 units.,Correct.,X'Y' and X'Z' will not be perpendicular after a translation down by 2 units.,Student thought a translation would mean that the line segments are no longer perpendicular because the location of the shape is different.,X'Y' and X'Z' will be perpendicular after a 90° rotation counterclockwise about the origin.,Correct.,X'Y' and X'Z' will not be perpendicular after a 90° rotation counterclockwise about the origin.,"Student thought a rotation would change the outline of the shape, OR student thought that, because the line segments would have a different orientation, they would not be perpendicular.",,,,Student thought a translation would mean that the line segments are no longer perpendicular because the location of the shape is different.,Verify that no combination of basic rigid motions will alter the measure of an angle
MATH-00708,8,i138325,Interim_eedi,q142787,A,D,29593.0,58.645625654715,13.019970939073,12.641503058155,15.841584158415,,,MULTICHOICE,,"Quadrilateral ABCD, shown below, is translated 3 units to the left to create quadrilateral A'B'C'D'. Which statement is true?","A coordinate plane with x and y axes. Quadrilateral ABCD is a rectangle located in the first quadrant near the y-axis. Vertex A is at approximately (0, 2), vertex B is at approximately (3, 2), vertex C is at approximately (3, 1), and vertex D is at approximately (0, 1). The rectangle is wider than it is tall, sitting just above the x-axis with its left side touching the y-axis.",The length of AB is equal to the length of A'B'.,Correct.,The length of AB is less than the length of A'B'.,Student thought that a translation of quadrilateral ABCD to the left made line segments AB and CD longer; perhaps thought that only points A and D would be translated 3 units left.,The length of AB is greater than the length of A'B'.,"Student thought that a translation of quadrilateral ABCD to the left made line segments AB and CD shorter; perhaps thought that only points B and C would be translated 3 units left, making them closer to points A and D.",There is not enough information given to compare the lengths of AB and A'B'.,Student thought that the length of line segment AB must be given in order to compare; did not recognize that a translation would create congruent line segments.,,,,,,,,Student thought that the length of line segment AB must be given in order to compare; did not recognize that a translation would create congruent line segments.,Verify that no combination of basic rigid motions will alter the length of a line segment
MATH-00709,8,i184992,Compass,q187784,A,B,27.0,18.51851851851852,29.62962962962963,22.22222222222222,29.62962962962963,,,MULTICHOICE,,"Triangle EFG and triangle E'F'G', shown below, are congruent. Which sequence of transformations of triangle EFG results in triangle E'F'G'?","A coordinate plane showing two congruent triangles: Triangle EFG and its image Triangle E'F'G'. Triangle EFG appears in one quadrant and Triangle E'F'G' appears in a different position/quadrant, suggesting a combination of reflection and rotation has been applied.","Reflect triangle EFG over the y-axis, and then rotate it 90° clockwise about the origin.",Correct.,"Reflect triangle EFG over the y-axis, and then rotate it 90° counterclockwise about the origin.","Student confused a reflection over the y-axis with a reflection over the x-axis, OR confused a clockwise rotation with a counterclockwise rotation.","Rotate triangle EFG 90° clockwise about the origin, and then reflect it over the y-axis.","Student confused a reflection over the y-axis with a reflection over the x-axis, OR confused a clockwise rotation with a counterclockwise rotation.","Rotate triangle EFG 90° clockwise about the origin, and then rotate it 180° counterclockwise about the origin.","Student chose a sequence that aligned only one part of the shape with its image but did not account for the position of the remaining parts, not recognizing that a reflection was needed.",,,,,,,,"Student confused a reflection over the y-axis with a reflection over the x-axis, OR confused a clockwise rotation with a counterclockwise rotation.",Describe a sequence of transformations that exhibits congruence between two given congruent figures
MATH-00709,8,i184993,Compass,q187785,C,D,28.0,10.714285714285714,14.285714285714286,50.0,25.0,,,MULTICHOICE,,"Rectangle ABCD, rectangle A'B'C'D', and rectangle A''B''C''D'', shown below, are congruent. Rectangle ABCD was transformed to create rectangle A'B'C'D'. Rectangle A'B'C'D' was then transformed to create rectangle A''B''C''D''. Which statement correctly describes the transformation of rectangle ABCD to rectangle A''B''C''D''?","A coordinate plane showing three congruent rectangles: Rectangle ABCD (original), Rectangle A'B'C'D' (first transformation), and Rectangle A''B''C''D'' (second transformation). The rectangles are positioned such that the final transformation from ABCD to A''B''C''D'' can be described as a reflection over the x-axis followed by a translation 6 units left.",Translate 2 units up and translate 6 units left.,Student performed translations for only part of the shape and did not recognize that the other vertices did not align.,Translate 2 units up and reflect over the y-axis.,"Student performed a translation without verifying that all vertices matched, then applied a reflection without recognizing that none of the points aligned at that step.",Reflect over the x-axis and translate 6 units left.,Correct.,Reflect over the x-axis and reflect over the y-axis.,"Student applied a reflection instead of a translation in the second transformation, not realizing that the vertices did not align.",,,,,,,,"Student applied a reflection instead of a translation in the second transformation, not realizing that the vertices did not align.",Describe a sequence of transformations that exhibits congruence between two given congruent figures
MATH-00709,8,i138327,Interim_eedi,q142790,C,D,29730.0,16.649848637739,19.835183316515,40.17490750084,23.578876555667,,,MULTICHOICE,,"Rectangle ABCD, rectangle A'B'C'D', and rectangle A''B''C''D'', shown below, are congruent. Rectangle ABCD was transformed to create rectangle A'B'C'D'. Rectangle A'B'C'D' was then transformed to create rectangle A''B''C''D''. Which statement correctly describes the transformation of rectangle ABCD to rectangle A''B''C''D''?","A coordinate plane with y-axis running vertically through the center and x-axis horizontally, ranging from about -5 to 5. Three congruent rectangles are shown: Rectangle ABCD is in the lower-right quadrant below the x-axis, with A at approximately (1, 0), B at approximately (4, 0), C at approximately (4, -4), D at approximately (1, -4). Rectangle A'B'C'D' is in the upper-right quadrant above the x-axis, with A' at approximately (1, 1), B' at approximately (4, 1), C' at approximately (4, 5), D' at approximately (1, 5). Rectangle A''B''C''D'' is in the upper-left quadrant, mirror image of A'B'C'D' across the y-axis, with D'' at approximately (-5, 5), C'' at approximately (-2, 5), A'' at approximately (-5, 1), B'' at approximately (-2, 1).",Translate 2 units up and translate 6 units left.,"Student translated A to A' and B to B', and then A' to A'' and B' to B'', and did not recognize that the other vertices did not match.",Translate 2 units up and reflect over the y-axis.,"Student translated A to A' and B to B', not recognizing that the other vertices did not match, and then reflected A'B'C'D' over the y-axis, not realizing that none of the vertices matched at this step.",Reflect over the x-axis and translate 6 units left.,Correct.,Reflect over the x-axis and reflect over the y-axis.,"Student confused a translation with a reflection in the second transformation, not realizing that the vertices did not match at the second step.",,,,,,,,"Student confused a translation with a reflection in the second transformation, not realizing that the vertices did not match at the second step.",Describe a sequence of transformations that exhibits congruence between two given congruent figures
MATH-00713,8,i184152,Compass,q186570,D,C,1103.0,18.948322756119,21.940163191296,29.918404351767,29.193109700815,,,MULTICHOICE,,Triangle ABC is shown below. Triangle ABC is translated 2 units to the left and 1 unit down to create triangle A'B'C'. What are the coordinates of point B'?,"A coordinate plane with x-axis from -5 to 5 and y-axis from -5 to 5. Triangle ABC has vertices at approximately: A = (1, 4), B = (1, 1), C = (3, 1). The triangle is in the first quadrant with a right angle at B, a vertical side from B up to A, and a horizontal side from B right to C.","(-1, 2)",Student determined the coordinates of point A'.,"(0, -1)",Student determined the coordinates of point B' based on a translation of triangle ABC 1 unit to the left and 2 units down.,"(-1, 1)",Student only completed the first step in the translation; determined the coordinates of point B' based on a translation of triangle ABC 2 units to the left.,"(-1, 0)",Correct.,,,,,,,,Student only completed the first step in the translation; determined the coordinates of point B' based on a translation of triangle ABC 2 units to the left.,"Describe the effects of a series of basic rigid motions (translations, rotations, and reflections) on two-dimensional figures in the coordinate plane, including the use of coordinates and algebraic representation"
MATH-00713,8,i185143,Compass,q187985,A,C,27.0,29.62962962962963,22.22222222222222,29.62962962962963,18.51851851851852,,,MULTICHOICE,,The parallelogram shown in the figure below is reflected over the y-axis and translated 6 units down. What will be the new coordinates of point H after the reflection and translation?,"Coordinate plane showing a parallelogram in the first quadrant. Point H is located at approximately (3, 2) at the lower-left vertex of the parallelogram. The parallelogram has two other visible vertices at roughly (2, 4) at the top-left and (5, 4) at the top-right.","(-3, -4)",Correct.,"(-3, 2)",Student reflected the figure but did not apply the translation.,"(3, -8)",Student reflected the figure over the wrong axis and then applied the translation.,"(3, -4)",Student applied the translation but did not perform the reflection.,,,,,,,,Student reflected the figure over the wrong axis and then applied the translation.,"Describe the effects of a series of basic rigid motions (translations, rotations, and reflections) on two-dimensional figures in the coordinate plane, including the use of coordinates and algebraic representation"
MATH-00713,8,i138883,Interim_eedi,q143945,A,B,22182.0,48.462717518708,20.99900820485,13.510954828239,17.315841673428,,,MULTICHOICE,,The parallelogram shown in the figure below is reflected over the y-axis and translated 6 units down. What will be the new coordinates of point H after the reflection and translation?,"A coordinate plane with x ranging from -10 to 10 and y ranging from -10 to 10. A parallelogram is shown in the first quadrant. Point H is labeled at approximately (3, 2). The parallelogram has two other unlabeled vertices at approximately (4, 4) and (6, 4), forming a small slanted quadrilateral in the upper-right area.","(-3, -4)",Correct.,"(-3, 2)","Student reflected the parallelogram, but did not translate it.","(3, -8)","Student reflected the parallelogram over the x-axis, instead of the y-axis, and then translated it.","(3, -4)","Student translated the parallelogram, but did not reflect it.",,,,,,,,"Student reflected the parallelogram, but did not translate it.","Describe the effects of a series of basic rigid motions (translations, rotations, and reflections) on two-dimensional figures in the coordinate plane, including the use of coordinates and algebraic representation"
MATH-00713,8,i162853,Interim_eedi,q169363,D,A,17293.0,32.92083501995,21.124154282079,16.324524374024,29.983230208754,,,MULTICHOICE,,Triangle ABC is shown below. Triangle ABC undergoes a transformation to create triangle A'B'C'. Which statement about the location of point B' is true?,"A coordinate plane with x and y axes ranging from -5 to 5. Triangle ABC is plotted with vertex A at approximately (0, 4), vertex B at approximately (0, 1), and vertex C at approximately (2, 1). Segment AB is vertical and segment BC is horizontal, forming a right angle at B. The triangle sits primarily in the first quadrant near the y-axis.","When triangle ABC is reflected over the y-axis to create triangle A'B'C', the coordinates for B' are (1, -1).",Student reflected the figure over the x-axis instead of the y-axis.,"When triangle ABC is rotated 90° clockwise about point A to create triangle A'B'C', the coordinates for B' are (3, 3).",Student rotated the figure counterclockwise instead of clockwise.,"When triangle ABC is dilated from the origin by a scale factor of 1/4 to create triangle A'B'C', the coordinates for B' are (4, 4).",Student confused the effect of dilating by a scale factor of 1/4 with the effect of dilating by a scale factor of 4.,"When triangle ABC is translated 2 units to the left and 1 unit down to create triangle A'B'C', the coordinates for B' are (-1, 0).",Correct.,,,,,,,,Student reflected the figure over the x-axis instead of the y-axis.,"Describe the effects of a series of basic rigid motions (translations, rotations, and reflections) on two-dimensional figures in the coordinate plane, including the use of coordinates and algebraic representation"
MATH-00714,8,i185144,Compass,q187986,D,B,137.0,8.02919708029197,45.25547445255474,18.248175182481752,28.467153284671532,,,MULTICHOICE,,Rectangle ABCD is shown below. Rectangle ABCD is dilated from the origin by a scale factor of 3 to create rectangle A'B'C'D'. What are the coordinates of point A'?,"A coordinate plane showing Rectangle ABCD. Point A is located at (3, 6) in the first quadrant.","(1, 2)","Student applied the scale factor by dividing each coordinate instead of multiplying, confusing a dilation that enlarges with one that reduces.","(6, 9)","Student added the scale factor to each coordinate instead of multiplying, misinterpreting how dilation affects coordinates.","(9, 6)",Student multiplied only one coordinate by the scale factor and did not apply the dilation to both coordinates.,"(9, 18)",Correct.,,,,,,,,"Student added the scale factor to each coordinate instead of multiplying, misinterpreting how dilation affects coordinates.","Describe the effect of dilation on two-dimensional figures in the coordinate plane, including the use of coordinates and algebraic representation"
MATH-00714,8,i112343,Interim_eedi,q102671,A,C,18453.0,53.709423941906,17.02704167344,18.517314257844,11.044274643689,,,MULTICHOICE,,Rectangle ABCD is shown on the coordinate plane below. The center of rectangle ABCD is at the point P. Which rectangle represents a dilation from point P by a scale factor of 2?,"Main figure: A coordinate plane with x from 0 to 10 and y from 0 to 10. Rectangle ABCD has vertex A at (3, 8), B at (7, 8), C at (7, 5), and D at (3, 5). The center point P is at approximately (5, 6.5). The rectangle is 4 units wide and 3 units tall. Four answer choice graphs follow: Answer A (correct) shows a larger rectangle with A' at (1, 9), B' at (9, 9), D' at (1, 4), C' at (9, 4) — width 8 and height 5, representing a dilation by factor 2 from P. Answer B shows a rectangle dilated in length only (width doubled to 8, height unchanged at 3). Answer C shows a smaller rectangle consistent with scale factor 1/2 from P. Answer D shows a rectangle with length halved but height unchanged.","Graph A — larger rectangle with A' at (1,9), B' at (9,9), D' at (1,4), C' at (9,4) (shown in image)",Correct.,Graph B — rectangle with doubled length but original width (shown in image),"Student dilated the length by a scale factor of 2, but left the width as is.",Graph C — smaller rectangle consistent with scale factor of 1/2 (shown in image),Student used a scale factor of 1/2.,Graph D — rectangle with halved length but original width (shown in image),"Student dilated the length by a scale factor of 1/2, and left the width as is.",,,,,,,,Student used a scale factor of 1/2.,"Describe the effect of dilation on two-dimensional figures in the coordinate plane, including the use of coordinates and algebraic representation"
MATH-00714,8,i138885,Interim_eedi,q143948,D,B,28925.0,10.800345721694,35.796024200518,19.785652549697,33.977528089887,,,MULTICHOICE,,Rectangle ABCD is shown below. Rectangle ABCD is dilated from the origin by a scale factor of 3 to create rectangle A'B'C'D'. What are the coordinates of point A'?,"A coordinate plane with x from 0 to 10 and y from 0 to 10, marked at intervals of 5. Rectangle ABCD is shown in the first quadrant with vertex A at (3, 6), vertex B at (6, 6), vertex C at (6, 4), and vertex D at (3, 4). The rectangle is 3 units wide and 2 units tall.","(1, 2)","Student confused a scale factor that makes the coordinates larger with one that makes the coordinates smaller, and divided each coordinate by 3 instead of multiplying each by 3.","(6, 9)",Student added 3 to the value of each coordinate instead of multiplying each coordinate by 3.,"(9, 6)",Student only multiplied the x-coordinate by 3; left the y-coordinate as is.,"(9, 18)",Correct.,,,,,,,,Student added 3 to the value of each coordinate instead of multiplying each coordinate by 3.,"Describe the effect of dilation on two-dimensional figures in the coordinate plane, including the use of coordinates and algebraic representation"
MATH-00717,8,i138857,Compass,q143897,C,A,120.0,28.333333333333,19.166666666666,35.0,17.5,,,MULTICHOICE,,Triangle ABC is shown on the coordinate plane below. Triangle ABC is rotated 90° counterclockwise about point A to create triangle A'B'C'. What are the coordinates of point B'?,"A coordinate plane with x and y axes ranging from -10 to 10. Triangle ABC is plotted with vertices at approximately: A = (-2, -2), B = (2, -2), C = (2, -6). The triangle is in the third and fourth quadrant area, with A on the left, B to the right of A at the same height, and C directly below B. Point A is the center of rotation.","(-5, -2)","Student rotated 180° instead of just 90°, OR student reflected the triangle over the line x = -2 because the point A is on that line.","(-2, -5)","Student rotated the triangle clockwise instead of counterclockwise, OR student rotated the triangle 270° counterclockwise instead of just 90°.","(-2, 1)",Correct.,"(1, -2)",Student switched the x-coordinate and y-coordinate of point B'.,,,,,,,,"Student rotated 180° instead of just 90°, OR student reflected the triangle over the line x = -2 because the point A is on that line.","Describe the effect of rotations that are multiples of 90 degrees on two-dimensional figures in the coordinate plane, including the use of coordinates and algebraic representation"
MATH-00717,8,i185145,Compass,q187987,C,B,27.0,22.22222222222222,40.74074074074074,25.925925925925927,11.11111111111111,,,MULTICHOICE,,Triangle ABC is shown on the coordinate plane below. Triangle ABC is rotated 90° counterclockwise about point A to create triangle A'B'C'. What are the coordinates of point B'?,"A coordinate plane showing Triangle ABC. Point A appears to be at approximately (1, 1), Point B is at approximately (1, -2) (or similar position relative to A), and Point C is another vertex of the triangle. The triangle is being rotated 90° counterclockwise about Point A.","(-5, -2)","Student rotated the figure 180° instead of 90°, OR reflected the figure over a vertical line through the center of rotation.","(-2, -5)",Student rotated the figure in the wrong direction or by an angle of 270° instead of 90°.,"(-2, 1)",Correct.,"(1, -2)","Student switched the x- and y-coordinates after the rotation, misunderstanding how coordinates change under rotation, OR student identified the coordinates of the point before the transformation.",,,,,,,,Student rotated the figure in the wrong direction or by an angle of 270° instead of 90°.,"Describe the effect of rotations that are multiples of 90 degrees on two-dimensional figures in the coordinate plane, including the use of coordinates and algebraic representation"
MATH-00720,8,i185150,Compass,q187996,ADE,C,135.0,74.81481481481481,20.0,36.2962962962963,54.81481481481482,60.0,22.22222222222222,MULTISELECT,,Rectangle S is dilated from the origin by a scale factor of 1/3 to create rectangle S'. Which statements are true? Select all that apply.,No image present. Text-only question about a rectangle S dilated by a scale factor of 1/3.,Rectangle S is similar to rectangle S'.,Correct.,Rectangle S is congruent to rectangle S'.,"Student thought that a dilation preserves both the angle measurements and the side lengths, OR student confused the meaning of congruent with the meaning of similar.",The side lengths of rectangle S are equal to the corresponding side lengths of rectangle S'.,Student thought that a dilation preserves the side lengths.,The side lengths of rectangle S are not equal to the corresponding side lengths of rectangle S'.,Correct.,The angle measurements of rectangle S are equal to the corresponding angle measurements of rectangle S'.,Correct.,The angle measurements of rectangle S are not equal to the corresponding angle measurements of rectangle S'.,Student thought that a dilation does not preserve the angle measurements.,,,,Student thought that a dilation preserves the side lengths.,"Understand that a two-dimensional figure is similar to another if the second can be obtained from the first by a sequence of rotations, reflections, translations, and dilations"
MATH-00720,8,i129595,Interim_eedi,q125124,ADE,C,26338.0,62.028248158554,32.530943883362,36.57073430025,53.682891639456,58.155516743868,29.987090895284,MULTISELECT,,Rectangle S is dilated from the origin by a scale factor of 13 to create rectangle S'. Which statements are true? Select all that apply.,,Rectangle S is similar to rectangle S'.,Correct.,Rectangle S is congruent to rectangle S'.,"Student thought that a dilation preserves both the angle measurements and the side lengths, OR student confused the meaning of congruent with the meaning of similar.",The side lengths of rectangle S are equal to the corresponding side lengths of rectangle S'.,Student thought that a dilation preserves the side lengths.,The side lengths of rectangle S are not equal to the corresponding side lengths of rectangle S'.,Correct.,The angle measurements of rectangle S are equal to the corresponding angle measurements of rectangle S'.,Correct.,The angle measurements of rectangle S are not equal to the corresponding angle measurements of rectangle S'.,Student thought that a dilation does not preserve the angle measurements.,,,,Student thought that a dilation preserves the side lengths.,"Understand that a two-dimensional figure is similar to another if the second can be obtained from the first by a sequence of rotations, reflections, translations, and dilations"
MATH-00721,8,i129596,Compass,q125125,B,C,42.0,7.142857142857,45.238095238095,23.809523809523,23.809523809523,,,MULTICHOICE,,Shape F and shape F' are similar figures. Which statement describes the transformation of shape F to shape F'?,"A coordinate plane with x and y axes from -10 to 10. Shape F is a small right triangle located in Quadrant IV (positive x, negative y), with vertices approximately at (2, -2), (2, -4), and (4, -4). Shape F' is a larger right triangle located in Quadrant I (positive x, positive y), with vertices approximately at (2, 4), (2, 8), and (6, 8) — it is twice the size of Shape F and reflected above the x-axis.",Shape F is reflected over the y-axis and dilated from the origin by a factor of 2.,Student misinterpreted the transformation as a reflection over the y-axis instead of the x-axis.,Shape F is reflected over the x-axis and dilated from the origin by a factor of 2.,Correct.,Shape F is reflected over the y-axis and dilated from the origin by a factor of 1/2.,Student misinterpreted the transformation as a reflection over the y-axis instead of the x-axis and calculated the dilation factor as if shape F' was transformed to shape F.,Shape F is reflected over the x-axis and dilated from the origin by a factor of 1/2.,Student calculated the dilation factor as if shape F' was transformed to shape F.,,,,,,,,Student misinterpreted the transformation as a reflection over the y-axis instead of the x-axis and calculated the dilation factor as if shape F' was transformed to shape F.,"Given two similar two-dimensional figures, describe a sequence that exhibits the similarity between them"
MATH-00721,8,i185151,Compass,q187997,B,A,134.0,19.402985074626866,54.47761194029851,15.671641791044776,10.447761194029852,,,MULTICHOICE,,Shape F and shape F' are similar figures. Which statement describes the transformation of shape F to shape F'?,"Coordinate plane showing two right-triangle shapes. Shape F is in the fourth quadrant (positive x, negative y) with vertices approximately at (1, -2), (1, -5), and (3, -2) — a small right triangle. Shape F' is in the first quadrant (positive x, positive y) with vertices approximately at (2, 4), (2, 10), and (6, 4) — a larger right triangle twice the dimensions of F. F' is the reflection of F over the x-axis and then dilated by a factor of 2 from the origin.",Shape F is reflected over the y-axis and dilated from the origin by a factor of 2.,"Student identified the reflection but misinterpreted the axis of reflection, choosing the y-axis instead of the x-axis.",Shape F is reflected over the x-axis and dilated from the origin by a factor of 2.,Correct.,Shape F is reflected over the y-axis and dilated from the origin by a factor of 1/2.,"Student misidentified both the axis of reflection and the scale factor, reflecting over the y-axis and determining the dilation factor as if the transformation was reversed.",Shape F is reflected over the x-axis and dilated from the origin by a factor of 1/2.,Student determined the correct axis of reflection but calculated the dilation factor as if the transformation was from the image back to the original figure.,,,,,,,,"Student identified the reflection but misinterpreted the axis of reflection, choosing the y-axis instead of the x-axis.","Given two similar two-dimensional figures, describe a sequence that exhibits the similarity between them"
MATH-00723,8,i112030,Interim_eedi,q107682,BEG,D,8454.0,24.781168677549,66.465578424414,25.301632363378,26.366217175301,57.605867045185,17.766737638987,MULTISELECT,56.647740714454,Parallel lines r and s are cut by transversal line t. Which angles have a measure that is congruent to the measure of angle H? Select all that apply.,"A diagram showing two parallel horizontal lines r and s cut by a diagonal transversal line t. At the intersection of line r and transversal t, four angles are formed and labeled: H (upper-left), A (upper-right), E (lower-left), and D (lower-right). At the intersection of line s and transversal t, four angles are formed and labeled: B (upper-left), C (upper-right), G (lower-left), and F (lower-right). Angle H is in the upper-left position at line r's intersection.",angle A,Student thought that adjacent angles are congruent.,angle B,Correct.,angle C,Student thought that the angles are congruent; perhaps thought that there is an exterior corresponding angles relationship.,angle D,Student thought that adjacent angles are congruent.,angle E,Correct.,angle F,Student thought that the angles are congruent; perhaps thought these angles have an alternate interior or alternate exterior angles relationship.,angle G,Correct.,,Student thought that adjacent angles are congruent.,Establish and use facts about angles created when parallel lines are cut by a transversal
MATH-00724,8,i185367,Compass,q188294,B,A,99.0,28.282828282828284,43.43434343434343,21.21212121212121,7.070707070707071,,,MULTICHOICE,,Triangle 1 and triangle 2 are shown below. Which statement best describes triangle 1 and triangle 2?,"Two triangles are shown with some angle measures labeled. Triangle 1 and Triangle 2 share two pairs of equal corresponding angles (by the Angle-Angle similarity criterion), making them similar triangles.",The triangles are similar because they have one pair of equal corresponding angles.,Student thought that having only one pair of equal corresponding angles is enough to prove triangle similarity.,The triangles are similar because they have two pairs of equal corresponding angles.,Correct.,The triangles are not similar because they have only one pair of equal corresponding angles.,Student understood that having only one pair of equal corresponding angles is not enough to prove triangle similarity but did not recognize that there is more than one pair.,There is not enough information given to determine whether the triangles are similar or not.,"Student thought that all angle measurements and/or side lengths needed to be given in order to determine triangle similarity, OR student thought that the missing angle measurement in either triangle could not be determined based on the given information.",,,,,,,,Student thought that having only one pair of equal corresponding angles is enough to prove triangle similarity.,Establish and use the angle-angle criterion for similarity of triangles
MATH-00724,8,i111906,Interim_eedi,q110782,C,B,20157.0,31.026442426948,32.351044302227,28.273056506424,8.468522101503,,,MULTICHOICE,,Triangle 1 and triangle 2 are shown below. Which statement best describes triangle 1 and triangle 2?,"Two triangles shown side by side. Triangle 1 is a large, tall triangle with two labeled interior angles: 119° (upper-left area) and 23° (bottom vertex), implying a third unlabeled angle of 38°. Triangle 2 is a smaller, flatter triangle with two labeled interior angles: 38° (upper-right area) and 119° (lower-middle area), implying a third unlabeled angle of 23°. Both triangles share the same three angle measures (119°, 38°, 23°) but differ in size and orientation.",Triangle 1 and triangle 2 are similar because they have one pair of equal corresponding angles.,Student recognized the one given pair of equal corresponding angles and thought that having only one pair was enough to prove triangle similarity.,Triangle 1 and triangle 2 are not similar because they have only one pair of equal corresponding angles.,"Student understood that having only one pair of equal corresponding angles is not enough to prove triangle similarity, but did not recognize that there is more than one pair.",Triangle 1 and triangle 2 are similar because they have two pairs of equal corresponding angles.,Correct.,There is not enough information given to determine whether triangle 1 and triangle 2 are similar or not.,"Student thought that all angle measurements and/or side lengths needed to be given in order to determine triangle similarity, OR student thought that the missing angle measurement in either triangle could not be determined based on the given information.",,,,,,,,"Student understood that having only one pair of equal corresponding angles is not enough to prove triangle similarity, but did not recognize that there is more than one pair.",Establish and use the angle-angle criterion for similarity of triangles
MATH-00724,8,i180988,Interim_eedi,q182260,B,C,8795.0,30.778851620238,31.5633882888,30.881182490051,6.822057987492,,,MULTICHOICE,,Triangle 1 and triangle 2 are shown below. Which statement best describes triangle 1 and triangle 2?,"Two triangles are shown side by side. Triangle 1 is a large scalene triangle with two labeled interior angles: 119° (upper-left vertex) and 23° (bottom vertex). The third angle (upper-right, unlabeled) can be calculated as 180 - 119 - 23 = 38°. Triangle 2 is a smaller triangle with two labeled interior angles: 38° (upper-right vertex) and 119° (lower-left vertex). The third angle (unlabeled) is 180 - 38 - 119 = 23°. Both triangles share the same three angle measures (119°, 38°, 23°), confirming they are similar by the Angle-Angle criterion.",The triangles are similar because they have one pair of equal corresponding angles.,Student recognized the one given pair of equal corresponding angles and thought that having only one pair was enough to prove triangle similarity.,The triangles are similar because they have two pairs of equal corresponding angles.,Correct.,The triangles are not similar because they have only one pair of equal corresponding angles.,Student understood that having only one pair of equal corresponding angles is not enough to prove triangle similarity but did not recognize that there is more than one pair.,There is not enough information given to determine whether the triangles are similar or not.,"Student thought that all angle measurements and/or side lengths needed to be given in order to determine triangle similarity, OR student thought that the missing angle measurement in either triangle could not be determined based on the given information.",,,,,,,,Student understood that having only one pair of equal corresponding angles is not enough to prove triangle similarity but did not recognize that there is more than one pair.,Establish and use the angle-angle criterion for similarity of triangles
MATH-00729,8,i185361,Compass,q188288,C,B,27.0,,44.44444444444444,44.44444444444444,11.11111111111111,,,MULTICHOICE,,"A metal cable that is 10 meters long is extended from the top of a pole to the ground. The distance from the base of the pole to where the metal cable meets the ground is 7 meters, as shown in the figure below. The figure is not drawn to scale. How tall, in meters, is the pole?","A right triangle diagram showing a vertical pole, a horizontal ground distance of 7 meters from the base of the pole, and a cable (hypotenuse) of 10 meters extending from the top of the pole to a point on the ground. The pole height is the unknown vertical leg of the right triangle.",3,"Student attempted to use the Pythagorean Theorem to solve, but thought that the Pythagorean Theorem was a + b = c; OR multiplied by 2 instead of squaring and divided by 2 instead of taking the square root.",17,"Student attempted to use the Pythagorean Theorem to solve, but thought that the Pythagorean Theorem was a + b = c and treated the hypotenuse as one of the legs of the right triangle.",√51,Correct.,√149,"Student attempted to use the Pythagorean Theorem to solve, but treated the hypotenuse as one of the legs of the right triangle.",,,,,,,,"Student attempted to use the Pythagorean Theorem to solve, but thought that the Pythagorean Theorem was a + b = c and treated the hypotenuse as one of the legs of the right triangle.",Use the Pythagorean Theorem to solve for an unknown side length in right triangles in real-world problems in two and three dimensions
MATH-00729,8,i112749,Interim_eedi,q102367,A,C,3205.0,28.985959438377,22.995319812792,42.776911076443,5.241809672386,,,MULTICHOICE,,"Greenfield Park is in the shape of a rectangle. A straight bike path cuts across the park from corner to corner, as shown below. What is the distance, in miles, of the bike path?","A rectangle is shown with the left side labeled ""6 miles"" and the bottom labeled ""8 miles."" A dashed diagonal line labeled ""Bike Path"" cuts from the bottom-left corner to the upper-right corner of the rectangle.",10,Correct.,12,Student estimated from the image by doubling the vertical height (6).,14,Student added the length and width.,100,"Student used the Pythagorean Theorem, but did not take the square root.",,,,,,,,Student added the length and width.,Use the Pythagorean Theorem to solve for an unknown side length in right triangles in real-world problems in two and three dimensions
MATH-00729,8,i113021,Interim_eedi,q102493,C,A,5326.0,33.608711978971,14.363499812241,35.110777318813,16.935786706721,,,MULTICHOICE,,"Use the dimensions of the cone shown below to answer the question. What is the approximate height of the cone, to the nearest tenth of a centimeter?","A diagram of a cone (not drawn to scale). The cone is drawn with the circular opening at the top and the apex at the bottom. The radius of the circular top is labeled 5.7 cm, with point M at the edge of the circle. The slant height (from the edge of the top circle to the apex N at the bottom) is labeled 17.2 cm. A dashed vertical line represents the height from the center of the circle to apex N. The height is the unknown to be found using the Pythagorean Theorem: height = sqrt(17.2² - 5.7²) ≈ 16.2 cm.",11.5,Student set up the equation 5.7 + b = 17.2 and solved for b without the use of squares or square roots.,14.3,Student did not recognize to apply the Pythagorean Theorem to determine an unknown side length; instead they approximated that the height is about 2.5 times as long as the radius and multiplied 5.7 by 2.5.,16.2,Correct.,18.1,Student calculated the square root of a^2 + c^2.,,,,,,,,Student set up the equation 5.7 + b = 17.2 and solved for b without the use of squares or square roots.,Use the Pythagorean Theorem to solve for an unknown side length in right triangles in real-world problems in two and three dimensions
MATH-00729,8,i162404,Interim_eedi,q168769,C,B,9692.0,7.511349566652,23.885678910441,49.205530334296,19.438712340074,,,MULTICHOICE,,"A metal cable that is 10 meters long is extended from the top of a pole to the ground. The distance from the base of the pole to where the metal cable meets the ground is 7 meters, as shown in the figure below. The figure is not drawn to scale. How tall, in meters, is the pole?",A right triangle diagram (not drawn to scale). The vertical side represents a pole (height unknown). The horizontal base is labeled 7 meters (distance from base of pole to where cable meets the ground). The hypotenuse (the metal cable) is labeled 10 meters. A small square at the base of the pole indicates the right angle. The pole height can be found with the Pythagorean Theorem: height = sqrt(10² - 7²) = sqrt(100 - 49) = sqrt(51) meters.,3,"Student multiplied by 2 instead of squaring (for both 7 and 10) and divided by 2 instead of taking the square root, OR student thought the Pythagorean Theorem was a + b = c.",17,"Student added the two lengths (7 + 10), perhaps used 10 as a leg of the triangle, and thought that the Pythagorean Theorem was a + b = c (7 + 10 = c).",sqrt(51),Correct.,sqrt(149),Student used 10 as a leg of the triangle (7^2 + 10^2 = c^2).,,,,,,,,"Student added the two lengths (7 + 10), perhaps used 10 as a leg of the triangle, and thought that the Pythagorean Theorem was a + b = c (7 + 10 = c).",Use the Pythagorean Theorem to solve for an unknown side length in right triangles in real-world problems in two and three dimensions
MATH-00730,8,i185362,Compass,q188289,B,C,28.0,14.285714285714286,53.57142857142857,28.571428571428573,3.5714285714285716,,,MULTICHOICE,,"A right triangle is drawn in a circle, as shown in the picture below. The legs of the right triangle are radii, and each has a length of 6.8 centimeters. What is the length, in centimeters, of the hypotenuse, to the nearest tenth?","A circle with a right triangle inscribed in it. Two sides of the triangle are radii of the circle (each 6.8 cm), meeting at a right angle at the center of the circle. The hypotenuse of the triangle is a chord connecting two points on the circle's circumference.",5.2,"Student attempted to use the Pythagorean Theorem to solve for the hypotenuse in the right triangle, but calculated the square root of 2a + 2b instead of a^2 + b^2.",9.6,Correct.,13.6,"Student attempted to use the Pythagorean Theorem to solve for the hypotenuse in the right triangle, but calculated (a + b)^2 instead of a^2 + b^2.",92.5,"Student attempted to use the Pythagorean Theorem to solve for the hypotenuse in the right triangle, but did not take the square root of a^2 + b^2.",,,,,,,,"Student attempted to use the Pythagorean Theorem to solve for the hypotenuse in the right triangle, but calculated (a + b)^2 instead of a^2 + b^2.",Use the Pythagorean Theorem to solve for an unknown side length in right triangles in mathematical problems in two and three dimensions
MATH-00730,8,i113226,Interim_eedi,q103278,D,C,5325.0,17.408450704225,28.901408450704,33.389671361502,20.300469483568,,,MULTICHOICE,,"A rectangular prism has the dimensions shown. What is the length, in inches, of the diagonal connecting corners A and B?","A three-dimensional rectangular prism (box) is shown. The height is labeled 12 in, the width (depth) is labeled 4 in, and the length is labeled 9 in. Corner A is at the bottom front-left and corner B is at the top back-right. The diagonal from A to B passes through the interior of the prism.",sqrt(97),Student found the diagonal of the base of the figure.,sqrt(109),"Student correctly found the length of the diagonal of the base, but did not square 12 when finding the length of the diagonal from A to B.",sqrt(225),Student applied the Pythagorean Theorem as if the legs of the triangle were 9 and 12; did not understand the intermediary step for finding the length of a three-dimensional diagonal.,sqrt(241),Correct.,,,,,,,,Student applied the Pythagorean Theorem as if the legs of the triangle were 9 and 12; did not understand the intermediary step for finding the length of a three-dimensional diagonal.,Use the Pythagorean Theorem to solve for an unknown side length in right triangles in mathematical problems in two and three dimensions
MATH-00730,8,i162403,Interim_eedi,q168767,B,C,9551.0,11.527588734163,47.419118416919,28.97078839912,12.092974557637,,,MULTICHOICE,,"A right triangle is drawn in a circle, as shown in the picture below. The legs of the right triangle are radii, and each has a length of 5.6 centimeters. What is the length, in centimeters, of the hypotenuse, to the nearest tenth?","A circle is shown with a right triangle inscribed in it. The two legs of the right triangle are radii of the circle, each measuring 5.6 cm, meeting at the center of the circle at a right angle. The hypotenuse of the triangle is a chord of the circle.",4.7,Student calculated the square root of 2a + 2b (2 x 5.6 + 2 x 5.6) instead of a^2 + b^2.,7.9,Correct.,11.2,Student thought that a^2 + b^2 = (a + b)^2 when a and b are the same and calculated the square root of (5.6 + 5.6)^2.,62.7,Student did not take the square root of a^2 + b^2.,,,,,,,,Student thought that a^2 + b^2 = (a + b)^2 when a and b are the same and calculated the square root of (5.6 + 5.6)^2.,Use the Pythagorean Theorem to solve for an unknown side length in right triangles in mathematical problems in two and three dimensions
MATH-00730,8,i170627,Interim_eedi,q174932,B,C,433.0,10.392609699769,44.572748267898,26.558891454965,18.475750577367,,,MULTICHOICE,,"A right triangle is drawn in a circle, as shown in the picture below. The legs of the right triangle are radii, and each has a length of 3.4 centimeters. What is the length, in centimeters, of the hypotenuse, to the nearest tenth?","A circle is shown with a right triangle inscribed in it. The two legs of the right triangle are radii of the circle, each measuring 3.4 cm, meeting at the center of the circle at a right angle. The hypotenuse of the triangle is a chord of the circle.",3.7,Student calculated the square root of 2a + 2b (2 x 3.4 + 2 x 3.4) instead of a^2 + b^2.,4.8,Correct.,6.8,Student thought that a^2 + b^2 = (a + b)^2 when a and b are the same and calculated the square root of (3.4 + 3.4)^2.,23.1,Student did not take the square root of a^2 + b^2.,,,,,,,,Student thought that a^2 + b^2 = (a + b)^2 when a and b are the same and calculated the square root of (3.4 + 3.4)^2.,Use the Pythagorean Theorem to solve for an unknown side length in right triangles in mathematical problems in two and three dimensions
MATH-00732,8,i111928,Interim_eedi,q102254,C,B,433.0,6.928406466512,23.556581986143,54.73441108545,14.780600461893,,,MULTICHOICE,,"What is the approximate length, in units, of GH?","Coordinate plane with x-axis and y-axis both ranging from 0 to 10. Point G is plotted at approximately (2, 6) and point H is plotted at approximately (9, 1). A line segment connects points G and H diagonally across the grid.",4.9,Student took the square root of a^2 - b^2.,5.9,Student took the square root of a x b.,8.6,Correct.,12,"Student took the square root of (a + b)^2, OR student added a and b.",,,,,,,,Student took the square root of a x b.,Use the Pythagorean Theorem to solve for the distance between two points in a coordinate system in mathematical problems
MATH-00732,8,i138645,Interim_eedi,q143445,C,B,9673.0,17.967538509252,25.710741238498,45.187635686963,11.175436782797,,,MULTICHOICE,,"What is the distance, to the nearest tenth of a unit, between point M (-8, -1) and point N (3, 5)?",,4.1,Student found the square root of (a + b); solved the square root of (11 + 6).,9.2,Student found the square root of a^2 - b^2; solved the square root of (11^2 - 6^2).,12.5,Correct.,17.0,Student found the sum of the lengths of a and b; solved (11 + 6).,,,,,,,,Student found the square root of a^2 - b^2; solved the square root of (11^2 - 6^2).,Use the Pythagorean Theorem to solve for the distance between two points in a coordinate system in mathematical problems
MATH-00732,8,i138646,Interim_eedi,q143443,D,B,9665.0,19.741334712881,20.631143300569,20.620796689084,39.048111743404,,,MULTICHOICE,,Find the length of HI to the nearest hundredth of a unit.,"Coordinate plane with x-axis ranging from -5 to 5 and y-axis ranging from -5 to 5. Point H is plotted at approximately (-2, 3) and point I is plotted at approximately (2, -1). A bold line segment connects the two points diagonally. The horizontal distance between H and I is 4 units and the vertical distance is 6 units.",3.16,Student found the square root of a + b; solved the square root of (6 + 4).,4.47,Student found the square root of a^2 - b^2; solved the square root of (6^2 - 4^2).,4.90,Student found the square root of a x b; solved the square root of (6 x 4).,7.21,Correct.,,,,,,,,Student found the square root of a^2 - b^2; solved the square root of (6^2 - 4^2).,Use the Pythagorean Theorem to solve for the distance between two points in a coordinate system in mathematical problems
MATH-00734,8,i112241,Interim_eedi,q102694,B,A,7088.0,19.878668171557,51.523702031602,15.237020316027,13.388826185101,,,MULTICHOICE,,"The dimensions of a right cone are shown in the diagram. What is the volume, in cubic centimeters, of the cone?","A right cone is shown with the radius labeled 7 cm at the top (the base) and the height labeled 12 cm along the vertical axis. A note below reads ""The figure is not drawn to scale.""",56pi,Student calculated 7^2 as 7 x 2 and then calculated correctly; calculated (7 x 2 x 12)/3 x pi.,196pi,Correct.,336pi,Student squared the height instead of the radius and then calculated correctly; calculated (7 x 12^2)/3 x pi.,588pi,Student forgot to divide the volume by 3; calculated 12 x 7^2 x pi.,,,,,,,,Student calculated 7^2 as 7 x 2 and then calculated correctly; calculated (7 x 2 x 12)/3 x pi.,Use the formula for the volume of cones to solve mathematical problems
MATH-00736,8,i111633,Interim_eedi,q100194,A,D,7095.0,29.950669485553,14.46088794926,22.931642001409,32.713178294573,,,MULTICHOICE,,"A right cylinder has a height of 8 inches and a volume of 400 cubic inches. Which measurement is closest to the radius, in inches, of the cylinder?",,4,Correct.,8,Student divided the value of r^2 by 2 instead of taking the square root.,16,Student found r^2.,50,Student only divided the volume by the height.,,,,,,,,Student only divided the volume by the height.,Use the formula for the volume of cylinders to solve mathematical problems
MATH-00737,8,i113157,Interim_eedi,q111012,C,B,4860.0,24.691358024691,34.382716049382,33.58024691358,7.38683127572,,,MULTICHOICE,,"Christine fills a ball in the shape of a sphere with air. The diameter of the ball when it is filled is 18 inches. How much air, in cubic inches, is in the ball when it is filled?",,108pi,Student used r^2 in the formula instead of r^3.,324pi,"Student squared the radius, instead of cubing it, and multiplied by 4, instead of 4/3 (calculated 4 x 9^2).",972pi,Correct.,1728pi,"Student found 4/3 of the radius and then cubed the result, rather than cubing the radius first.",,,,,,,,"Student squared the radius, instead of cubing it, and multiplied by 4, instead of 4/3 (calculated 4 x 9^2).",Use the formula for the volume of spheres to solve real-world problems
MATH-00737,8,i175587,Interim_eedi,q178096,C,B,1851.0,24.905456509994,29.0113452188,40.356564019448,5.726634251755,,,MULTICHOICE,,"Luna is working to get her master's degree in Physics. In one of her courses, Luna is conducting an experiment that involves filling a ball in the shape of a sphere with air. The diameter of the ball when it is filled is 18 inches. How much air, in cubic inches, is in the ball when it is filled?","An illustration shows Luna, a woman with dark hair wearing a white lab coat and safety goggles, standing with arms crossed in a laboratory setting. Behind her are laboratory cabinets, equipment on benches, and a sphere (ball) visible to the right side of the scene.",108pi,Student used r^2 in the formula instead of r^3.,324pi,"Student squared the radius, instead of cubing it, and multiplied by 4, instead of 4/3 (calculated 4 x 9^2).",972pi,Correct.,1728pi,"Student found 4/3 of the radius and then cubed the result, rather than cubing the radius first.",,,,,,,,"Student squared the radius, instead of cubing it, and multiplied by 4, instead of 4/3 (calculated 4 x 9^2).",Use the formula for the volume of spheres to solve real-world problems
MATH-00740,8,i185152,Compass,q187998,CD,A,21.0,47.61904761904762,38.095238095238095,57.142857142857146,38.095238095238095,19.047619047619047,,MULTISELECT,,Which numbers are irrational? Select all that apply.,No image present. Text-only question.,-29/3,Student thought that negative improper fractions are irrational.,-2.19̄,Student thought that repeating decimals are irrational.,3.728459...,Correct.,√27,Correct.,√81,"Student thought that only square roots of even numbers are rational, OR student thought that perfect squares are irrational.",,,,,,Student thought that negative improper fractions are irrational.,"Know that numbers that are not rational are called irrational, and identify irrational numbers"
MATH-00740,8,i111699,Interim_eedi,q102533,D,B,434.0,15.668202764976,28.341013824884,12.442396313364,43.548387096774,,,MULTICHOICE,,Which of the following is an irrational number?,,-17/3,Student thought negative fractions were irrational.,0.63 (repeating),Student thought repeating decimals were irrational.,sqrt(25),Student thought square roots of odd numbers were irrational.,sqrt(68),Correct.,,,,,,,,Student thought repeating decimals were irrational.,"Know that numbers that are not rational are called irrational, and identify irrational numbers"
MATH-00740,8,i112568,Interim_eedi,q107762,CD,B,131.0,41.984732824427,46.564885496183,57.251908396946,45.801526717557,25.190839694656,,MULTISELECT,,Which numbers are irrational? Select all that apply.,,-29/3,Student identified a rational number; perhaps thought that negative improper fractions were irrational.,-2.19 (repeating),Student identified a rational number; perhaps thought that repeating decimals were irrational.,3.728459...,Correct.,sqrt(27),Correct.,sqrt(81),Student identified a rational number; perhaps did not know that sqrt(81) is 9 and thought that only square roots of even numbers were rational.,,,,,,Student identified a rational number; perhaps thought that repeating decimals were irrational.,"Know that numbers that are not rational are called irrational, and identify irrational numbers"
MATH-00741,8,i185154,Compass,q188000,A,B,22.0,36.36363636363637,27.272727272727273,18.181818181818183,18.181818181818183,,,MULTICHOICE,,Which set contains only rational numbers?,No image present. Text-only question.,"{-2, √16, -2/38, 0.37̄}",Correct.,"{1, 4 5/7, -15.23, √38}",Student thought that the square root of a non-perfect square is rational.,"{2/5, -5.769, √2, 3/5}",Student thought that the square root of a non-perfect square is rational.,"{√25, 5/6, -42.5, 0.2736...}","Student thought that a non-terminating, non-repeating decimal is rational.",,,,,,,,Student thought that the square root of a non-perfect square is rational.,Understand a rational number to be any number that is the value of a ratio of two integers
MATH-00741,8,i113222,Interim_eedi,q103248,A,B,8480.0,38.974056603773,21.816037735849,21.698113207547,17.54716981132,,,MULTICHOICE,,Which set contains only rational numbers?,,"{ -2, sqrt(16), -2/38, 0.37 (repeating) }",Correct.,"{ 1, 4 5/7, -15.23, sqrt(38) }",Student thought that the square root of 38 was rational.,"{ 2/5, -5.769 (repeating), sqrt(2), 3/5 }",Student thought that the square root of 2 was rational.,"{ sqrt(25), 5/6, -42.5, 0.2736... }","Student thought that 0.2736... was rational (did not recognize that ... represents a nonterminating, nonrepeating number).",,,,,,,,Student thought that the square root of 38 was rational.,Understand a rational number to be any number that is the value of a ratio of two integers
MATH-00742,8,i185153,Compass,q187999,C,A,22.0,54.54545454545455,27.272727272727273,4.545454545454546,13.636363636363637,,,MULTICHOICE,,What is 3.8̄3 written as a fraction?,No image present. Text-only question.,3 3/8,Student used digits from the decimal to form a fraction without applying the correct steps to convert the decimal with a repeating digit to a fraction.,3 83/100,Student converted the decimal with a repeating digit to a fraction as if it did not have a repeating digit.,3 5/6,Correct.,3 83/99,Student converted a decimal with just the last digit repeating to a fraction as if all decimal digits were repeating.,,,,,,,,Student used digits from the decimal to form a fraction without applying the correct steps to convert the decimal with a repeating digit to a fraction.,Convert a decimal expansion which repeats eventually into a rational number
MATH-00742,8,i111882,Interim_eedi,q103427,C,B,8658.0,19.692769692769,55.289905289905,15.373065373065,9.690459690459,,,MULTICHOICE,,What is 3.83 (with 3 repeating) written as a fraction?,,3 3/8,Student used numbers from the problem to create a fraction instead of solving mathematically.,3 83/100,Student confused 3.83 (repeating 3) with 3.83 (with the 3 repeating in a different position).,3 5/6,Correct.,3 83/99,Student assumed that the 83 was repeating instead of just the 3.,,,,,,,,Student confused 3.83 (repeating 3) with 3.83 (with the 3 repeating in a different position).,Convert a decimal expansion which repeats eventually into a rational number
MATH-00747,8,i116540,Interim_eedi,q113875,D,B,1.0,,100.0,,,,,MULTICHOICE,,"The scatter plot below shows the relationship between the length of a tadpole's tail, in mm, and the age, in days, of the tadpole as it changes into a frog. Which statement about the scatter plot above is true?","Scatter plot titled ""Length of a Tadpole's Tail as It Changes into a Frog."" The x-axis is labeled ""Age (in days)"" ranging from 55 to 100 in increments of 5. The y-axis is labeled ""Length of Tail (in mm)"" ranging from 0 to 20 in increments of 2. Data points begin at approximately (55, 15) and (60, 14) in the upper left, then trend downward to approximately (90, 8) and (100, 5) in the lower right, showing a clear negative linear association as age increases and tail length decreases.","There is a nonlinear association between the tadpole's age and the length of its tail; as the age increases, the length decreases.","Student identified a reason that correctly describes the data, but incorrectly identified the pattern with ""nonlinear.""","There is a positive linear association between the tadpole's age and the length of its tail; as the age increases, the length increases.",Student chose a definition and rationale that are not represented by the data in the scatter plot; perhaps confused a decrease in length with an increase.,"There is a negative linear association between the tadpole's age and the length of its tail; as the age increases, the length increases.","Student correctly chose a negative linear association, but confused a decrease in length with an increase.","There is a negative linear association between the tadpole's age and the length of its tail; as the age increases, the length decreases.",Correct.,,,,,,,,Student chose a definition and rationale that are not represented by the data in the scatter plot; perhaps confused a decrease in length with an increase.,Interpret scatterplots and recognize patterns of association in the data
MATH-00748,8,i112975,Interim_eedi,q107821,ABD,C,9420.0,55.148619957537,51.878980891719,34.68152866242,67.048832271762,19.32059447983,,MULTISELECT,,Rita is a runner. She records the amounts of time that it takes her to run different distances in the scatter plot below. Which statements are true? Select all that apply.,"Scatter plot titled ""Rita's Running Distances and Times."" The x-axis is labeled ""Distance (in kilometers)"" with values from 0 to 30. The y-axis is labeled ""Amount of Time (in hours)"" with values from 0 to 2.5. Most data points trend upward from lower-left to upper-right showing a positive linear association. One point at approximately (30, 2.5) appears to be an outlier, positioned noticeably above the general trend of the other data points.",There is at least one outlier represented in the scatter plot.,Correct.,There is a linear association between distance and time in the scatter plot.,Correct.,There is a nonlinear association between distance and time in the scatter plot.,Student confused a nonlinear association with a linear association; perhaps thought that a linear association meant that all points are arranged in a perfect line.,There is a positive association between distance and time in the scatter plot.,Correct.,There is a negative association between distance and time in the scatter plot.,Student confused a negative association with a positive association.,,,,,,Student confused a nonlinear association with a linear association; perhaps thought that a linear association meant that all points are arranged in a perfect line.,"Describe the linearity, strength, direction, and clusters or outliers of an association shown in a scatter plot"
MATH-00749,8,i112486,Interim_eedi,q100650,D,C,9615.0,18.107124284971,11.430057202288,19.833593343733,50.754030161206,,,MULTICHOICE,,Which graph has a line that represents the best fit for the recorded data?,"Four scatter plots labeled A, B, C, and D, each displaying the same set of data points showing a positive linear trend. Graph A: line of best fit connects only the uppermost data points, positioned too high above the cluster. Graph B: a horizontal line is drawn at the middle y-value, horizontally splitting the data rather than following its trend. Graph C: line of best fit connects only the lowermost data points, positioned too low below the cluster. Graph D: the line runs diagonally through the middle of the data, closely following the upward trend of the points from lower-left to upper-right.",Graph A,"Student chose a line of best fit that connects the uppermost points, but that does not fit a majority of the data.",Graph B,"Student chose a line of best fit that ""splits"" the data horizontally, so that about half of the data points fall above the line and about half of the data points fall below the line.",Graph C,"Student chose a line of best fit that connects the lowermost points, but that does not fit a majority of the data.",Graph D,Correct.,,,,,,,,"Student chose a line of best fit that connects the lowermost points, but that does not fit a majority of the data.",Informally fit a straight line to model a data set
MATH-00751,8,i112797,Interim_eedi,q102313,B,C,9402.0,24.664964901084,32.397362263348,26.866624122527,16.219953201446,,,MULTICHOICE,,Gokul records historical data for gasoline prices to the nearest five cents in the graph and draws a line of best fit. Which statement is true?,"Scatter plot titled ""Gasoline Prices Over Time."" The x-axis is labeled ""Time (in years)"" showing years from 1995 to 2004. The y-axis is labeled ""Gasoline Price (in dollars/gallon)"" ranging from approximately $1.10 to $1.75. Data points trend upward over time from about $1.15 in 1995 to about $1.75 in 2004. A drawn horizontal line sits at approximately $1.40 across the entire graph, which does not follow the upward trend of the data — it is not the correct line of best fit.","The line is not the line of best fit because it should pass through (1995, 1.15) and (2004, 1.75).","Student identified that the line of best fit is not correct, but thought that the line of best fit always goes through the first and last points of the data set.",The line is not the line of best fit because there could be a line drawn that would be closer to more points.,Correct.,The line is the line of best fit because it passes through points that are in the middle of the data set.,Student chose a statement that is not true because the line does not represent a majority of the data points.,The line is the line of best fit because half of the points are above the line and half of the points are below the line.,Student chose a statement that would be true if the line of best fit matched the trajectory of the points.,,,,,,,,Student chose a statement that is not true because the line does not represent a majority of the data points.,Informally assess the fit of a straight line used to model a data set by judging the closeness of the data points to the line
MATH-00753,8,i116542,Interim_eedi,q113877,B,C,2775.0,16.828828828828,46.918918918918,25.513513513513,10.882882882882,,,MULTICHOICE,,"A group of farmers collected data on the number of foxes and the number of rabbits seen on their properties per week. The scatter plot below shows the data they collected. The farmers used the equation y = -3x + 100 to model the data collected. Based on the equation, which statement is true?","Scatter plot titled ""Fox and Rabbit Sightings."" The x-axis is labeled ""Number of Foxes Seen per Week"" ranging from 0 to 9. The y-axis is labeled ""Number of Rabbits Seen per Week"" ranging from 0 to 110. Data points are scattered across the plot with rabbit sightings ranging from approximately 75 to 105 as fox sightings range from 1 to 8. There is a slight downward trend in the data.",Each additional fox is associated with 3 more rabbits.,"Student correctly identified the slope, but interpreted the relative decrease in the number of rabbits as an increase.",Each additional fox is associated with 3 fewer rabbits.,Correct.,Each additional fox is associated with 100 more rabbits.,Student interpreted the y-intercept as the slope and interpreted the relative decrease in the number of rabbits as an increase.,Each additional fox is associated with 100 fewer rabbits.,"Student interpreted the y-intercept as the slope, but did correctly identify a decrease in the number of rabbits, not an increase.",,,,,,,,Student interpreted the y-intercept as the slope and interpreted the relative decrease in the number of rabbits as an increase.,Interpret the slope of a line of best fit